worker_id,entity,country,department,job_level,role,category,points,contract_type,work_model,fte,annual_hours,base_pay,bonus,commission,shift_allowance,car_allowance,components,total_pay,hourly_base,hourly_total,receives_components,quartile,sex
W00001,PL · Kraków,PL,Customer Service,L2,Customer Service L2,Cat C,210,Permanent,Hybrid,1.0,2080,24050,0,0,0,0,0,24050,11.5625,11.5625,0,2,Women
W00002,PL · Kraków,PL,Sales,L1,Sales L1,Cat A,145,Permanent,Hybrid,1.0,2080,21800,0,3760,0,0,3760,25560,10.480769,12.288462,1,2,Men
W00003,ES · Barcelona,ES,Customer Service,L2,Customer Service L2,Cat C,210,Permanent,Hybrid,1.0,2080,29450,0,0,0,0,0,29450,14.158654,14.158654,0,2,Men
W00004,PL · Kraków,PL,Customer Service,L2,Customer Service L2,Cat C,210,Permanent,Remote,1.0,2080,26550,0,0,0,0,0,26550,12.764423,12.764423,0,2,Men
W00005,DE · Munich,DE,Operations,L1,Operations L1,Cat B,190,Permanent,Hybrid,1.0,2080,41350,0,0,0,0,0,41350,19.879808,19.879808,0,1,Men
W00006,PL · Kraków,PL,Customer Service,L6,Customer Service L6,Cat G,410,Permanent,Onsite,1.0,2080,77250,16730,0,0,4200,20930,98180,37.139423,47.201923,1,4,Men
W00007,IT · Milan,IT,Finance,L3,Finance L3,Cat D,255,Permanent,Hybrid,1.0,2080,42650,2390,0,0,0,2390,45040,20.504808,21.653846,1,3,Men
W00008,PL · Kraków,PL,Customer Service,L3,Customer Service L3,Cat D,280,Permanent,Remote,1.0,2080,31200,1430,0,0,0,1430,32630,15.0,15.6875,1,3,Men
W00009,DE · Munich,DE,HR,L2,HR L2,Cat B,185,Permanent,Onsite,1.0,2080,44900,0,0,0,0,0,44900,21.586538,21.586538,0,2,Women
W00010,PL · Kraków,PL,Customer Service,L1,Customer Service L1,Cat B,175,Permanent,Hybrid,1.0,2080,18550,0,0,0,0,0,18550,8.918269,8.918269,0,1,Women
W00011,DE · Munich,DE,Finance,L3,Finance L3,Cat D,255,Permanent,Onsite,1.0,2080,69750,1670,0,0,0,1670,71420,33.533654,34.336538,1,3,Women
W00013,IT · Milan,IT,Operations,L1,Operations L1,Cat B,190,Permanent,Onsite,1.0,2080,28100,0,0,1320,0,1320,29420,13.509615,14.144231,1,2,Women
W00014,IT · Milan,IT,Operations,L1,Operations L1,Cat B,190,Permanent,Onsite,1.0,2080,25550,0,0,1320,0,1320,26870,12.283654,12.918269,1,1,Women
W00015,PL · Kraków,PL,Operations,L3,Operations L3,Cat D,295,Permanent,Hybrid,1.0,2080,34300,0,0,0,0,0,34300,16.490385,16.490385,0,3,Men
W00016,PL · Kraków,PL,Operations,L1,Operations L1,Cat B,190,Fixed-term,Onsite,1.0,2080,15550,0,0,840,0,840,16390,7.475962,7.879808,1,1,Women
W00017,IT · Milan,IT,Customer Service,L1,Customer Service L1,Cat B,175,Permanent,Remote,1.0,2080,18550,0,0,0,0,0,18550,8.918269,8.918269,0,1,Women
W00018,IT · Milan,IT,HR,L1,HR L1,Cat A,115,Permanent,Remote,1.0,2080,23050,0,0,0,0,0,23050,11.081731,11.081731,0,1,Women
W00020,ES · Barcelona,ES,Sales,L4,Sales L4,Cat E,320,Fixed-term,Remote,1.0,2080,54850,5830,9240,0,0,15070,69920,26.370192,33.615385,1,4,Men
W00021,PL · Kraków,PL,Customer Service,L1,Customer Service L1,Cat B,175,Permanent,Remote,1.0,2080,17850,0,0,0,0,0,17850,8.581731,8.581731,0,1,Men
W00022,DE · Munich,DE,Operations,L3,Operations L3,Cat D,295,Permanent,Onsite,1.0,2080,60050,3100,0,1800,0,4900,64950,28.870192,31.225962,1,3,Men
W00023,PL · Kraków,PL,Tech,L1,Tech L1,Cat A,150,Permanent,Remote,0.8,1664,22480,0,0,0,0,0,22480,13.509615,13.509615,0,2,Men
W00025,IT · Milan,IT,Operations,L4,Operations L4,Cat E,335,Permanent,Onsite,1.0,2080,49050,3740,0,0,0,3740,52790,23.581731,25.379808,1,4,Women
W00027,ES · Barcelona,ES,Operations,L4,Operations L4,Cat E,335,Permanent,Onsite,1.0,2080,53400,2270,0,0,0,2270,55670,25.673077,26.764423,1,4,Men
W00028,PL · Kraków,PL,Customer Service,L1,Customer Service L1,Cat B,175,Permanent,Hybrid,1.0,2080,19600,0,0,0,0,0,19600,9.423077,9.423077,0,1,Men
W00029,ES · Barcelona,ES,Customer Service,L2,Customer Service L2,Cat C,210,Permanent,Hybrid,1.0,2080,27900,0,0,0,0,0,27900,13.413462,13.413462,0,1,Men
W00030,PL · Kraków,PL,Customer Service,L3,Customer Service L3,Cat D,280,Permanent,Hybrid,1.0,2080,32050,1530,0,0,0,1530,33580,15.408654,16.144231,1,3,Women
W00031,ES · Barcelona,ES,Operations,L4,Operations L4,Cat E,335,Permanent,Hybrid,1.0,2080,55850,4890,0,0,0,4890,60740,26.850962,29.201923,1,4,Men
W00032,IT · Milan,IT,HR,L2,HR L2,Cat B,185,Permanent,Onsite,1.0,2080,30000,0,0,0,0,0,30000,14.423077,14.423077,0,2,Women
W00033,PL · Kraków,PL,Finance,L1,Finance L1,Cat A,115,Permanent,Hybrid,1.0,2080,22300,0,0,0,0,0,22300,10.721154,10.721154,0,1,Men
W00035,IT · Milan,IT,Operations,L3,Operations L3,Cat D,295,Permanent,Hybrid,1.0,2080,42800,2180,0,0,0,2180,44980,20.576923,21.625,1,3,Men
W00036,DE · Munich,DE,Operations,L3,Operations L3,Cat D,295,Permanent,Onsite,1.0,2080,64350,3200,0,1800,0,5000,69350,30.9375,33.341346,1,3,Men
W00037,PL · Kraków,PL,Operations,L2,Operations L2,Cat C,225,Permanent,Hybrid,1.0,2080,23750,0,0,0,0,0,23750,11.418269,11.418269,0,2,Women
W00038,IT · Milan,IT,Customer Service,L1,Customer Service L1,Cat B,175,Permanent,Hybrid,1.0,2080,21500,0,0,0,0,0,21500,10.336538,10.336538,0,1,Women
W00039,IT · Milan,IT,Finance,L1,Finance L1,Cat A,115,Permanent,Remote,1.0,2080,31400,0,0,0,0,0,31400,15.096154,15.096154,0,2,Women
W00040,PL · Kraków,PL,Operations,L2,Operations L2,Cat C,225,Permanent,Onsite,1.0,2080,25400,0,0,840,0,840,26240,12.211538,12.615385,1,2,Men
W00041,PL · Kraków,PL,Tech,L2,Tech L2,Cat B,185,Permanent,Onsite,1.0,2080,25050,0,0,0,0,0,25050,12.043269,12.043269,0,2,Women
W00042,IT · Milan,IT,Customer Service,L2,Customer Service L2,Cat C,210,Permanent,Onsite,0.8,1664,25960,0,0,1056,0,1056,27016,15.600962,16.235577,1,2,Men
W00043,IT · Milan,IT,Tech,L4,Tech L4,Cat E,325,Permanent,Remote,1.0,2080,65050,5570,0,0,0,5570,70620,31.274038,33.951923,1,4,Men
W00044,PL · Kraków,PL,Operations,L3,Operations L3,Cat D,295,Permanent,Hybrid,1.0,2080,34100,810,0,0,0,810,34910,16.394231,16.783654,1,3,Men
W00045,IT · Milan,IT,Finance,L2,Finance L2,Cat B,185,Permanent,Remote,1.0,2080,34050,0,0,0,0,0,34050,16.370192,16.370192,0,2,Women
W00046,IT · Milan,IT,Tech,L2,Tech L2,Cat B,185,Fixed-term,Hybrid,1.0,2080,39350,0,0,0,0,0,39350,18.918269,18.918269,0,3,Women
W00047,IT · Milan,IT,Tech,L3,Tech L3,Cat D,255,Permanent,Hybrid,1.0,2080,45000,3660,0,0,0,3660,48660,21.634615,23.394231,1,3,Women
W00048,PL · Kraków,PL,Tech,L2,Tech L2,Cat B,185,Permanent,Hybrid,1.0,2080,34850,0,0,0,0,0,34850,16.754808,16.754808,0,3,Women
W00049,ES · Barcelona,ES,Customer Service,L5,Customer Service L5,Cat F,340,Permanent,Hybrid,1.0,2080,62050,11650,0,0,5400,17050,79100,29.831731,38.028846,1,4,Women
W00050,ES · Barcelona,ES,Finance,L4,Finance L4,Cat E,325,Permanent,Onsite,1.0,2080,54000,4610,0,0,0,4610,58610,25.961538,28.177885,1,4,Women
W00051,DE · Munich,DE,Customer Service,L1,Customer Service L1,Cat B,175,Permanent,Onsite,1.0,2080,31700,0,0,1800,0,1800,33500,15.240385,16.105769,1,1,Women
W00053,PL · Kraków,PL,HR,L4,HR L4,Cat E,325,Permanent,Hybrid,1.0,2080,52850,5910,0,0,0,5910,58760,25.408654,28.25,1,4,Women
W00054,ES · Barcelona,ES,Customer Service,L4,Customer Service L4,Cat E,320,Permanent,Hybrid,0.8,1664,32080,2560,0,0,0,2560,34640,19.278846,20.817308,1,3,Men
W00055,PL · Kraków,PL,Customer Service,L4,Customer Service L4,Cat E,320,Fixed-term,Remote,1.0,2080,38100,3920,0,0,0,3920,42020,18.317308,20.201923,1,4,Women
W00057,IT · Milan,IT,Operations,L3,Operations L3,Cat D,295,Permanent,Hybrid,1.0,2080,37050,1960,0,0,0,1960,39010,17.8125,18.754808,1,3,Women
W00058,PL · Kraków,PL,Operations,L1,Operations L1,Cat B,190,Permanent,Remote,1.0,2080,16650,0,0,0,0,0,16650,8.004808,8.004808,0,1,Men
W00059,DE · Munich,DE,Customer Service,L2,Customer Service L2,Cat C,210,Permanent,Hybrid,1.0,2080,41600,0,0,0,0,0,41600,20.0,20.0,0,1,Women
W00061,PL · Kraków,PL,Sales,L1,Sales L1,Cat A,145,Fixed-term,Onsite,1.0,2080,21550,0,4500,0,0,4500,26050,10.360577,12.524038,1,2,Men
W00062,IT · Milan,IT,Operations,L5,Operations L5,Cat F,340,Fixed-term,Remote,1.0,2080,71050,8620,0,0,6000,14620,85670,34.158654,41.1875,1,4,Women
W00063,IT · Milan,IT,Customer Service,L3,Customer Service L3,Cat D,280,Permanent,Onsite,1.0,2080,39750,2450,0,1320,0,3770,43520,19.110577,20.923077,1,3,Men
W00064,IT · Milan,IT,Operations,L2,Operations L2,Cat C,225,Permanent,Hybrid,0.8,1664,21360,0,0,0,0,0,21360,12.836538,12.836538,0,1,Women
W00066,PL · Kraków,PL,Sales,L3,Sales L3,Cat D,285,Permanent,Onsite,1.0,2080,32950,1540,4490,0,0,6030,38980,15.841346,18.740385,1,3,Men
W00067,IT · Milan,IT,Customer Service,L3,Customer Service L3,Cat D,280,Permanent,Hybrid,1.0,2080,40950,2190,0,0,0,2190,43140,19.6875,20.740385,1,3,Women
W00068,PL · Kraków,PL,Tech,L2,Tech L2,Cat B,185,Permanent,Onsite,0.8,1664,26880,0,0,0,0,0,26880,16.153846,16.153846,0,3,Men
W00069,IT · Milan,IT,HR,L3,HR L3,Cat D,255,Permanent,Remote,1.0,2080,43150,2670,0,0,0,2670,45820,20.745192,22.028846,1,3,Men
W00070,ES · Barcelona,ES,Tech,L3,Tech L3,Cat D,255,Permanent,Onsite,1.0,2080,59300,2680,0,0,0,2680,61980,28.509615,29.798077,1,4,Men
W00072,DE · Munich,DE,Tech,L1,Tech L1,Cat A,150,Permanent,Remote,1.0,2080,41350,0,0,0,0,0,41350,19.879808,19.879808,0,1,Men
W00073,PL · Kraków,PL,Sales,L3,Sales L3,Cat D,285,Permanent,Onsite,1.0,2080,30950,1390,2650,0,0,4040,34990,14.879808,16.822115,1,3,Women
W00074,PL · Kraków,PL,Sales,L3,Sales L3,Cat D,285,Fixed-term,Hybrid,1.0,2080,30000,1480,5260,0,0,6740,36740,14.423077,17.663462,1,3,Women
W00075,PL · Kraków,PL,Finance,L2,Finance L2,Cat B,185,Permanent,Hybrid,1.0,2080,30200,0,0,0,0,0,30200,14.519231,14.519231,0,3,Men
W00076,IT · Milan,IT,Operations,L5,Operations L5,Cat F,340,Permanent,Onsite,1.0,2080,79400,9650,0,0,6000,15650,95050,38.173077,45.697115,1,4,Men
W00077,PL · Kraków,PL,Operations,L1,Operations L1,Cat B,190,Permanent,Hybrid,1.0,2080,21350,0,0,0,0,0,21350,10.264423,10.264423,0,1,Women
W00078,PL · Kraków,PL,Customer Service,L1,Customer Service L1,Cat B,175,Permanent,Hybrid,1.0,2080,20750,0,0,0,0,0,20750,9.975962,9.975962,0,1,Men
W00079,DE · Munich,DE,Operations,L4,Operations L4,Cat E,335,Permanent,Hybrid,1.0,2080,69000,5350,0,0,0,5350,74350,33.173077,35.745192,1,4,Women
W00081,IT · Milan,IT,HR,L2,HR L2,Cat B,185,Fixed-term,Hybrid,0.8,1664,26720,0,0,0,0,0,26720,16.057692,16.057692,0,2,Women
W00082,IT · Milan,IT,Customer Service,L5,Customer Service L5,Cat F,340,Permanent,Hybrid,1.0,2080,70850,10810,0,0,6000,16810,87660,34.0625,42.144231,1,4,Men
W00083,IT · Milan,IT,Customer Service,L2,Customer Service L2,Cat C,210,Permanent,Onsite,1.0,2080,27650,0,0,1320,0,1320,28970,13.293269,13.927885,1,2,Men
W00085,DE · Munich,DE,Customer Service,L3,Customer Service L3,Cat D,280,Permanent,Hybrid,0.8,1664,43960,2310,0,0,0,2310,46270,26.418269,27.80649,1,3,Women
W00086,DE · Munich,DE,Customer Service,L4,Customer Service L4,Cat E,320,Permanent,Onsite,1.0,2080,79200,3130,0,0,0,3130,82330,38.076923,39.581731,1,4,Women
W00088,IT · Milan,IT,Tech,L2,Tech L2,Cat B,185,Permanent,Hybrid,1.0,2080,38500,0,0,0,0,0,38500,18.509615,18.509615,0,3,Men
W00089,PL · Kraków,PL,Operations,L1,Operations L1,Cat B,190,Permanent,Hybrid,1.0,2080,21200,0,0,0,0,0,21200,10.192308,10.192308,0,1,Women
W00090,ES · Barcelona,ES,Operations,L1,Operations L1,Cat B,190,Fixed-term,Onsite,1.0,2080,19600,0,0,1200,0,1200,20800,9.423077,10.0,1,1,Men
W00091,DE · Munich,DE,Customer Service,L2,Customer Service L2,Cat C,210,Permanent,Onsite,1.0,2080,43950,0,0,1800,0,1800,45750,21.129808,21.995192,1,2,Women
W00092,PL · Kraków,PL,Sales,L4,Sales L4,Cat E,320,Permanent,Onsite,1.0,2080,46500,1930,5130,0,0,7060,53560,22.355769,25.75,1,4,Women
W00094,IT · Milan,IT,Tech,L3,Tech L3,Cat D,255,Permanent,Hybrid,1.0,2080,58800,2670,0,0,0,2670,61470,28.269231,29.552885,1,4,Men
W00095,PL · Kraków,PL,Tech,L2,Tech L2,Cat B,185,Permanent,Hybrid,1.0,2080,34200,0,0,0,0,0,34200,16.442308,16.442308,0,3,Women
W00096,IT · Milan,IT,Operations,L3,Operations L3,Cat D,295,Fixed-term,Hybrid,1.0,2080,41850,2910,0,0,0,2910,44760,20.120192,21.519231,1,3,Women
W00097,IT · Milan,IT,HR,L2,HR L2,Cat B,185,Permanent,Hybrid,1.0,2080,32950,0,0,0,0,0,32950,15.841346,15.841346,0,2,Men
W00098,PL · Kraków,PL,Finance,L3,Finance L3,Cat D,255,Permanent,Hybrid,1.0,2080,38600,2060,0,0,0,2060,40660,18.557692,19.548077,1,3,Men
W00099,PL · Kraków,PL,HR,L2,HR L2,Cat B,185,Permanent,Hybrid,1.0,2080,24450,0,0,0,0,0,24450,11.754808,11.754808,0,2,Women
W00100,ES · Barcelona,ES,Sales,L2,Sales L2,Cat C,215,Permanent,Hybrid,1.0,2080,33200,0,3190,0,0,3190,36390,15.961538,17.495192,1,3,Women
W00102,IT · Milan,IT,Operations,L1,Operations L1,Cat B,190,Permanent,Hybrid,1.0,2080,24250,0,0,0,0,0,24250,11.658654,11.658654,0,1,Men
W00103,ES · Barcelona,ES,Operations,L2,Operations L2,Cat C,225,Permanent,Hybrid,1.0,2080,31200,0,0,0,0,0,31200,15.0,15.0,0,2,Men
W00104,PL · Kraków,PL,Tech,L5,Tech L5,Cat F,340,Permanent,Hybrid,1.0,2080,72500,9110,0,0,4200,13310,85810,34.855769,41.254808,1,4,Men
W00105,PL · Kraków,PL,Customer Service,L2,Customer Service L2,Cat C,210,Fixed-term,Hybrid,1.0,2080,24950,0,0,0,0,0,24950,11.995192,11.995192,0,2,Men
W00106,IT · Milan,IT,HR,L5,HR L5,Cat F,340,Permanent,Onsite,1.0,2080,91750,10500,0,0,6000,16500,108250,44.110577,52.043269,1,4,Women
W00107,ES · Barcelona,ES,Customer Service,L4,Customer Service L4,Cat E,320,Fixed-term,Hybrid,1.0,2080,53750,3770,0,0,0,3770,57520,25.841346,27.653846,1,4,Women
W00108,PL · Kraków,PL,Tech,L2,Tech L2,Cat B,185,Permanent,Hybrid,1.0,2080,31800,0,0,0,0,0,31800,15.288462,15.288462,0,3,Men
W00111,DE · Munich,DE,Tech,L2,Tech L2,Cat B,185,Permanent,Onsite,1.0,2080,53350,0,0,0,0,0,53350,25.649038,25.649038,0,2,Men
W00112,ES · Barcelona,ES,Customer Service,L2,Customer Service L2,Cat C,210,Permanent,Onsite,1.0,2080,27850,0,0,1200,0,1200,29050,13.389423,13.966346,1,2,Women
W00113,DE · Munich,DE,Operations,L4,Operations L4,Cat E,335,Fixed-term,Remote,1.0,2080,77500,3320,0,0,0,3320,80820,37.259615,38.855769,1,4,Men
W00114,ES · Barcelona,ES,Operations,L4,Operations L4,Cat E,335,Permanent,Hybrid,1.0,2080,46900,3550,0,0,0,3550,50450,22.548077,24.254808,1,4,Men
W00115,IT · Milan,IT,Customer Service,L2,Customer Service L2,Cat C,210,Permanent,Remote,1.0,2080,30450,0,0,0,0,0,30450,14.639423,14.639423,0,2,Men
W00116,IT · Milan,IT,Customer Service,L3,Customer Service L3,Cat D,280,Permanent,Remote,1.0,2080,39100,2000,0,0,0,2000,41100,18.798077,19.759615,1,3,Women
W00117,PL · Kraków,PL,Tech,L3,Tech L3,Cat D,255,Permanent,Onsite,1.0,2080,41050,2190,0,0,0,2190,43240,19.735577,20.788462,1,4,Women
W00118,DE · Munich,DE,Operations,L2,Operations L2,Cat C,225,Permanent,Onsite,1.0,2080,46300,0,0,1800,0,1800,48100,22.259615,23.125,1,2,Men
W00119,IT · Milan,IT,Customer Service,L3,Customer Service L3,Cat D,280,Permanent,Hybrid,1.0,2080,39500,2540,0,0,0,2540,42040,18.990385,20.211538,1,3,Men
W00120,IT · Milan,IT,Finance,L2,Finance L2,Cat B,185,Fixed-term,Onsite,1.0,2080,33800,0,0,0,0,0,33800,16.25,16.25,0,2,Men
W00121,PL · Kraków,PL,Operations,L2,Operations L2,Cat C,225,Permanent,Hybrid,1.0,2080,21050,0,0,0,0,0,21050,10.120192,10.120192,0,1,Women
W00122,PL · Kraków,PL,Customer Service,L2,Customer Service L2,Cat C,210,Permanent,Onsite,1.0,2080,26700,0,0,840,0,840,27540,12.836538,13.240385,1,2,Women
W00123,IT · Milan,IT,Finance,L6,Finance L6,Cat G,410,Permanent,Remote,1.0,2080,103450,20840,0,0,6000,26840,130290,49.735577,62.639423,1,4,Men
W00124,PL · Kraków,PL,Tech,L3,Tech L3,Cat D,255,Permanent,Hybrid,1.0,2080,43500,2050,0,0,0,2050,45550,20.913462,21.899038,1,4,Men
W00125,PL · Kraków,PL,Customer Service,L3,Customer Service L3,Cat D,280,Fixed-term,Hybrid,1.0,2080,31400,1470,0,0,0,1470,32870,15.096154,15.802885,1,3,Women
W00126,PL · Kraków,PL,Tech,L1,Tech L1,Cat A,150,Fixed-term,Remote,1.0,2080,29450,0,0,0,0,0,29450,14.158654,14.158654,0,2,Women
W00127,ES · Barcelona,ES,Tech,L2,Tech L2,Cat B,185,Permanent,Onsite,1.0,2080,39200,0,0,0,0,0,39200,18.846154,18.846154,0,3,Men
W00130,PL · Kraków,PL,Sales,L2,Sales L2,Cat C,215,Permanent,Hybrid,1.0,2080,25000,0,3320,0,0,3320,28320,12.019231,13.615385,1,2,Women
W00131,ES · Barcelona,ES,Customer Service,L2,Customer Service L2,Cat C,210,Permanent,Hybrid,1.0,2080,31000,0,0,0,0,0,31000,14.903846,14.903846,0,2,Men
W00132,IT · Milan,IT,Customer Service,L3,Customer Service L3,Cat D,280,Fixed-term,Hybrid,1.0,2080,38750,2640,0,0,0,2640,41390,18.629808,19.899038,1,3,Men
W00133,PL · Kraków,PL,Sales,L2,Sales L2,Cat C,215,Permanent,Hybrid,1.0,2080,27150,0,4930,0,0,4930,32080,13.052885,15.423077,1,3,Women
W00134,DE · Munich,DE,Tech,L5,Tech L5,Cat F,340,Permanent,Onsite,1.0,2080,151500,18400,0,0,7200,25600,177100,72.836538,85.144231,1,4,Men
W00135,PL · Kraków,PL,Operations,L3,Operations L3,Cat D,295,Permanent,Remote,1.0,2080,31550,820,0,0,0,820,32370,15.168269,15.5625,1,3,Men
W00136,DE · Munich,DE,Customer Service,L6,Customer Service L6,Cat G,410,Permanent,Hybrid,1.0,2080,138500,25900,0,0,7200,33100,171600,66.586538,82.5,1,4,Men
W00137,PL · Kraków,PL,Operations,L1,Operations L1,Cat B,190,Permanent,Onsite,0.8,1664,14760,0,0,672,0,672,15432,8.870192,9.274038,1,1,Women
W00138,IT · Milan,IT,Sales,L1,Sales L1,Cat A,145,Fixed-term,Hybrid,0.8,1664,20960,0,4190,0,0,4190,25150,12.596154,15.114183,1,2,Women
W00142,ES · Barcelona,ES,Operations,L1,Operations L1,Cat B,190,Permanent,Hybrid,1.0,2080,25950,0,0,0,0,0,25950,12.475962,12.475962,0,1,Women
W00143,IT · Milan,IT,Operations,L3,Operations L3,Cat D,295,Permanent,Onsite,1.0,2080,37950,1940,0,1320,0,3260,41210,18.245192,19.8125,1,3,Men
W00144,IT · Milan,IT,Finance,L1,Finance L1,Cat A,115,Permanent,Onsite,1.0,2080,27100,0,0,0,0,0,27100,13.028846,13.028846,0,1,Women
W00145,IT · Milan,IT,Customer Service,L1,Customer Service L1,Cat B,175,Permanent,Remote,1.0,2080,24750,0,0,0,0,0,24750,11.899038,11.899038,0,1,Women
W00146,DE · Munich,DE,Sales,L1,Sales L1,Cat A,145,Fixed-term,Hybrid,1.0,2080,38250,0,4910,0,0,4910,43160,18.389423,20.75,1,2,Women
W00147,ES · Barcelona,ES,Operations,L5,Operations L5,Cat F,340,Permanent,Onsite,1.0,2080,61500,9580,0,0,5400,14980,76480,29.567308,36.769231,1,4,Men
W00148,IT · Milan,IT,Tech,L1,Tech L1,Cat A,150,Permanent,Hybrid,1.0,2080,36300,0,0,0,0,0,36300,17.451923,17.451923,0,2,Men
W00150,IT · Milan,IT,Tech,L2,Tech L2,Cat B,185,Fixed-term,Hybrid,1.0,2080,36750,0,0,0,0,0,36750,17.668269,17.668269,0,2,Women
W00151,DE · Munich,DE,Sales,L1,Sales L1,Cat A,145,Fixed-term,Onsite,1.0,2080,40250,0,5990,0,0,5990,46240,19.350962,22.230769,1,2,Men
W00152,IT · Milan,IT,Customer Service,L3,Customer Service L3,Cat D,280,Permanent,Onsite,1.0,2080,39450,2660,0,1320,0,3980,43430,18.966346,20.879808,1,3,Women
W00153,PL · Kraków,PL,Sales,L2,Sales L2,Cat C,215,Permanent,Remote,1.0,2080,31200,0,3990,0,0,3990,35190,15.0,16.918269,1,3,Women
W00154,PL · Kraków,PL,Tech,L1,Tech L1,Cat A,150,Permanent,Onsite,1.0,2080,27050,0,0,0,0,0,27050,13.004808,13.004808,0,2,Women
W00155,PL · Kraków,PL,Tech,L2,Tech L2,Cat B,185,Permanent,Onsite,1.0,2080,36400,0,0,0,0,0,36400,17.5,17.5,0,3,Women
W00156,ES · Barcelona,ES,Customer Service,L3,Customer Service L3,Cat D,280,Permanent,Remote,1.0,2080,31750,1490,0,0,0,1490,33240,15.264423,15.980769,1,2,Women
W00157,IT · Milan,IT,Finance,L3,Finance L3,Cat D,255,Permanent,Hybrid,1.0,2080,45350,2500,0,0,0,2500,47850,21.802885,23.004808,1,3,Women
W00158,ES · Barcelona,ES,Tech,L1,Tech L1,Cat A,150,Fixed-term,Remote,1.0,2080,29250,0,0,0,0,0,29250,14.0625,14.0625,0,2,Men
W00159,PL · Kraków,PL,Operations,L3,Operations L3,Cat D,295,Permanent,Hybrid,1.0,2080,29250,1950,0,0,0,1950,31200,14.0625,15.0,1,3,Women
W00160,PL · Kraków,PL,Operations,L2,Operations L2,Cat C,225,Permanent,Remote,1.0,2080,25800,0,0,0,0,0,25800,12.403846,12.403846,0,2,Men
W00161,DE · Munich,DE,Finance,L5,Finance L5,Cat F,340,Permanent,Remote,1.0,2080,150550,18010,0,0,7200,25210,175760,72.379808,84.5,1,4,Women
W00162,PL · Kraków,PL,Finance,L2,Finance L2,Cat B,185,Permanent,Remote,1.0,2080,31200,0,0,0,0,0,31200,15.0,15.0,0,3,Men
W00163,DE · Munich,DE,Operations,L2,Operations L2,Cat C,225,Fixed-term,Hybrid,1.0,2080,44850,0,0,0,0,0,44850,21.5625,21.5625,0,2,Women
W00164,IT · Milan,IT,Sales,L2,Sales L2,Cat C,215,Permanent,Hybrid,1.0,2080,36300,0,3880,0,0,3880,40180,17.451923,19.317308,1,3,Men
W00165,DE · Munich,DE,Customer Service,L2,Customer Service L2,Cat C,210,Permanent,Remote,1.0,2080,41850,0,0,0,0,0,41850,20.120192,20.120192,0,1,Men
W00166,IT · Milan,IT,Tech,L4,Tech L4,Cat E,325,Permanent,Onsite,1.0,2080,69650,0,0,0,0,0,69650,33.485577,33.485577,0,4,Women
W00167,IT · Milan,IT,Customer Service,L4,Customer Service L4,Cat E,320,Permanent,Hybrid,1.0,2080,46350,3660,0,0,0,3660,50010,22.283654,24.043269,1,3,Women
W00170,IT · Milan,IT,Operations,L3,Operations L3,Cat D,295,Permanent,Remote,1.0,2080,38150,1870,0,0,0,1870,40020,18.341346,19.240385,1,3,Women
W00172,IT · Milan,IT,Sales,L3,Sales L3,Cat D,285,Permanent,Hybrid,1.0,2080,44900,2740,5700,0,0,8440,53340,21.586538,25.644231,1,4,Men
W00173,DE · Munich,DE,Operations,L3,Operations L3,Cat D,295,Permanent,Onsite,1.0,2080,62550,4700,0,1800,0,6500,69050,30.072115,33.197115,1,3,Women
W00174,IT · Milan,IT,Sales,L1,Sales L1,Cat A,145,Permanent,Hybrid,0.8,1664,18200,0,2620,0,0,2620,20820,10.9375,12.512019,1,1,Men
W00175,PL · Kraków,PL,Operations,L1,Operations L1,Cat B,190,Permanent,Onsite,1.0,2080,20600,0,0,840,0,840,21440,9.903846,10.307692,1,1,Women
W00176,ES · Barcelona,ES,Customer Service,L1,Customer Service L1,Cat B,175,Permanent,Hybrid,1.0,2080,22350,0,0,0,0,0,22350,10.745192,10.745192,0,1,Women
W00177,PL · Kraków,PL,Tech,L5,Tech L5,Cat F,340,Permanent,Hybrid,0.8,1664,58400,6860,0,0,4200,11060,69460,35.096154,41.742788,1,4,Men
W00178,IT · Milan,IT,Customer Service,L1,Customer Service L1,Cat B,175,Permanent,Hybrid,1.0,2080,25600,0,0,0,0,0,25600,12.307692,12.307692,0,1,Men
W00180,PL · Kraków,PL,Customer Service,L4,Customer Service L4,Cat E,320,Fixed-term,Hybrid,1.0,2080,40700,3440,0,0,0,3440,44140,19.567308,21.221154,1,4,Men
W00181,DE · Munich,DE,Customer Service,L4,Customer Service L4,Cat E,320,Permanent,Hybrid,1.0,2080,74900,5840,0,0,0,5840,80740,36.009615,38.817308,1,4,Women
W00182,PL · Kraków,PL,Operations,L2,Operations L2,Cat C,225,Permanent,Onsite,1.0,2080,24750,0,0,840,0,840,25590,11.899038,12.302885,1,2,Women
W00183,IT · Milan,IT,Customer Service,L1,Customer Service L1,Cat B,175,Permanent,Hybrid,1.0,2080,24300,0,0,0,0,0,24300,11.682692,11.682692,0,1,Women
W00184,DE · Munich,DE,HR,L1,HR L1,Cat A,115,Permanent,Hybrid,1.0,2080,40650,0,0,0,0,0,40650,19.543269,19.543269,0,1,Women
W00185,IT · Milan,IT,Operations,L2,Operations L2,Cat C,225,Permanent,Hybrid,1.0,2080,29950,0,0,0,0,0,29950,14.399038,14.399038,0,2,Women
W00186,PL · Kraków,PL,HR,L3,HR L3,Cat D,255,Permanent,Hybrid,1.0,2080,33050,0,0,0,0,0,33050,15.889423,15.889423,0,3,Women
W00187,IT · Milan,IT,Customer Service,L1,Customer Service L1,Cat B,175,Fixed-term,Onsite,1.0,2080,23350,0,0,1320,0,1320,24670,11.225962,11.860577,1,1,Women
W00189,DE · Munich,DE,Operations,L2,Operations L2,Cat C,225,Fixed-term,Onsite,1.0,2080,41050,0,0,1800,0,1800,42850,19.735577,20.600962,1,2,Women
W00190,DE · Munich,DE,Tech,L6,Tech L6,Cat G,410,Permanent,Onsite,1.0,2080,191400,37280,0,0,7200,44480,235880,92.019231,113.403846,1,4,Men
W00191,IT · Milan,IT,Tech,L2,Tech L2,Cat B,185,Permanent,Hybrid,1.0,2080,38800,0,0,0,0,0,38800,18.653846,18.653846,0,3,Women
W00192,PL · Kraków,PL,Customer Service,L2,Customer Service L2,Cat C,210,Permanent,Hybrid,1.0,2080,22750,0,0,0,0,0,22750,10.9375,10.9375,0,1,Men
W00193,PL · Kraków,PL,HR,L4,HR L4,Cat E,325,Fixed-term,Onsite,1.0,2080,42100,3370,0,0,0,3370,45470,20.240385,21.860577,1,4,Men
W00194,PL · Kraków,PL,Sales,L1,Sales L1,Cat A,145,Permanent,Hybrid,1.0,2080,22950,0,3170,0,0,3170,26120,11.033654,12.557692,1,2,Men
W00195,IT · Milan,IT,Sales,L2,Sales L2,Cat C,215,Permanent,Onsite,1.0,2080,35350,0,4050,0,0,4050,39400,16.995192,18.942308,1,3,Women
W00196,DE · Munich,DE,Customer Service,L4,Customer Service L4,Cat E,320,Fixed-term,Onsite,1.0,2080,65950,5330,0,0,0,5330,71280,31.706731,34.269231,1,3,Men
W00197,PL · Kraków,PL,Customer Service,L1,Customer Service L1,Cat B,175,Fixed-term,Onsite,1.0,2080,16550,0,0,840,0,840,17390,7.956731,8.360577,1,1,Men
W00198,PL · Kraków,PL,Customer Service,L4,Customer Service L4,Cat E,320,Permanent,Remote,1.0,2080,40100,3410,0,0,0,3410,43510,19.278846,20.918269,1,4,Women
W00199,DE · Munich,DE,Operations,L1,Operations L1,Cat B,190,Permanent,Hybrid,1.0,2080,33300,0,0,0,0,0,33300,16.009615,16.009615,0,1,Women
W00200,IT · Milan,IT,Customer Service,L1,Customer Service L1,Cat B,175,Permanent,Hybrid,1.0,2080,20250,0,0,0,0,0,20250,9.735577,9.735577,0,1,Women
W00201,PL · Kraków,PL,Operations,L1,Operations L1,Cat B,190,Permanent,Hybrid,1.0,2080,17850,0,0,0,0,0,17850,8.581731,8.581731,0,1,Women
W00202,DE · Munich,DE,Tech,L1,Tech L1,Cat A,150,Permanent,Remote,1.0,2080,36950,0,0,0,0,0,36950,17.764423,17.764423,0,1,Women
W00203,DE · Munich,DE,Sales,L1,Sales L1,Cat A,145,Permanent,Hybrid,0.8,1664,35120,0,3700,0,0,3700,38820,21.105769,23.329327,1,2,Men
W00205,IT · Milan,IT,Operations,L2,Operations L2,Cat C,225,Permanent,Onsite,1.0,2080,31800,0,0,1320,0,1320,33120,15.288462,15.923077,1,2,Men
W00206,PL · Kraków,PL,Customer Service,L1,Customer Service L1,Cat B,175,Permanent,Onsite,1.0,2080,20400,0,0,840,0,840,21240,9.807692,10.211538,1,1,Women
W00208,DE · Munich,DE,Tech,L3,Tech L3,Cat D,255,Permanent,Hybrid,1.0,2080,78550,4850,0,0,0,4850,83400,37.764423,40.096154,1,4,Men
W00209,DE · Munich,DE,Customer Service,L3,Customer Service L3,Cat D,280,Permanent,Remote,1.0,2080,50200,1220,0,0,0,1220,51420,24.134615,24.721154,1,2,Men
W00212,ES · Barcelona,ES,Tech,L1,Tech L1,Cat A,150,Fixed-term,Onsite,1.0,2080,30350,0,0,0,0,0,30350,14.591346,14.591346,0,2,Women
W00213,IT · Milan,IT,Tech,L5,Tech L5,Cat F,340,Permanent,Remote,1.0,2080,101400,12990,0,0,6000,18990,120390,48.75,57.879808,1,4,Men
W00215,PL · Kraków,PL,HR,L1,HR L1,Cat A,115,Permanent,Hybrid,1.0,2080,19850,0,0,0,0,0,19850,9.543269,9.543269,0,1,Men
W00216,PL · Kraków,PL,Operations,L1,Operations L1,Cat B,190,Permanent,Onsite,1.0,2080,17850,0,0,840,0,840,18690,8.581731,8.985577,1,1,Women
W00217,ES · Barcelona,ES,Customer Service,L1,Customer Service L1,Cat B,175,Fixed-term,Onsite,1.0,2080,22200,0,0,1200,0,1200,23400,10.673077,11.25,1,1,Men
W00218,IT · Milan,IT,Operations,L5,Operations L5,Cat F,340,Permanent,Onsite,1.0,2080,80550,11860,0,0,6000,17860,98410,38.725962,47.3125,1,4,Women
W00220,DE · Munich,DE,Operations,L3,Operations L3,Cat D,295,Permanent,Onsite,0.8,1664,51240,2920,0,1440,0,4360,55600,30.793269,33.413462,1,3,Men
W00222,IT · Milan,IT,Tech,L2,Tech L2,Cat B,185,Permanent,Hybrid,1.0,2080,42400,0,0,0,0,0,42400,20.384615,20.384615,0,3,Men
W00223,ES · Barcelona,ES,Finance,L5,Finance L5,Cat F,340,Permanent,Remote,0.8,1664,69080,8610,0,0,5400,14010,83090,41.514423,49.933894,1,4,Men
W00224,IT · Milan,IT,Operations,L2,Operations L2,Cat C,225,Permanent,Hybrid,1.0,2080,34350,0,0,0,0,0,34350,16.514423,16.514423,0,2,Men
W00226,DE · Munich,DE,Tech,L3,Tech L3,Cat D,255,Fixed-term,Onsite,1.0,2080,61400,3570,0,0,0,3570,64970,29.519231,31.235577,1,3,Women
W00227,PL · Kraków,PL,Tech,L4,Tech L4,Cat E,325,Permanent,Remote,1.0,2080,61850,6140,0,0,0,6140,67990,29.735577,32.6875,1,4,Men
W00228,IT · Milan,IT,Customer Service,L1,Customer Service L1,Cat B,175,Fixed-term,Hybrid,1.0,2080,24250,0,0,0,0,0,24250,11.658654,11.658654,0,1,Men
W00229,IT · Milan,IT,Tech,L2,Tech L2,Cat B,185,Permanent,Hybrid,1.0,2080,45300,0,0,0,0,0,45300,21.778846,21.778846,0,3,Men
W00230,PL · Kraków,PL,Customer Service,L1,Customer Service L1,Cat B,175,Permanent,Hybrid,0.8,1664,13360,0,0,0,0,0,13360,8.028846,8.028846,0,1,Women
W00231,PL · Kraków,PL,Customer Service,L3,Customer Service L3,Cat D,280,Fixed-term,Onsite,1.0,2080,30200,1690,0,840,0,2530,32730,14.519231,15.735577,1,3,Women
W00232,PL · Kraków,PL,Operations,L1,Operations L1,Cat B,190,Permanent,Hybrid,1.0,2080,17200,0,0,0,0,0,17200,8.269231,8.269231,0,1,Women
W00233,ES · Barcelona,ES,Operations,L2,Operations L2,Cat C,225,Permanent,Onsite,1.0,2080,24750,0,0,1200,0,1200,25950,11.899038,12.475962,1,1,Women
W00234,PL · Kraków,PL,Operations,L4,Operations L4,Cat E,335,Permanent,Onsite,1.0,2080,46200,1850,0,0,0,1850,48050,22.211538,23.100962,1,4,Men
W00235,IT · Milan,IT,Finance,L2,Finance L2,Cat B,185,Permanent,Onsite,1.0,2080,35750,0,0,0,0,0,35750,17.1875,17.1875,0,2,Women
W00236,PL · Kraków,PL,Tech,L3,Tech L3,Cat D,255,Permanent,Hybrid,1.0,2080,42150,2080,0,0,0,2080,44230,20.264423,21.264423,1,4,Men
W00237,DE · Munich,DE,Sales,L2,Sales L2,Cat C,215,Permanent,Hybrid,1.0,2080,40950,0,5740,0,0,5740,46690,19.6875,22.447115,1,2,Men
W00238,IT · Milan,IT,Customer Service,L2,Customer Service L2,Cat C,210,Permanent,Remote,1.0,2080,29550,0,0,0,0,0,29550,14.206731,14.206731,0,2,Men
W00240,DE · Munich,DE,Finance,L2,Finance L2,Cat B,185,Permanent,Remote,1.0,2080,59850,0,0,0,0,0,59850,28.774038,28.774038,0,3,Men
W00241,ES · Barcelona,ES,Sales,L5,Sales L5,Cat F,340,Permanent,Hybrid,1.0,2080,83550,12360,11320,0,5400,29080,112630,40.168269,54.149038,1,4,Men
W00242,PL · Kraków,PL,Sales,L1,Sales L1,Cat A,145,Permanent,Hybrid,1.0,2080,22900,0,3860,0,0,3860,26760,11.009615,12.865385,1,2,Men
W00243,ES · Barcelona,ES,Customer Service,L5,Customer Service L5,Cat F,340,Permanent,Remote,1.0,2080,71500,11480,0,0,5400,16880,88380,34.375,42.490385,1,4,Men
W00245,DE · Munich,DE,Operations,L2,Operations L2,Cat C,225,Permanent,Hybrid,1.0,2080,47700,0,0,0,0,0,47700,22.932692,22.932692,0,2,Women
W00246,IT · Milan,IT,Customer Service,L5,Customer Service L5,Cat F,340,Fixed-term,Hybrid,1.0,2080,70900,8990,0,0,6000,14990,85890,34.086538,41.293269,1,4,Women
W00247,IT · Milan,IT,Operations,L2,Operations L2,Cat C,225,Fixed-term,Onsite,0.8,1664,25480,0,0,1056,0,1056,26536,15.3125,15.947115,1,2,Women
W00248,IT · Milan,IT,Customer Service,L1,Customer Service L1,Cat B,175,Fixed-term,Hybrid,1.0,2080,25550,0,0,0,0,0,25550,12.283654,12.283654,0,1,Women
W00252,ES · Barcelona,ES,Operations,L1,Operations L1,Cat B,190,Fixed-term,Hybrid,1.0,2080,24500,0,0,0,0,0,24500,11.778846,11.778846,0,1,Men
W00254,PL · Kraków,PL,Sales,L1,Sales L1,Cat A,145,Permanent,Hybrid,1.0,2080,22250,0,2590,0,0,2590,24840,10.697115,11.942308,1,2,Women
W00255,PL · Kraków,PL,Customer Service,L3,Customer Service L3,Cat D,280,Permanent,Onsite,1.0,2080,28800,1500,0,840,0,2340,31140,13.846154,14.971154,1,3,Women
W00258,IT · Milan,IT,Operations,L1,Operations L1,Cat B,190,Permanent,Hybrid,1.0,2080,25400,0,0,0,0,0,25400,12.211538,12.211538,0,1,Men
W00259,DE · Munich,DE,Sales,L2,Sales L2,Cat C,215,Permanent,Onsite,1.0,2080,47900,0,9370,0,0,9370,57270,23.028846,27.533654,1,3,Women
W00260,IT · Milan,IT,Customer Service,L4,Customer Service L4,Cat E,320,Permanent,Remote,1.0,2080,50600,4190,0,0,0,4190,54790,24.326923,26.341346,1,4,Men
W00261,PL · Kraków,PL,Operations,L2,Operations L2,Cat C,225,Permanent,Remote,1.0,2080,23050,0,0,0,0,0,23050,11.081731,11.081731,0,1,Men
W00262,PL · Kraków,PL,Sales,L2,Sales L2,Cat C,215,Permanent,Hybrid,1.0,2080,29800,0,3570,0,0,3570,33370,14.326923,16.043269,1,3,Men
W00264,ES · Barcelona,ES,Customer Service,L2,Customer Service L2,Cat C,210,Permanent,Hybrid,1.0,2080,26100,0,0,0,0,0,26100,12.548077,12.548077,0,1,Women
W00265,PL · Kraków,PL,Tech,L2,Tech L2,Cat B,185,Permanent,Hybrid,1.0,2080,31800,0,0,0,0,0,31800,15.288462,15.288462,0,3,Men
W00267,DE · Munich,DE,Operations,L3,Operations L3,Cat D,295,Permanent,Hybrid,1.0,2080,63200,3420,0,0,0,3420,66620,30.384615,32.028846,1,3,Men
W00269,PL · Kraków,PL,Tech,L5,Tech L5,Cat F,340,Fixed-term,Hybrid,1.0,2080,64450,7540,0,0,4200,11740,76190,30.985577,36.629808,1,4,Women
W00270,PL · Kraków,PL,Operations,L4,Operations L4,Cat E,335,Permanent,Hybrid,1.0,2080,38500,4060,0,0,0,4060,42560,18.509615,20.461538,1,4,Men
W00271,IT · Milan,IT,Tech,L3,Tech L3,Cat D,255,Permanent,Onsite,1.0,2080,57650,2880,0,0,0,2880,60530,27.716346,29.100962,1,4,Women
W00272,PL · Kraków,PL,Customer Service,L2,Customer Service L2,Cat C,210,Fixed-term,Hybrid,1.0,2080,22600,0,0,0,0,0,22600,10.865385,10.865385,0,1,Men
W00274,IT · Milan,IT,Operations,L4,Operations L4,Cat E,335,Permanent,Hybrid,1.0,2080,51100,4320,0,0,0,4320,55420,24.567308,26.644231,1,4,Men
W00275,PL · Kraków,PL,Sales,L2,Sales L2,Cat C,215,Permanent,Onsite,1.0,2080,26500,0,2240,0,0,2240,28740,12.740385,13.817308,1,2,Women
W00276,IT · Milan,IT,Customer Service,L2,Customer Service L2,Cat C,210,Permanent,Remote,1.0,2080,31550,0,0,0,0,0,31550,15.168269,15.168269,0,2,Men
W00277,ES · Barcelona,ES,Operations,L3,Operations L3,Cat D,295,Fixed-term,Hybrid,1.0,2080,39150,2080,0,0,0,2080,41230,18.822115,19.822115,1,3,Men
W00278,PL · Kraków,PL,Operations,L3,Operations L3,Cat D,295,Fixed-term,Remote,1.0,2080,34850,1650,0,0,0,1650,36500,16.754808,17.548077,1,3,Women
W00279,DE · Munich,DE,Operations,L3,Operations L3,Cat D,295,Permanent,Onsite,1.0,2080,57550,1410,0,1800,0,3210,60760,27.668269,29.211538,1,3,Men
W00280,PL · Kraków,PL,Sales,L2,Sales L2,Cat C,215,Permanent,Onsite,1.0,2080,27300,0,2970,0,0,2970,30270,13.125,14.552885,1,3,Women
W00281,ES · Barcelona,ES,HR,L2,HR L2,Cat B,185,Permanent,Onsite,1.0,2080,30900,0,0,0,0,0,30900,14.855769,14.855769,0,2,Men
W00283,DE · Munich,DE,Customer Service,L1,Customer Service L1,Cat B,175,Permanent,Hybrid,1.0,2080,37350,0,0,0,0,0,37350,17.956731,17.956731,0,1,Women
W00284,DE · Munich,DE,Tech,L2,Tech L2,Cat B,185,Permanent,Onsite,1.0,2080,54000,0,0,0,0,0,54000,25.961538,25.961538,0,3,Men
W00285,PL · Kraków,PL,Finance,L3,Finance L3,Cat D,255,Permanent,Hybrid,1.0,2080,31850,1560,0,0,0,1560,33410,15.3125,16.0625,1,3,Women
W00287,PL · Kraków,PL,Sales,L2,Sales L2,Cat C,215,Fixed-term,Hybrid,1.0,2080,31550,0,6050,0,0,6050,37600,15.168269,18.076923,1,3,Men
W00288,ES · Barcelona,ES,Customer Service,L1,Customer Service L1,Cat B,175,Permanent,Hybrid,1.0,2080,24150,0,0,0,0,0,24150,11.610577,11.610577,0,1,Men
W00289,PL · Kraków,PL,Customer Service,L2,Customer Service L2,Cat C,210,Permanent,Hybrid,1.0,2080,24950,0,0,0,0,0,24950,11.995192,11.995192,0,2,Men
W00291,IT · Milan,IT,Finance,L2,Finance L2,Cat B,185,Permanent,Onsite,1.0,2080,29000,0,0,0,0,0,29000,13.942308,13.942308,0,2,Women
W00292,PL · Kraków,PL,HR,L2,HR L2,Cat B,185,Permanent,Hybrid,1.0,2080,22100,0,0,0,0,0,22100,10.625,10.625,0,1,Women
W00293,IT · Milan,IT,Tech,L2,Tech L2,Cat B,185,Permanent,Hybrid,1.0,2080,42200,0,0,0,0,0,42200,20.288462,20.288462,0,3,Women
W00294,PL · Kraków,PL,Customer Service,L1,Customer Service L1,Cat B,175,Permanent,Remote,1.0,2080,16850,0,0,0,0,0,16850,8.100962,8.100962,0,1,Women
W00295,IT · Milan,IT,Sales,L2,Sales L2,Cat C,215,Fixed-term,Remote,1.0,2080,31500,0,4170,0,0,4170,35670,15.144231,17.149038,1,2,Men
W00297,ES · Barcelona,ES,Operations,L1,Operations L1,Cat B,190,Permanent,Remote,1.0,2080,23500,0,0,0,0,0,23500,11.298077,11.298077,0,1,Women
W00298,DE · Munich,DE,Operations,L1,Operations L1,Cat B,190,Permanent,Onsite,1.0,2080,36250,0,0,1800,0,1800,38050,17.427885,18.293269,1,1,Men
W00300,IT · Milan,IT,Tech,L2,Tech L2,Cat B,185,Permanent,Remote,1.0,2080,37950,0,0,0,0,0,37950,18.245192,18.245192,0,3,Women
W00301,IT · Milan,IT,Sales,L4,Sales L4,Cat E,320,Permanent,Hybrid,1.0,2080,47700,3820,6830,0,0,10650,58350,22.932692,28.052885,1,4,Women
W00302,PL · Kraków,PL,Finance,L2,Finance L2,Cat B,185,Permanent,Hybrid,1.0,2080,30300,0,0,0,0,0,30300,14.567308,14.567308,0,3,Men
W00303,DE · Munich,DE,Sales,L2,Sales L2,Cat C,215,Permanent,Hybrid,1.0,2080,54550,0,6960,0,0,6960,61510,26.225962,29.572115,1,3,Men
W00304,PL · Kraków,PL,Operations,L3,Operations L3,Cat D,295,Permanent,Onsite,1.0,2080,32500,2220,0,840,0,3060,35560,15.625,17.096154,1,3,Women
W00305,DE · Munich,DE,Operations,L2,Operations L2,Cat C,225,Fixed-term,Hybrid,1.0,2080,41950,0,0,0,0,0,41950,20.168269,20.168269,0,1,Men
W00306,PL · Kraków,PL,Tech,L5,Tech L5,Cat F,340,Permanent,Remote,1.0,2080,73950,11550,0,0,4200,15750,89700,35.552885,43.125,1,4,Men
W00307,ES · Barcelona,ES,Customer Service,L2,Customer Service L2,Cat C,210,Permanent,Onsite,1.0,2080,29550,0,0,1200,0,1200,30750,14.206731,14.783654,1,2,Women
W00308,ES · Barcelona,ES,Tech,L1,Tech L1,Cat A,150,Fixed-term,Onsite,1.0,2080,27600,0,0,0,0,0,27600,13.269231,13.269231,0,1,Women
W00309,PL · Kraków,PL,Operations,L4,Operations L4,Cat E,335,Permanent,Onsite,1.0,2080,38000,4540,0,0,0,4540,42540,18.269231,20.451923,1,4,Men
W00310,PL · Kraków,PL,Sales,L1,Sales L1,Cat A,145,Permanent,Hybrid,1.0,2080,22400,0,3470,0,0,3470,25870,10.769231,12.4375,1,2,Men
W00311,PL · Kraków,PL,Finance,L2,Finance L2,Cat B,185,Permanent,Hybrid,1.0,2080,32150,0,0,0,0,0,32150,15.456731,15.456731,0,3,Women
W00312,IT · Milan,IT,Operations,L1,Operations L1,Cat B,190,Permanent,Onsite,1.0,2080,25050,0,0,1320,0,1320,26370,12.043269,12.677885,1,1,Women
W00313,PL · Kraków,PL,Finance,L3,Finance L3,Cat D,255,Fixed-term,Hybrid,1.0,2080,37000,840,0,0,0,840,37840,17.788462,18.192308,1,3,Men
W00314,ES · Barcelona,ES,Sales,L1,Sales L1,Cat A,145,Permanent,Hybrid,1.0,2080,27000,0,4140,0,0,4140,31140,12.980769,14.971154,1,2,Women
W00315,DE · Munich,DE,Operations,L2,Operations L2,Cat C,225,Permanent,Hybrid,1.0,2080,36650,0,0,0,0,0,36650,17.620192,17.620192,0,1,Men
W00316,PL · Kraków,PL,Customer Service,L1,Customer Service L1,Cat B,175,Permanent,Onsite,1.0,2080,16600,0,0,840,0,840,17440,7.980769,8.384615,1,1,Men
W00318,ES · Barcelona,ES,Tech,L5,Tech L5,Cat F,340,Fixed-term,Onsite,1.0,2080,97200,14080,0,0,5400,19480,116680,46.730769,56.096154,1,4,Men
W00319,IT · Milan,IT,Operations,L6,Operations L6,Cat G,410,Permanent,Hybrid,1.0,2080,96750,24630,0,0,6000,30630,127380,46.514423,61.240385,1,4,Men
W00321,PL · Kraków,PL,Finance,L4,Finance L4,Cat E,325,Fixed-term,Hybrid,1.0,2080,50550,4230,0,0,0,4230,54780,24.302885,26.336538,1,4,Men
W00322,ES · Barcelona,ES,Customer Service,L2,Customer Service L2,Cat C,210,Permanent,Hybrid,0.8,1664,21800,0,0,0,0,0,21800,13.100962,13.100962,0,1,Men
W00323,IT · Milan,IT,HR,L1,HR L1,Cat A,115,Fixed-term,Hybrid,1.0,2080,24150,0,0,0,0,0,24150,11.610577,11.610577,0,1,Women
W00324,DE · Munich,DE,Operations,L3,Operations L3,Cat D,295,Fixed-term,Hybrid,1.0,2080,59900,1390,0,0,0,1390,61290,28.798077,29.466346,1,3,Men
W00325,DE · Munich,DE,Operations,L1,Operations L1,Cat B,190,Permanent,Hybrid,1.0,2080,36450,0,0,0,0,0,36450,17.524038,17.524038,0,1,Men
W00326,PL · Kraków,PL,HR,L1,HR L1,Cat A,115,Permanent,Remote,1.0,2080,20500,0,0,0,0,0,20500,9.855769,9.855769,0,1,Women
W00327,IT · Milan,IT,Operations,L1,Operations L1,Cat B,190,Permanent,Onsite,0.8,1664,15200,0,0,1056,0,1056,16256,9.134615,9.769231,1,1,Women
W00328,IT · Milan,IT,Operations,L5,Operations L5,Cat F,340,Fixed-term,Onsite,1.0,2080,90450,10670,0,0,6000,16670,107120,43.485577,51.5,1,4,Men
W00329,IT · Milan,IT,Customer Service,L1,Customer Service L1,Cat B,175,Permanent,Hybrid,1.0,2080,24850,0,0,0,0,0,24850,11.947115,11.947115,0,1,Men
W00331,ES · Barcelona,ES,Customer Service,L3,Customer Service L3,Cat D,280,Permanent,Onsite,1.0,2080,36600,900,0,1200,0,2100,38700,17.596154,18.605769,1,3,Women
W00335,IT · Milan,IT,Operations,L3,Operations L3,Cat D,295,Permanent,Hybrid,0.8,1664,35200,900,0,0,0,900,36100,21.153846,21.694712,1,3,Men
W00336,PL · Kraków,PL,Customer Service,L5,Customer Service L5,Cat F,340,Permanent,Remote,0.8,1664,52560,3460,0,0,4200,7660,60220,31.586538,36.189904,1,4,Men
W00337,PL · Kraków,PL,Tech,L3,Tech L3,Cat D,255,Fixed-term,Onsite,1.0,2080,45950,2640,0,0,0,2640,48590,22.091346,23.360577,1,4,Men
W00338,DE · Munich,DE,Customer Service,L1,Customer Service L1,Cat B,175,Fixed-term,Hybrid,1.0,2080,33450,0,0,0,0,0,33450,16.081731,16.081731,0,1,Women
W00340,PL · Kraków,PL,Operations,L3,Operations L3,Cat D,295,Permanent,Onsite,1.0,2080,28600,1520,0,840,0,2360,30960,13.75,14.884615,1,3,Women
W00342,DE · Munich,DE,Customer Service,L1,Customer Service L1,Cat B,175,Fixed-term,Hybrid,1.0,2080,36750,0,0,0,0,0,36750,17.668269,17.668269,0,1,Women
W00343,DE · Munich,DE,HR,L5,HR L5,Cat F,340,Permanent,Remote,1.0,2080,101000,6060,0,0,7200,13260,114260,48.557692,54.932692,1,4,Women
W00345,IT · Milan,IT,Finance,L3,Finance L3,Cat D,255,Fixed-term,Hybrid,1.0,2080,41450,2430,0,0,0,2430,43880,19.927885,21.096154,1,3,Men
W00346,PL · Kraków,PL,HR,L4,HR L4,Cat E,325,Fixed-term,Hybrid,1.0,2080,51100,3900,0,0,0,3900,55000,24.567308,26.442308,1,4,Women
W00347,ES · Barcelona,ES,HR,L1,HR L1,Cat A,115,Permanent,Onsite,1.0,2080,27050,0,0,0,0,0,27050,13.004808,13.004808,0,1,Men
W00349,IT · Milan,IT,HR,L1,HR L1,Cat A,115,Permanent,Hybrid,1.0,2080,21300,0,0,0,0,0,21300,10.240385,10.240385,0,1,Men
W00350,DE · Munich,DE,Operations,L1,Operations L1,Cat B,190,Permanent,Onsite,1.0,2080,35100,0,0,1800,0,1800,36900,16.875,17.740385,1,1,Women
W00351,DE · Munich,DE,Tech,L2,Tech L2,Cat B,185,Permanent,Onsite,1.0,2080,63350,0,0,0,0,0,63350,30.456731,30.456731,0,3,Men
W00352,DE · Munich,DE,Sales,L2,Sales L2,Cat C,215,Permanent,Hybrid,1.0,2080,49300,0,10030,0,0,10030,59330,23.701923,28.524038,1,3,Men
W00353,ES · Barcelona,ES,Tech,L3,Tech L3,Cat D,255,Permanent,Hybrid,1.0,2080,55200,4020,0,0,0,4020,59220,26.538462,28.471154,1,4,Women
W00354,IT · Milan,IT,Operations,L2,Operations L2,Cat C,225,Fixed-term,Onsite,1.0,2080,29100,0,0,1320,0,1320,30420,13.990385,14.625,1,2,Women
W00355,IT · Milan,IT,Operations,L1,Operations L1,Cat B,190,Permanent,Hybrid,1.0,2080,22550,0,0,0,0,0,22550,10.841346,10.841346,0,1,Men
W00356,ES · Barcelona,ES,Customer Service,L3,Customer Service L3,Cat D,280,Permanent,Onsite,1.0,2080,37050,2210,0,1200,0,3410,40460,17.8125,19.451923,1,3,Women
W00358,PL · Kraków,PL,Customer Service,L4,Customer Service L4,Cat E,320,Permanent,Hybrid,1.0,2080,36550,3130,0,0,0,3130,39680,17.572115,19.076923,1,3,Women
W00359,ES · Barcelona,ES,Sales,L4,Sales L4,Cat E,320,Permanent,Onsite,1.0,2080,53000,4640,7770,0,0,12410,65410,25.480769,31.447115,1,4,Women
W00360,DE · Munich,DE,Operations,L2,Operations L2,Cat C,225,Permanent,Hybrid,0.8,1664,36640,0,0,0,0,0,36640,22.019231,22.019231,0,2,Men
W00361,IT · Milan,IT,Tech,L2,Tech L2,Cat B,185,Permanent,Onsite,1.0,2080,34900,0,0,0,0,0,34900,16.778846,16.778846,0,2,Women
W00362,IT · Milan,IT,Operations,L5,Operations L5,Cat F,340,Fixed-term,Hybrid,1.0,2080,77900,8980,0,0,6000,14980,92880,37.451923,44.653846,1,4,Men
W00363,PL · Kraków,PL,Operations,L2,Operations L2,Cat C,225,Fixed-term,Hybrid,1.0,2080,22550,0,0,0,0,0,22550,10.841346,10.841346,0,1,Men
W00364,IT · Milan,IT,Finance,L2,Finance L2,Cat B,185,Permanent,Hybrid,0.8,1664,29280,0,0,0,0,0,29280,17.596154,17.596154,0,2,Women
W00365,DE · Munich,DE,Operations,L2,Operations L2,Cat C,225,Permanent,Hybrid,1.0,2080,42900,0,0,0,0,0,42900,20.625,20.625,0,2,Women
W00367,IT · Milan,IT,Tech,L2,Tech L2,Cat B,185,Permanent,Hybrid,1.0,2080,35350,0,0,0,0,0,35350,16.995192,16.995192,0,2,Women
W00368,ES · Barcelona,ES,Tech,L1,Tech L1,Cat A,150,Permanent,Onsite,1.0,2080,29150,0,0,0,0,0,29150,14.014423,14.014423,0,2,Men
W00369,PL · Kraków,PL,Operations,L2,Operations L2,Cat C,225,Permanent,Hybrid,1.0,2080,23950,0,0,0,0,0,23950,11.514423,11.514423,0,2,Men
W00371,ES · Barcelona,ES,Operations,L2,Operations L2,Cat C,225,Permanent,Onsite,1.0,2080,31050,0,0,1200,0,1200,32250,14.927885,15.504808,1,2,Men
W00372,PL · Kraków,PL,Sales,L2,Sales L2,Cat C,215,Permanent,Remote,1.0,2080,29050,0,3750,0,0,3750,32800,13.966346,15.769231,1,3,Men
W00373,PL · Kraków,PL,Operations,L3,Operations L3,Cat D,295,Permanent,Remote,1.0,2080,34600,2250,0,0,0,2250,36850,16.634615,17.716346,1,3,Men
W00374,DE · Munich,DE,Customer Service,L2,Customer Service L2,Cat C,210,Permanent,Remote,1.0,2080,38750,0,0,0,0,0,38750,18.629808,18.629808,0,1,Men
W00375,IT · Milan,IT,Customer Service,L4,Customer Service L4,Cat E,320,Permanent,Onsite,1.0,2080,47350,4880,0,0,0,4880,52230,22.764423,25.110577,1,4,Men
W00376,IT · Milan,IT,Customer Service,L2,Customer Service L2,Cat C,210,Permanent,Onsite,1.0,2080,29250,0,0,1320,0,1320,30570,14.0625,14.697115,1,2,Women
W00377,IT · Milan,IT,Customer Service,L2,Customer Service L2,Cat C,210,Permanent,Remote,1.0,2080,33200,0,0,0,0,0,33200,15.961538,15.961538,0,2,Men
W00378,IT · Milan,IT,Operations,L2,Operations L2,Cat C,225,Permanent,Remote,1.0,2080,29400,0,0,0,0,0,29400,14.134615,14.134615,0,2,Women
W00379,IT · Milan,IT,Customer Service,L2,Customer Service L2,Cat C,210,Permanent,Hybrid,1.0,2080,25300,0,0,0,0,0,25300,12.163462,12.163462,0,1,Men
W00380,PL · Kraków,PL,Customer Service,L1,Customer Service L1,Cat B,175,Permanent,Onsite,1.0,2080,20500,0,0,840,0,840,21340,9.855769,10.259615,1,1,Men
W00382,DE · Munich,DE,Customer Service,L2,Customer Service L2,Cat C,210,Permanent,Hybrid,1.0,2080,41450,0,0,0,0,0,41450,19.927885,19.927885,0,1,Women
W00384,IT · Milan,IT,Finance,L3,Finance L3,Cat D,255,Permanent,Remote,1.0,2080,42050,2060,0,0,0,2060,44110,20.216346,21.206731,1,3,Men
W00385,IT · Milan,IT,Sales,L1,Sales L1,Cat A,145,Permanent,Onsite,1.0,2080,25100,0,3080,0,0,3080,28180,12.067308,13.548077,1,1,Women
W00386,DE · Munich,DE,Tech,L4,Tech L4,Cat E,325,Permanent,Hybrid,1.0,2080,98950,8150,0,0,0,8150,107100,47.572115,51.490385,1,4,Women
W00388,IT · Milan,IT,HR,L4,HR L4,Cat E,325,Permanent,Hybrid,1.0,2080,45900,4890,0,0,0,4890,50790,22.067308,24.418269,1,3,Women
W00389,IT · Milan,IT,Operations,L1,Operations L1,Cat B,190,Permanent,Hybrid,1.0,2080,20200,0,0,0,0,0,20200,9.711538,9.711538,0,1,Women
W00390,IT · Milan,IT,Operations,L3,Operations L3,Cat D,295,Permanent,Onsite,1.0,2080,39800,1040,0,1320,0,2360,42160,19.134615,20.269231,1,3,Men
W00391,PL · Kraków,PL,Customer Service,L3,Customer Service L3,Cat D,280,Permanent,Remote,1.0,2080,29250,1570,0,0,0,1570,30820,14.0625,14.817308,1,3,Men
W00392,DE · Munich,DE,Operations,L4,Operations L4,Cat E,335,Fixed-term,Hybrid,1.0,2080,67700,2610,0,0,0,2610,70310,32.548077,33.802885,1,3,Women
W00394,IT · Milan,IT,Operations,L1,Operations L1,Cat B,190,Permanent,Hybrid,1.0,2080,27150,0,0,0,0,0,27150,13.052885,13.052885,0,1,Women
W00396,DE · Munich,DE,HR,L4,HR L4,Cat E,325,Permanent,Hybrid,0.8,1664,62400,6600,0,0,0,6600,69000,37.5,41.466346,1,4,Men
W00397,IT · Milan,IT,Customer Service,L2,Customer Service L2,Cat C,210,Fixed-term,Onsite,1.0,2080,24350,0,0,1320,0,1320,25670,11.706731,12.341346,1,1,Women
W00398,PL · Kraków,PL,HR,L1,HR L1,Cat A,115,Permanent,Hybrid,1.0,2080,23500,0,0,0,0,0,23500,11.298077,11.298077,0,1,Women
W00399,PL · Kraków,PL,Customer Service,L4,Customer Service L4,Cat E,320,Fixed-term,Onsite,1.0,2080,40000,4050,0,0,0,4050,44050,19.230769,21.177885,1,4,Men
W00400,ES · Barcelona,ES,Tech,L1,Tech L1,Cat A,150,Permanent,Remote,1.0,2080,30750,0,0,0,0,0,30750,14.783654,14.783654,0,2,Women
W00401,IT · Milan,IT,Operations,L3,Operations L3,Cat D,295,Permanent,Remote,1.0,2080,38250,2550,0,0,0,2550,40800,18.389423,19.615385,1,3,Men
W00402,PL · Kraków,PL,Customer Service,L2,Customer Service L2,Cat C,210,Permanent,Hybrid,1.0,2080,22800,0,0,0,0,0,22800,10.961538,10.961538,0,1,Men
W00403,PL · Kraków,PL,Sales,L3,Sales L3,Cat D,285,Permanent,Onsite,1.0,2080,33300,860,6100,0,0,6960,40260,16.009615,19.355769,1,3,Men
W00404,PL · Kraków,PL,Customer Service,L2,Customer Service L2,Cat C,210,Fixed-term,Onsite,1.0,2080,27450,0,0,840,0,840,28290,13.197115,13.600962,1,2,Men
W00405,PL · Kraków,PL,Operations,L2,Operations L2,Cat C,225,Permanent,Remote,1.0,2080,25150,0,0,0,0,0,25150,12.091346,12.091346,0,2,Men
W00406,PL · Kraków,PL,Customer Service,L4,Customer Service L4,Cat E,320,Fixed-term,Hybrid,1.0,2080,38450,1660,0,0,0,1660,40110,18.485577,19.283654,1,3,Men
W00407,DE · Munich,DE,Operations,L6,Operations L6,Cat G,410,Permanent,Onsite,1.0,2080,141300,15350,0,0,7200,22550,163850,67.932692,78.774038,1,4,Men
W00408,PL · Kraków,PL,Customer Service,L3,Customer Service L3,Cat D,280,Permanent,Hybrid,1.0,2080,29700,1340,0,0,0,1340,31040,14.278846,14.923077,1,3,Women
W00409,PL · Kraków,PL,Operations,L2,Operations L2,Cat C,225,Permanent,Remote,1.0,2080,25550,0,0,0,0,0,25550,12.283654,12.283654,0,2,Men
W00410,PL · Kraków,PL,HR,L1,HR L1,Cat A,115,Permanent,Hybrid,1.0,2080,20900,0,0,0,0,0,20900,10.048077,10.048077,0,1,Men
W00411,ES · Barcelona,ES,Customer Service,L4,Customer Service L4,Cat E,320,Permanent,Hybrid,1.0,2080,44150,4530,0,0,0,4530,48680,21.225962,23.403846,1,4,Men
W00412,DE · Munich,DE,Tech,L1,Tech L1,Cat A,150,Fixed-term,Remote,1.0,2080,48050,0,0,0,0,0,48050,23.100962,23.100962,0,2,Men
W00413,DE · Munich,DE,Sales,L3,Sales L3,Cat D,285,Permanent,Onsite,1.0,2080,50750,2810,5710,0,0,8520,59270,24.399038,28.495192,1,3,Women
W00414,IT · Milan,IT,Finance,L4,Finance L4,Cat E,325,Fixed-term,Hybrid,1.0,2080,58300,5440,0,0,0,5440,63740,28.028846,30.644231,1,4,Men
W00415,IT · Milan,IT,Customer Service,L1,Customer Service L1,Cat B,175,Fixed-term,Onsite,1.0,2080,22800,0,0,1320,0,1320,24120,10.961538,11.596154,1,1,Women
W00416,ES · Barcelona,ES,Finance,L1,Finance L1,Cat A,115,Permanent,Hybrid,1.0,2080,28500,0,0,0,0,0,28500,13.701923,13.701923,0,2,Women
W00417,IT · Milan,IT,HR,L3,HR L3,Cat D,255,Permanent,Onsite,1.0,2080,44250,2130,0,0,0,2130,46380,21.274038,22.298077,1,3,Women
W00418,ES · Barcelona,ES,Tech,L1,Tech L1,Cat A,150,Permanent,Onsite,1.0,2080,32150,0,0,0,0,0,32150,15.456731,15.456731,0,2,Men
W00419,IT · Milan,IT,Sales,L3,Sales L3,Cat D,285,Permanent,Hybrid,1.0,2080,42300,2690,4210,0,0,6900,49200,20.336538,23.653846,1,3,Women
W00421,IT · Milan,IT,Finance,L3,Finance L3,Cat D,255,Permanent,Hybrid,1.0,2080,52850,3270,0,0,0,3270,56120,25.408654,26.980769,1,4,Men
W00422,ES · Barcelona,ES,Operations,L1,Operations L1,Cat B,190,Permanent,Hybrid,1.0,2080,20250,0,0,0,0,0,20250,9.735577,9.735577,0,1,Women
W00423,IT · Milan,IT,HR,L3,HR L3,Cat D,255,Permanent,Hybrid,1.0,2080,35500,850,0,0,0,850,36350,17.067308,17.475962,1,2,Women
W00424,PL · Kraków,PL,Sales,L1,Sales L1,Cat A,145,Permanent,Hybrid,1.0,2080,19150,0,2970,0,0,2970,22120,9.206731,10.634615,1,1,Men
W00425,IT · Milan,IT,Operations,L2,Operations L2,Cat C,225,Fixed-term,Hybrid,1.0,2080,29400,0,0,0,0,0,29400,14.134615,14.134615,0,2,Women
W00428,PL · Kraków,PL,Customer Service,L3,Customer Service L3,Cat D,280,Permanent,Hybrid,1.0,2080,31950,1670,0,0,0,1670,33620,15.360577,16.163462,1,3,Men
W00429,IT · Milan,IT,Operations,L3,Operations L3,Cat D,295,Permanent,Hybrid,0.8,1664,31480,1520,0,0,0,1520,33000,18.918269,19.831731,1,3,Women
W00430,PL · Kraków,PL,Operations,L5,Operations L5,Cat F,340,Permanent,Remote,1.0,2080,58350,3610,0,0,4200,7810,66160,28.052885,31.807692,1,4,Men
W00432,DE · Munich,DE,Customer Service,L1,Customer Service L1,Cat B,175,Permanent,Hybrid,1.0,2080,32200,0,0,0,0,0,32200,15.480769,15.480769,0,1,Women
W00433,PL · Kraków,PL,Customer Service,L2,Customer Service L2,Cat C,210,Permanent,Hybrid,1.0,2080,25700,0,0,0,0,0,25700,12.355769,12.355769,0,2,Men
W00435,IT · Milan,IT,Operations,L2,Operations L2,Cat C,225,Permanent,Hybrid,1.0,2080,29150,0,0,0,0,0,29150,14.014423,14.014423,0,2,Men
W00437,IT · Milan,IT,Operations,L5,Operations L5,Cat F,340,Permanent,Hybrid,1.0,2080,69000,8580,0,0,6000,14580,83580,33.173077,40.182692,1,4,Men
W00438,PL · Kraków,PL,Customer Service,L1,Customer Service L1,Cat B,175,Permanent,Hybrid,1.0,2080,16800,0,0,0,0,0,16800,8.076923,8.076923,0,1,Women
W00439,PL · Kraków,PL,Tech,L4,Tech L4,Cat E,325,Fixed-term,Onsite,1.0,2080,56400,5230,0,0,0,5230,61630,27.115385,29.629808,1,4,Men
W00440,ES · Barcelona,ES,Sales,L2,Sales L2,Cat C,215,Permanent,Onsite,1.0,2080,34700,0,3670,0,0,3670,38370,16.682692,18.447115,1,3,Women
W00441,DE · Munich,DE,Operations,L2,Operations L2,Cat C,225,Permanent,Remote,1.0,2080,50250,0,0,0,0,0,50250,24.158654,24.158654,0,2,Men
W00442,ES · Barcelona,ES,Operations,L3,Operations L3,Cat D,295,Permanent,Onsite,1.0,2080,36100,0,0,1200,0,1200,37300,17.355769,17.932692,1,3,Men
W00443,ES · Barcelona,ES,Operations,L3,Operations L3,Cat D,295,Permanent,Hybrid,1.0,2080,41650,2660,0,0,0,2660,44310,20.024038,21.302885,1,3,Men
W00445,PL · Kraków,PL,Sales,L2,Sales L2,Cat C,215,Fixed-term,Onsite,1.0,2080,23900,0,2800,0,0,2800,26700,11.490385,12.836538,1,2,Men
W00446,IT · Milan,IT,Operations,L4,Operations L4,Cat E,335,Permanent,Remote,1.0,2080,53950,5360,0,0,0,5360,59310,25.9375,28.514423,1,4,Men
W00447,DE · Munich,DE,Operations,L1,Operations L1,Cat B,190,Fixed-term,Hybrid,1.0,2080,35250,0,0,0,0,0,35250,16.947115,16.947115,0,1,Men
W00448,DE · Munich,DE,Customer Service,L2,Customer Service L2,Cat C,210,Permanent,Hybrid,1.0,2080,43900,0,0,0,0,0,43900,21.105769,21.105769,0,2,Men
W00449,PL · Kraków,PL,Operations,L2,Operations L2,Cat C,225,Permanent,Onsite,1.0,2080,25200,0,0,840,0,840,26040,12.115385,12.519231,1,2,Women
W00450,IT · Milan,IT,Customer Service,L1,Customer Service L1,Cat B,175,Permanent,Hybrid,1.0,2080,23700,0,0,0,0,0,23700,11.394231,11.394231,0,1,Women
W00451,PL · Kraków,PL,Tech,L3,Tech L3,Cat D,255,Fixed-term,Hybrid,1.0,2080,36350,1000,0,0,0,1000,37350,17.475962,17.956731,1,3,Women
W00452,IT · Milan,IT,Tech,L1,Tech L1,Cat A,150,Permanent,Hybrid,1.0,2080,34400,0,0,0,0,0,34400,16.538462,16.538462,0,2,Men
W00453,IT · Milan,IT,Operations,L1,Operations L1,Cat B,190,Permanent,Hybrid,1.0,2080,19450,0,0,0,0,0,19450,9.350962,9.350962,0,1,Men
W00454,ES · Barcelona,ES,Finance,L1,Finance L1,Cat A,115,Permanent,Hybrid,0.8,1664,21200,0,0,0,0,0,21200,12.740385,12.740385,0,1,Men
W00455,ES · Barcelona,ES,Operations,L2,Operations L2,Cat C,225,Permanent,Onsite,1.0,2080,27000,0,0,1200,0,1200,28200,12.980769,13.557692,1,2,Men
W00456,IT · Milan,IT,Customer Service,L5,Customer Service L5,Cat F,340,Permanent,Onsite,1.0,2080,79200,11840,0,0,6000,17840,97040,38.076923,46.653846,1,4,Men
W00458,IT · Milan,IT,Customer Service,L1,Customer Service L1,Cat B,175,Permanent,Hybrid,1.0,2080,24600,0,0,0,0,0,24600,11.826923,11.826923,0,1,Women
W00459,ES · Barcelona,ES,Operations,L5,Operations L5,Cat F,340,Permanent,Onsite,1.0,2080,58650,6630,0,0,5400,12030,70680,28.197115,33.980769,1,4,Men
W00460,PL · Kraków,PL,Customer Service,L3,Customer Service L3,Cat D,280,Permanent,Hybrid,1.0,2080,30500,1860,0,0,0,1860,32360,14.663462,15.557692,1,3,Women
W00461,PL · Kraków,PL,Operations,L3,Operations L3,Cat D,295,Permanent,Onsite,1.0,2080,32400,1520,0,840,0,2360,34760,15.576923,16.711538,1,3,Women
W00464,ES · Barcelona,ES,Tech,L2,Tech L2,Cat B,185,Permanent,Onsite,0.8,1664,33360,0,0,0,0,0,33360,20.048077,20.048077,0,3,Women
W00465,IT · Milan,IT,Operations,L1,Operations L1,Cat B,190,Permanent,Hybrid,1.0,2080,26700,0,0,0,0,0,26700,12.836538,12.836538,0,1,Men
W00466,IT · Milan,IT,Customer Service,L3,Customer Service L3,Cat D,280,Permanent,Hybrid,1.0,2080,40600,1070,0,0,0,1070,41670,19.519231,20.033654,1,3,Women
W00467,DE · Munich,DE,Customer Service,L2,Customer Service L2,Cat C,210,Permanent,Remote,1.0,2080,44000,0,0,0,0,0,44000,21.153846,21.153846,0,2,Men
W00468,ES · Barcelona,ES,HR,L4,HR L4,Cat E,325,Permanent,Remote,1.0,2080,48300,4540,0,0,0,4540,52840,23.221154,25.403846,1,4,Men
W00469,PL · Kraków,PL,HR,L3,HR L3,Cat D,255,Fixed-term,Remote,1.0,2080,34700,1810,0,0,0,1810,36510,16.682692,17.552885,1,3,Women
W00470,PL · Kraków,PL,Tech,L2,Tech L2,Cat B,185,Permanent,Hybrid,1.0,2080,25550,0,0,0,0,0,25550,12.283654,12.283654,0,2,Men
W00471,IT · Milan,IT,Sales,L2,Sales L2,Cat C,215,Permanent,Hybrid,1.0,2080,34200,0,4390,0,0,4390,38590,16.442308,18.552885,1,3,Men
W00473,PL · Kraków,PL,Tech,L2,Tech L2,Cat B,185,Permanent,Hybrid,1.0,2080,33150,0,0,0,0,0,33150,15.9375,15.9375,0,3,Men
W00474,ES · Barcelona,ES,Tech,L1,Tech L1,Cat A,150,Fixed-term,Hybrid,1.0,2080,29500,0,0,0,0,0,29500,14.182692,14.182692,0,2,Women
W00475,IT · Milan,IT,Operations,L2,Operations L2,Cat C,225,Fixed-term,Onsite,1.0,2080,27350,0,0,1320,0,1320,28670,13.149038,13.783654,1,1,Women
W00476,DE · Munich,DE,Customer Service,L4,Customer Service L4,Cat E,320,Permanent,Onsite,0.8,1664,68800,7530,0,0,0,7530,76330,41.346154,45.871394,1,4,Men
W00477,ES · Barcelona,ES,Customer Service,L2,Customer Service L2,Cat C,210,Permanent,Hybrid,1.0,2080,28650,0,0,0,0,0,28650,13.774038,13.774038,0,2,Women
W00478,ES · Barcelona,ES,Sales,L2,Sales L2,Cat C,215,Permanent,Hybrid,1.0,2080,28250,0,4350,0,0,4350,32600,13.581731,15.673077,1,2,Women
W00479,DE · Munich,DE,Sales,L1,Sales L1,Cat A,145,Permanent,Remote,1.0,2080,40000,0,6800,0,0,6800,46800,19.230769,22.5,1,2,Men
W00480,DE · Munich,DE,Tech,L5,Tech L5,Cat F,340,Permanent,Onsite,1.0,2080,151350,17480,0,0,7200,24680,176030,72.764423,84.629808,1,4,Men
W00482,PL · Kraków,PL,Tech,L1,Tech L1,Cat A,150,Permanent,Onsite,1.0,2080,24300,0,0,0,0,0,24300,11.682692,11.682692,0,2,Women
W00483,DE · Munich,DE,Customer Service,L3,Customer Service L3,Cat D,280,Permanent,Hybrid,1.0,2080,52950,2740,0,0,0,2740,55690,25.456731,26.774038,1,3,Women
W00484,PL · Kraków,PL,Operations,L2,Operations L2,Cat C,225,Permanent,Onsite,1.0,2080,23600,0,0,840,0,840,24440,11.346154,11.75,1,2,Women
W00485,PL · Kraków,PL,Operations,L3,Operations L3,Cat D,295,Permanent,Hybrid,1.0,2080,22950,1120,0,0,0,1120,24070,11.033654,11.572115,1,2,Men
W00486,ES · Barcelona,ES,Operations,L1,Operations L1,Cat B,190,Permanent,Onsite,1.0,2080,22550,0,0,1200,0,1200,23750,10.841346,11.418269,1,1,Women
W00487,PL · Kraków,PL,Sales,L2,Sales L2,Cat C,215,Permanent,Hybrid,1.0,2080,26050,0,4260,0,0,4260,30310,12.524038,14.572115,1,3,Men
W00488,ES · Barcelona,ES,Operations,L1,Operations L1,Cat B,190,Permanent,Hybrid,1.0,2080,21750,0,0,0,0,0,21750,10.456731,10.456731,0,1,Men
W00489,IT · Milan,IT,Sales,L3,Sales L3,Cat D,285,Permanent,Hybrid,1.0,2080,45400,2010,10550,0,0,12560,57960,21.826923,27.865385,1,4,Men
W00490,ES · Barcelona,ES,Sales,L1,Sales L1,Cat A,145,Permanent,Remote,1.0,2080,26950,0,4860,0,0,4860,31810,12.956731,15.293269,1,2,Men
W00491,PL · Kraków,PL,Customer Service,L1,Customer Service L1,Cat B,175,Permanent,Hybrid,1.0,2080,23050,0,0,0,0,0,23050,11.081731,11.081731,0,1,Men
W00492,DE · Munich,DE,Operations,L1,Operations L1,Cat B,190,Fixed-term,Onsite,1.0,2080,28950,0,0,1800,0,1800,30750,13.918269,14.783654,1,1,Women
W00493,PL · Kraków,PL,HR,L3,HR L3,Cat D,255,Permanent,Hybrid,1.0,2080,36600,2710,0,0,0,2710,39310,17.596154,18.899038,1,3,Men
W00494,ES · Barcelona,ES,Finance,L2,Finance L2,Cat B,185,Permanent,Onsite,1.0,2080,34400,0,0,0,0,0,34400,16.538462,16.538462,0,2,Women
W00495,PL · Kraków,PL,Operations,L2,Operations L2,Cat C,225,Permanent,Remote,1.0,2080,25700,0,0,0,0,0,25700,12.355769,12.355769,0,2,Women
W00496,PL · Kraków,PL,Operations,L2,Operations L2,Cat C,225,Permanent,Hybrid,1.0,2080,26100,0,0,0,0,0,26100,12.548077,12.548077,0,2,Men
W00498,IT · Milan,IT,Customer Service,L1,Customer Service L1,Cat B,175,Permanent,Hybrid,1.0,2080,21750,0,0,0,0,0,21750,10.456731,10.456731,0,1,Women
W00501,IT · Milan,IT,Operations,L5,Operations L5,Cat F,340,Fixed-term,Hybrid,1.0,2080,72850,8800,0,0,6000,14800,87650,35.024038,42.139423,1,4,Men
W00502,IT · Milan,IT,Customer Service,L2,Customer Service L2,Cat C,210,Permanent,Hybrid,0.8,1664,21680,0,0,0,0,0,21680,13.028846,13.028846,0,1,Men
W00503,ES · Barcelona,ES,Finance,L4,Finance L4,Cat E,325,Permanent,Onsite,1.0,2080,62350,2690,0,0,0,2690,65040,29.975962,31.269231,1,4,Women
W00504,DE · Munich,DE,Finance,L3,Finance L3,Cat D,255,Fixed-term,Hybrid,0.8,1664,54040,2760,0,0,0,2760,56800,32.475962,34.134615,1,3,Women
W00505,PL · Kraków,PL,Sales,L3,Sales L3,Cat D,285,Permanent,Onsite,1.0,2080,37050,2040,4890,0,0,6930,43980,17.8125,21.144231,1,4,Men
W00506,PL · Kraków,PL,Customer Service,L5,Customer Service L5,Cat F,340,Permanent,Hybrid,1.0,2080,63650,7540,0,0,4200,11740,75390,30.600962,36.245192,1,4,Men
W00507,ES · Barcelona,ES,Customer Service,L4,Customer Service L4,Cat E,320,Permanent,Remote,1.0,2080,41100,1720,0,0,0,1720,42820,19.759615,20.586538,1,3,Men
W00509,DE · Munich,DE,Customer Service,L2,Customer Service L2,Cat C,210,Permanent,Hybrid,1.0,2080,39350,0,0,0,0,0,39350,18.918269,18.918269,0,1,Women
W00510,IT · Milan,IT,Customer Service,L2,Customer Service L2,Cat C,210,Fixed-term,Remote,1.0,2080,30900,0,0,0,0,0,30900,14.855769,14.855769,0,2,Men
W00511,PL · Kraków,PL,Customer Service,L4,Customer Service L4,Cat E,320,Permanent,Onsite,1.0,2080,48800,5210,0,0,0,5210,54010,23.461538,25.966346,1,4,Men
W00512,IT · Milan,IT,Customer Service,L3,Customer Service L3,Cat D,280,Permanent,Hybrid,1.0,2080,40200,1980,0,0,0,1980,42180,19.326923,20.278846,1,3,Men
W00513,ES · Barcelona,ES,Customer Service,L2,Customer Service L2,Cat C,210,Permanent,Hybrid,1.0,2080,25400,0,0,0,0,0,25400,12.211538,12.211538,0,1,Women
W00514,IT · Milan,IT,HR,L5,HR L5,Cat F,340,Fixed-term,Onsite,1.0,2080,83800,12270,0,0,6000,18270,102070,40.288462,49.072115,1,4,Men
W00515,IT · Milan,IT,Finance,L4,Finance L4,Cat E,325,Permanent,Onsite,1.0,2080,66500,5530,0,0,0,5530,72030,31.971154,34.629808,1,4,Men
W00516,ES · Barcelona,ES,Customer Service,L2,Customer Service L2,Cat C,210,Fixed-term,Remote,1.0,2080,27000,0,0,0,0,0,27000,12.980769,12.980769,0,1,Women
W00518,ES · Barcelona,ES,Sales,L2,Sales L2,Cat C,215,Permanent,Remote,1.0,2080,32250,0,3890,0,0,3890,36140,15.504808,17.375,1,3,Women
W00519,DE · Munich,DE,Customer Service,L4,Customer Service L4,Cat E,320,Permanent,Hybrid,1.0,2080,66150,5230,0,0,0,5230,71380,31.802885,34.317308,1,3,Men
W00520,PL · Kraków,PL,Tech,L1,Tech L1,Cat A,150,Permanent,Remote,1.0,2080,23600,0,0,0,0,0,23600,11.346154,11.346154,0,2,Women
W00521,PL · Kraków,PL,Customer Service,L5,Customer Service L5,Cat F,340,Permanent,Remote,1.0,2080,58050,6950,0,0,4200,11150,69200,27.908654,33.269231,1,4,Men
W00523,PL · Kraków,PL,Customer Service,L2,Customer Service L2,Cat C,210,Permanent,Remote,1.0,2080,24550,0,0,0,0,0,24550,11.802885,11.802885,0,2,Men
W00524,IT · Milan,IT,Tech,L2,Tech L2,Cat B,185,Permanent,Remote,1.0,2080,40050,0,0,0,0,0,40050,19.254808,19.254808,0,3,Men
W00525,DE · Munich,DE,Finance,L4,Finance L4,Cat E,325,Fixed-term,Hybrid,1.0,2080,79700,6460,0,0,0,6460,86160,38.317308,41.423077,1,4,Men
W00526,DE · Munich,DE,Operations,L1,Operations L1,Cat B,190,Permanent,Remote,1.0,2080,33300,0,0,0,0,0,33300,16.009615,16.009615,0,1,Men
W00528,ES · Barcelona,ES,Finance,L1,Finance L1,Cat A,115,Fixed-term,Remote,1.0,2080,29050,0,0,0,0,0,29050,13.966346,13.966346,0,2,Women
W00529,PL · Kraków,PL,Customer Service,L1,Customer Service L1,Cat B,175,Permanent,Onsite,1.0,2080,19250,0,0,840,0,840,20090,9.254808,9.658654,1,1,Women
W00530,DE · Munich,DE,Customer Service,L2,Customer Service L2,Cat C,210,Permanent,Remote,1.0,2080,45800,0,0,0,0,0,45800,22.019231,22.019231,0,2,Women
W00531,IT · Milan,IT,Sales,L4,Sales L4,Cat E,320,Permanent,Hybrid,1.0,2080,50850,4340,9280,0,0,13620,64470,24.447115,30.995192,1,4,Men
W00532,DE · Munich,DE,Customer Service,L4,Customer Service L4,Cat E,320,Permanent,Onsite,1.0,2080,86250,6990,0,0,0,6990,93240,41.466346,44.826923,1,4,Women
W00533,PL · Kraków,PL,Finance,L1,Finance L1,Cat A,115,Permanent,Hybrid,1.0,2080,22600,0,0,0,0,0,22600,10.865385,10.865385,0,1,Men
W00534,ES · Barcelona,ES,Operations,L2,Operations L2,Cat C,225,Permanent,Onsite,1.0,2080,27450,0,0,1200,0,1200,28650,13.197115,13.774038,1,2,Women
W00535,IT · Milan,IT,Customer Service,L3,Customer Service L3,Cat D,280,Permanent,Onsite,1.0,2080,36950,1740,0,1320,0,3060,40010,17.764423,19.235577,1,3,Men
W00537,IT · Milan,IT,HR,L1,HR L1,Cat A,115,Permanent,Hybrid,1.0,2080,26500,0,0,0,0,0,26500,12.740385,12.740385,0,1,Men
W00538,IT · Milan,IT,HR,L5,HR L5,Cat F,340,Permanent,Hybrid,0.8,1664,58800,7980,0,0,6000,13980,72780,35.336538,43.737981,1,4,Men
W00539,ES · Barcelona,ES,Customer Service,L1,Customer Service L1,Cat B,175,Fixed-term,Hybrid,1.0,2080,27350,0,0,0,0,0,27350,13.149038,13.149038,0,1,Men
W00540,IT · Milan,IT,Tech,L5,Tech L5,Cat F,340,Permanent,Onsite,1.0,2080,91000,13240,0,0,6000,19240,110240,43.75,53.0,1,4,Women
W00541,PL · Kraków,PL,Customer Service,L1,Customer Service L1,Cat B,175,Permanent,Onsite,1.0,2080,18750,0,0,840,0,840,19590,9.014423,9.418269,1,1,Women
W00542,ES · Barcelona,ES,Customer Service,L2,Customer Service L2,Cat C,210,Permanent,Hybrid,1.0,2080,28650,0,0,0,0,0,28650,13.774038,13.774038,0,2,Women
W00543,IT · Milan,IT,Customer Service,L1,Customer Service L1,Cat B,175,Fixed-term,Hybrid,1.0,2080,24200,0,0,0,0,0,24200,11.634615,11.634615,0,1,Men
W00544,IT · Milan,IT,Customer Service,L3,Customer Service L3,Cat D,280,Fixed-term,Onsite,1.0,2080,32050,1580,0,1320,0,2900,34950,15.408654,16.802885,1,2,Men
W00546,ES · Barcelona,ES,Customer Service,L1,Customer Service L1,Cat B,175,Permanent,Remote,1.0,2080,21550,0,0,0,0,0,21550,10.360577,10.360577,0,1,Men
W00547,PL · Kraków,PL,Operations,L3,Operations L3,Cat D,295,Permanent,Onsite,1.0,2080,31650,1550,0,840,0,2390,34040,15.216346,16.365385,1,3,Women
W00548,PL · Kraków,PL,Customer Service,L1,Customer Service L1,Cat B,175,Permanent,Hybrid,1.0,2080,18450,0,0,0,0,0,18450,8.870192,8.870192,0,1,Women
W00549,IT · Milan,IT,Customer Service,L3,Customer Service L3,Cat D,280,Permanent,Hybrid,1.0,2080,35750,2850,0,0,0,2850,38600,17.1875,18.557692,1,3,Men
W00550,PL · Kraków,PL,Operations,L3,Operations L3,Cat D,295,Permanent,Remote,1.0,2080,37250,1950,0,0,0,1950,39200,17.908654,18.846154,1,3,Women
W00551,DE · Munich,DE,Customer Service,L3,Customer Service L3,Cat D,280,Permanent,Onsite,1.0,2080,67950,4110,0,1800,0,5910,73860,32.668269,35.509615,1,3,Women
W00553,PL · Kraków,PL,Tech,L4,Tech L4,Cat E,325,Permanent,Remote,1.0,2080,52550,4350,0,0,0,4350,56900,25.264423,27.355769,1,4,Women
W00555,DE · Munich,DE,Customer Service,L1,Customer Service L1,Cat B,175,Permanent,Remote,1.0,2080,32950,0,0,0,0,0,32950,15.841346,15.841346,0,1,Women
W00558,PL · Kraków,PL,Operations,L2,Operations L2,Cat C,225,Permanent,Onsite,1.0,2080,23950,0,0,840,0,840,24790,11.514423,11.918269,1,2,Men
W00559,IT · Milan,IT,Finance,L3,Finance L3,Cat D,255,Fixed-term,Hybrid,1.0,2080,39250,1680,0,0,0,1680,40930,18.870192,19.677885,1,3,Men
W00560,PL · Kraków,PL,Customer Service,L1,Customer Service L1,Cat B,175,Permanent,Onsite,1.0,2080,18000,0,0,840,0,840,18840,8.653846,9.057692,1,1,Men
W00561,PL · Kraków,PL,Customer Service,L1,Customer Service L1,Cat B,175,Fixed-term,Onsite,1.0,2080,18750,0,0,840,0,840,19590,9.014423,9.418269,1,1,Men
W00562,IT · Milan,IT,Operations,L3,Operations L3,Cat D,295,Permanent,Hybrid,1.0,2080,44000,2330,0,0,0,2330,46330,21.153846,22.274038,1,3,Men
W00563,DE · Munich,DE,HR,L2,HR L2,Cat B,185,Fixed-term,Remote,1.0,2080,51150,0,0,0,0,0,51150,24.591346,24.591346,0,2,Men
W00564,PL · Kraków,PL,HR,L2,HR L2,Cat B,185,Fixed-term,Onsite,1.0,2080,27450,0,0,0,0,0,27450,13.197115,13.197115,0,2,Women
W00565,IT · Milan,IT,HR,L3,HR L3,Cat D,255,Permanent,Hybrid,1.0,2080,40950,2180,0,0,0,2180,43130,19.6875,20.735577,1,3,Men
W00566,ES · Barcelona,ES,Sales,L2,Sales L2,Cat C,215,Permanent,Hybrid,1.0,2080,33750,0,4470,0,0,4470,38220,16.225962,18.375,1,3,Men
W00567,PL · Kraków,PL,HR,L1,HR L1,Cat A,115,Fixed-term,Onsite,1.0,2080,17600,0,0,0,0,0,17600,8.461538,8.461538,0,1,Women
W00568,ES · Barcelona,ES,Operations,L1,Operations L1,Cat B,190,Permanent,Hybrid,1.0,2080,28850,0,0,0,0,0,28850,13.870192,13.870192,0,2,Men
W00570,DE · Munich,DE,Customer Service,L2,Customer Service L2,Cat C,210,Fixed-term,Onsite,1.0,2080,40250,0,0,1800,0,1800,42050,19.350962,20.216346,1,1,Men
W00571,DE · Munich,DE,Operations,L1,Operations L1,Cat B,190,Permanent,Hybrid,1.0,2080,35050,0,0,0,0,0,35050,16.850962,16.850962,0,1,Men
W00573,DE · Munich,DE,Tech,L1,Tech L1,Cat A,150,Permanent,Hybrid,1.0,2080,52100,0,0,0,0,0,52100,25.048077,25.048077,0,2,Men
W00574,IT · Milan,IT,Customer Service,L2,Customer Service L2,Cat C,210,Permanent,Onsite,1.0,2080,27600,0,0,1320,0,1320,28920,13.269231,13.903846,1,2,Women
W00575,PL · Kraków,PL,Sales,L2,Sales L2,Cat C,215,Permanent,Onsite,1.0,2080,29000,0,4080,0,0,4080,33080,13.942308,15.903846,1,3,Women
W00576,PL · Kraków,PL,Customer Service,L3,Customer Service L3,Cat D,280,Permanent,Hybrid,1.0,2080,29800,1820,0,0,0,1820,31620,14.326923,15.201923,1,3,Women
W00577,ES · Barcelona,ES,Operations,L3,Operations L3,Cat D,295,Permanent,Remote,1.0,2080,35600,1590,0,0,0,1590,37190,17.115385,17.879808,1,3,Men
W00578,PL · Kraków,PL,Tech,L1,Tech L1,Cat A,150,Fixed-term,Hybrid,1.0,2080,23050,0,0,0,0,0,23050,11.081731,11.081731,0,1,Women
W00579,IT · Milan,IT,Tech,L3,Tech L3,Cat D,255,Fixed-term,Hybrid,1.0,2080,53100,2590,0,0,0,2590,55690,25.528846,26.774038,1,4,Men
W00581,DE · Munich,DE,Customer Service,L4,Customer Service L4,Cat E,320,Permanent,Remote,1.0,2080,73850,2920,0,0,0,2920,76770,35.504808,36.908654,1,4,Women
W00582,ES · Barcelona,ES,Customer Service,L1,Customer Service L1,Cat B,175,Permanent,Remote,1.0,2080,24450,0,0,0,0,0,24450,11.754808,11.754808,0,1,Women
W00583,DE · Munich,DE,Sales,L2,Sales L2,Cat C,215,Permanent,Hybrid,1.0,2080,50000,0,2170,0,0,2170,52170,24.038462,25.081731,1,2,Women
W00585,ES · Barcelona,ES,HR,L2,HR L2,Cat B,185,Permanent,Onsite,0.8,1664,24680,0,0,0,0,0,24680,14.831731,14.831731,0,2,Women
W00586,IT · Milan,IT,Operations,L2,Operations L2,Cat C,225,Permanent,Hybrid,1.0,2080,33500,0,0,0,0,0,33500,16.105769,16.105769,0,2,Women
W00587,PL · Kraków,PL,Operations,L2,Operations L2,Cat C,225,Permanent,Hybrid,1.0,2080,25400,0,0,0,0,0,25400,12.211538,12.211538,0,2,Men
W00588,PL · Kraków,PL,Tech,L1,Tech L1,Cat A,150,Permanent,Hybrid,1.0,2080,25000,0,0,0,0,0,25000,12.019231,12.019231,0,2,Men
W00589,IT · Milan,IT,Tech,L2,Tech L2,Cat B,185,Permanent,Hybrid,1.0,2080,36400,0,0,0,0,0,36400,17.5,17.5,0,2,Men
W00590,IT · Milan,IT,Sales,L1,Sales L1,Cat A,145,Permanent,Hybrid,1.0,2080,23800,0,2520,0,0,2520,26320,11.442308,12.653846,1,1,Women
W00593,IT · Milan,IT,Customer Service,L5,Customer Service L5,Cat F,340,Permanent,Hybrid,1.0,2080,78650,5130,0,0,6000,11130,89780,37.8125,43.163462,1,4,Women
W00595,PL · Kraków,PL,Operations,L1,Operations L1,Cat B,190,Permanent,Onsite,1.0,2080,20250,0,0,840,0,840,21090,9.735577,10.139423,1,1,Women
W00597,PL · Kraków,PL,HR,L1,HR L1,Cat A,115,Permanent,Hybrid,1.0,2080,19050,0,0,0,0,0,19050,9.158654,9.158654,0,1,Women
W00598,IT · Milan,IT,Tech,L5,Tech L5,Cat F,340,Permanent,Onsite,1.0,2080,93050,10780,0,0,6000,16780,109830,44.735577,52.802885,1,4,Men
W00599,PL · Kraków,PL,Operations,L2,Operations L2,Cat C,225,Permanent,Onsite,1.0,2080,23950,0,0,840,0,840,24790,11.514423,11.918269,1,2,Men
W00600,PL · Kraków,PL,Finance,L1,Finance L1,Cat A,115,Permanent,Hybrid,1.0,2080,21400,0,0,0,0,0,21400,10.288462,10.288462,0,1,Women
W00601,ES · Barcelona,ES,Finance,L4,Finance L4,Cat E,325,Permanent,Onsite,1.0,2080,64650,5000,0,0,0,5000,69650,31.081731,33.485577,1,4,Women
W00603,PL · Kraków,PL,Tech,L5,Tech L5,Cat F,340,Permanent,Hybrid,1.0,2080,70800,4180,0,0,4200,8380,79180,34.038462,38.067308,1,4,Women
W00604,PL · Kraków,PL,Customer Service,L4,Customer Service L4,Cat E,320,Fixed-term,Remote,1.0,2080,40550,4570,0,0,0,4570,45120,19.495192,21.692308,1,4,Women
W00605,DE · Munich,DE,Sales,L1,Sales L1,Cat A,145,Permanent,Hybrid,1.0,2080,41550,0,6830,0,0,6830,48380,19.975962,23.259615,1,2,Men
W00606,DE · Munich,DE,Finance,L1,Finance L1,Cat A,115,Permanent,Hybrid,1.0,2080,41150,0,0,0,0,0,41150,19.783654,19.783654,0,1,Men
W00607,PL · Kraków,PL,Sales,L3,Sales L3,Cat D,285,Permanent,Remote,1.0,2080,40850,2060,5930,0,0,7990,48840,19.639423,23.480769,1,4,Women
W00608,ES · Barcelona,ES,Tech,L2,Tech L2,Cat B,185,Permanent,Onsite,1.0,2080,38400,0,0,0,0,0,38400,18.461538,18.461538,0,3,Women
W00609,IT · Milan,IT,Tech,L3,Tech L3,Cat D,255,Fixed-term,Hybrid,1.0,2080,53000,3090,0,0,0,3090,56090,25.480769,26.966346,1,4,Men
W00610,IT · Milan,IT,Customer Service,L4,Customer Service L4,Cat E,320,Fixed-term,Onsite,1.0,2080,49550,4230,0,0,0,4230,53780,23.822115,25.855769,1,4,Men
W00611,ES · Barcelona,ES,Tech,L3,Tech L3,Cat D,255,Fixed-term,Hybrid,1.0,2080,49600,2380,0,0,0,2380,51980,23.846154,24.990385,1,4,Women
W00612,DE · Munich,DE,Operations,L4,Operations L4,Cat E,335,Fixed-term,Onsite,1.0,2080,71750,6140,0,0,0,6140,77890,34.495192,37.447115,1,4,Women
W00613,DE · Munich,DE,Operations,L2,Operations L2,Cat C,225,Permanent,Hybrid,1.0,2080,43100,0,0,0,0,0,43100,20.721154,20.721154,0,2,Men
W00614,ES · Barcelona,ES,Customer Service,L1,Customer Service L1,Cat B,175,Permanent,Hybrid,1.0,2080,21150,0,0,0,0,0,21150,10.168269,10.168269,0,1,Men
W00615,ES · Barcelona,ES,Finance,L1,Finance L1,Cat A,115,Permanent,Onsite,1.0,2080,24950,0,0,0,0,0,24950,11.995192,11.995192,0,1,Women
W00616,IT · Milan,IT,Customer Service,L1,Customer Service L1,Cat B,175,Permanent,Hybrid,1.0,2080,25600,0,0,0,0,0,25600,12.307692,12.307692,0,1,Women
W00617,DE · Munich,DE,Sales,L2,Sales L2,Cat C,215,Permanent,Remote,1.0,2080,43450,0,5360,0,0,5360,48810,20.889423,23.466346,1,2,Men
W00618,IT · Milan,IT,Tech,L2,Tech L2,Cat B,185,Permanent,Hybrid,1.0,2080,44800,0,0,0,0,0,44800,21.538462,21.538462,0,3,Men
W00619,PL · Kraków,PL,Operations,L5,Operations L5,Cat F,340,Permanent,Onsite,1.0,2080,57850,9180,0,0,4200,13380,71230,27.8125,34.245192,1,4,Women
W00621,ES · Barcelona,ES,Tech,L1,Tech L1,Cat A,150,Permanent,Hybrid,1.0,2080,29650,0,0,0,0,0,29650,14.254808,14.254808,0,2,Women
W00622,PL · Kraków,PL,Customer Service,L2,Customer Service L2,Cat C,210,Fixed-term,Hybrid,1.0,2080,21150,0,0,0,0,0,21150,10.168269,10.168269,0,1,Men
W00623,ES · Barcelona,ES,Customer Service,L4,Customer Service L4,Cat E,320,Permanent,Hybrid,1.0,2080,46550,3860,0,0,0,3860,50410,22.379808,24.235577,1,4,Men
W00624,PL · Kraków,PL,Tech,L2,Tech L2,Cat B,185,Permanent,Hybrid,1.0,2080,29700,0,0,0,0,0,29700,14.278846,14.278846,0,2,Men
W00626,PL · Kraków,PL,Finance,L4,Finance L4,Cat E,325,Permanent,Hybrid,1.0,2080,51650,5420,0,0,0,5420,57070,24.831731,27.4375,1,4,Men
W00627,ES · Barcelona,ES,Sales,L2,Sales L2,Cat C,215,Permanent,Hybrid,1.0,2080,37250,0,3800,0,0,3800,41050,17.908654,19.735577,1,3,Women
W00628,ES · Barcelona,ES,Tech,L1,Tech L1,Cat A,150,Permanent,Hybrid,1.0,2080,32000,0,0,0,0,0,32000,15.384615,15.384615,0,2,Women
W00629,DE · Munich,DE,Tech,L1,Tech L1,Cat A,150,Permanent,Remote,1.0,2080,46350,0,0,0,0,0,46350,22.283654,22.283654,0,2,Women
W00630,ES · Barcelona,ES,Customer Service,L3,Customer Service L3,Cat D,280,Permanent,Hybrid,0.8,1664,35320,1660,0,0,0,1660,36980,21.225962,22.223558,1,3,Women
W00631,IT · Milan,IT,Sales,L1,Sales L1,Cat A,145,Permanent,Hybrid,1.0,2080,24800,0,3020,0,0,3020,27820,11.923077,13.375,1,1,Women
W00632,PL · Kraków,PL,Operations,L1,Operations L1,Cat B,190,Permanent,Onsite,1.0,2080,20300,0,0,840,0,840,21140,9.759615,10.163462,1,1,Women
W00633,ES · Barcelona,ES,Sales,L3,Sales L3,Cat D,285,Permanent,Remote,1.0,2080,43050,2000,6400,0,0,8400,51450,20.697115,24.735577,1,4,Women
W00634,PL · Kraków,PL,Operations,L3,Operations L3,Cat D,295,Permanent,Remote,1.0,2080,32050,1650,0,0,0,1650,33700,15.408654,16.201923,1,3,Men
W00635,PL · Kraków,PL,Sales,L2,Sales L2,Cat C,215,Fixed-term,Hybrid,0.8,1664,22240,0,2570,0,0,2570,24810,13.365385,14.909856,1,3,Women
W00636,DE · Munich,DE,Tech,L4,Tech L4,Cat E,325,Permanent,Onsite,1.0,2080,105400,8160,0,0,0,8160,113560,50.673077,54.596154,1,4,Women
W00638,ES · Barcelona,ES,Finance,L5,Finance L5,Cat F,340,Fixed-term,Hybrid,1.0,2080,66600,7270,0,0,5400,12670,79270,32.019231,38.110577,1,4,Men
W00640,DE · Munich,DE,Finance,L3,Finance L3,Cat D,255,Fixed-term,Onsite,1.0,2080,64400,3160,0,0,0,3160,67560,30.961538,32.480769,1,3,Men
W00641,ES · Barcelona,ES,Customer Service,L4,Customer Service L4,Cat E,320,Permanent,Hybrid,1.0,2080,39750,3100,0,0,0,3100,42850,19.110577,20.600962,1,3,Women
W00642,PL · Kraków,PL,Customer Service,L2,Customer Service L2,Cat C,210,Fixed-term,Onsite,1.0,2080,23300,0,0,840,0,840,24140,11.201923,11.605769,1,2,Men
W00643,IT · Milan,IT,Customer Service,L2,Customer Service L2,Cat C,210,Fixed-term,Onsite,1.0,2080,24600,0,0,1320,0,1320,25920,11.826923,12.461538,1,1,Men
W00644,PL · Kraków,PL,Operations,L2,Operations L2,Cat C,225,Fixed-term,Onsite,1.0,2080,25750,0,0,840,0,840,26590,12.379808,12.783654,1,2,Men
W00645,PL · Kraków,PL,Customer Service,L4,Customer Service L4,Cat E,320,Permanent,Hybrid,1.0,2080,38850,0,0,0,0,0,38850,18.677885,18.677885,0,3,Men
W00646,PL · Kraków,PL,Customer Service,L3,Customer Service L3,Cat D,280,Permanent,Onsite,1.0,2080,27200,1620,0,840,0,2460,29660,13.076923,14.259615,1,2,Women
W00648,DE · Munich,DE,Operations,L1,Operations L1,Cat B,190,Fixed-term,Onsite,1.0,2080,29300,0,0,1800,0,1800,31100,14.086538,14.951923,1,1,Women
W00649,PL · Kraków,PL,Customer Service,L2,Customer Service L2,Cat C,210,Fixed-term,Onsite,1.0,2080,22650,0,0,840,0,840,23490,10.889423,11.293269,1,1,Women
W00650,IT · Milan,IT,Customer Service,L3,Customer Service L3,Cat D,280,Permanent,Hybrid,1.0,2080,39150,2530,0,0,0,2530,41680,18.822115,20.038462,1,3,Men
W00651,PL · Kraków,PL,Operations,L3,Operations L3,Cat D,295,Fixed-term,Onsite,1.0,2080,26100,1250,0,840,0,2090,28190,12.548077,13.552885,1,2,Men
W00652,PL · Kraków,PL,Operations,L3,Operations L3,Cat D,295,Permanent,Hybrid,1.0,2080,30550,840,0,0,0,840,31390,14.6875,15.091346,1,3,Men
W00653,ES · Barcelona,ES,HR,L2,HR L2,Cat B,185,Fixed-term,Onsite,1.0,2080,30350,0,0,0,0,0,30350,14.591346,14.591346,0,2,Women
W00654,PL · Kraków,PL,Finance,L2,Finance L2,Cat B,185,Permanent,Onsite,1.0,2080,23450,0,0,0,0,0,23450,11.274038,11.274038,0,1,Men
W00655,PL · Kraków,PL,Operations,L1,Operations L1,Cat B,190,Permanent,Hybrid,1.0,2080,19100,0,0,0,0,0,19100,9.182692,9.182692,0,1,Men
W00656,IT · Milan,IT,Operations,L4,Operations L4,Cat E,335,Permanent,Hybrid,1.0,2080,52800,4260,0,0,0,4260,57060,25.384615,27.432692,1,4,Women
W00657,DE · Munich,DE,Finance,L4,Finance L4,Cat E,325,Fixed-term,Remote,1.0,2080,87200,6680,0,0,0,6680,93880,41.923077,45.134615,1,4,Men
W00659,DE · Munich,DE,Tech,L4,Tech L4,Cat E,325,Permanent,Onsite,1.0,2080,94100,10310,0,0,0,10310,104410,45.240385,50.197115,1,4,Men
W00661,DE · Munich,DE,Customer Service,L4,Customer Service L4,Cat E,320,Permanent,Onsite,1.0,2080,73200,5780,0,0,0,5780,78980,35.192308,37.971154,1,4,Women
W00662,PL · Kraków,PL,Customer Service,L2,Customer Service L2,Cat C,210,Fixed-term,Hybrid,1.0,2080,22500,0,0,0,0,0,22500,10.817308,10.817308,0,1,Women
W00664,PL · Kraków,PL,Customer Service,L2,Customer Service L2,Cat C,210,Permanent,Onsite,0.8,1664,18560,0,0,672,0,672,19232,11.153846,11.557692,1,2,Women
W00665,PL · Kraków,PL,Tech,L1,Tech L1,Cat A,150,Permanent,Onsite,1.0,2080,27050,0,0,0,0,0,27050,13.004808,13.004808,0,2,Women
W00666,IT · Milan,IT,Customer Service,L1,Customer Service L1,Cat B,175,Permanent,Onsite,1.0,2080,23700,0,0,1320,0,1320,25020,11.394231,12.028846,1,1,Women
W00667,PL · Kraków,PL,Customer Service,L3,Customer Service L3,Cat D,280,Permanent,Onsite,1.0,2080,28900,1450,0,840,0,2290,31190,13.894231,14.995192,1,3,Women
W00668,PL · Kraków,PL,HR,L2,HR L2,Cat B,185,Permanent,Hybrid,1.0,2080,21950,0,0,0,0,0,21950,10.552885,10.552885,0,1,Women
W00670,ES · Barcelona,ES,Operations,L4,Operations L4,Cat E,335,Permanent,Hybrid,1.0,2080,48750,2040,0,0,0,2040,50790,23.4375,24.418269,1,4,Women
W00671,PL · Kraków,PL,Customer Service,L4,Customer Service L4,Cat E,320,Permanent,Onsite,1.0,2080,45450,3640,0,0,0,3640,49090,21.850962,23.600962,1,4,Women
W00672,IT · Milan,IT,Operations,L2,Operations L2,Cat C,225,Permanent,Hybrid,1.0,2080,36050,0,0,0,0,0,36050,17.331731,17.331731,0,2,Men
W00673,PL · Kraków,PL,Customer Service,L2,Customer Service L2,Cat C,210,Fixed-term,Hybrid,1.0,2080,23000,0,0,0,0,0,23000,11.057692,11.057692,0,1,Men
W00674,PL · Kraków,PL,Customer Service,L1,Customer Service L1,Cat B,175,Permanent,Hybrid,1.0,2080,17100,0,0,0,0,0,17100,8.221154,8.221154,0,1,Men
W00675,IT · Milan,IT,Tech,L5,Tech L5,Cat F,340,Fixed-term,Hybrid,1.0,2080,97950,12370,0,0,6000,18370,116320,47.091346,55.923077,1,4,Women
W00676,DE · Munich,DE,Operations,L3,Operations L3,Cat D,295,Permanent,Hybrid,1.0,2080,57800,4450,0,0,0,4450,62250,27.788462,29.927885,1,3,Men
W00677,IT · Milan,IT,Operations,L4,Operations L4,Cat E,335,Permanent,Remote,0.8,1664,44520,3700,0,0,0,3700,48220,26.754808,28.978365,1,4,Men
W00679,PL · Kraków,PL,Finance,L3,Finance L3,Cat D,255,Permanent,Remote,1.0,2080,36350,2160,0,0,0,2160,38510,17.475962,18.514423,1,3,Men
W00680,ES · Barcelona,ES,Customer Service,L5,Customer Service L5,Cat F,340,Permanent,Hybrid,1.0,2080,67600,3790,0,0,5400,9190,76790,32.5,36.918269,1,4,Women
W00681,DE · Munich,DE,Customer Service,L2,Customer Service L2,Cat C,210,Permanent,Hybrid,1.0,2080,46400,0,0,0,0,0,46400,22.307692,22.307692,0,2,Men
W00682,PL · Kraków,PL,Operations,L1,Operations L1,Cat B,190,Permanent,Remote,1.0,2080,19250,0,0,0,0,0,19250,9.254808,9.254808,0,1,Men
W00683,PL · Kraków,PL,Customer Service,L1,Customer Service L1,Cat B,175,Permanent,Onsite,1.0,2080,18150,0,0,840,0,840,18990,8.725962,9.129808,1,1,Men
W00684,DE · Munich,DE,Operations,L5,Operations L5,Cat F,340,Permanent,Hybrid,0.8,1664,72720,0,0,0,7200,7200,79920,43.701923,48.028846,1,4,Men
W00685,PL · Kraków,PL,Tech,L2,Tech L2,Cat B,185,Permanent,Remote,1.0,2080,32550,0,0,0,0,0,32550,15.649038,15.649038,0,3,Women
W00686,ES · Barcelona,ES,Customer Service,L2,Customer Service L2,Cat C,210,Permanent,Hybrid,1.0,2080,23700,0,0,0,0,0,23700,11.394231,11.394231,0,1,Women
W00687,PL · Kraków,PL,Finance,L1,Finance L1,Cat A,115,Fixed-term,Hybrid,1.0,2080,22050,0,0,0,0,0,22050,10.600962,10.600962,0,1,Women
W00688,ES · Barcelona,ES,Sales,L4,Sales L4,Cat E,320,Permanent,Hybrid,1.0,2080,58550,4920,10470,0,0,15390,73940,28.149038,35.548077,1,4,Men
W00689,PL · Kraków,PL,Customer Service,L3,Customer Service L3,Cat D,280,Fixed-term,Hybrid,1.0,2080,35250,2290,0,0,0,2290,37540,16.947115,18.048077,1,3,Men
W00690,DE · Munich,DE,Customer Service,L4,Customer Service L4,Cat E,320,Permanent,Remote,1.0,2080,64850,5040,0,0,0,5040,69890,31.177885,33.600962,1,3,Women
W00691,PL · Kraków,PL,Operations,L5,Operations L5,Cat F,340,Permanent,Onsite,1.0,2080,63200,3620,0,0,4200,7820,71020,30.384615,34.144231,1,4,Men
W00693,ES · Barcelona,ES,Finance,L2,Finance L2,Cat B,185,Permanent,Onsite,1.0,2080,32950,0,0,0,0,0,32950,15.841346,15.841346,0,2,Women
W00695,DE · Munich,DE,Sales,L1,Sales L1,Cat A,145,Permanent,Onsite,1.0,2080,41400,0,5300,0,0,5300,46700,19.903846,22.451923,1,2,Women
W00696,ES · Barcelona,ES,Customer Service,L4,Customer Service L4,Cat E,320,Permanent,Hybrid,1.0,2080,40950,5000,0,0,0,5000,45950,19.6875,22.091346,1,3,Women
W00697,ES · Barcelona,ES,Tech,L4,Tech L4,Cat E,325,Fixed-term,Onsite,0.8,1664,47080,3810,0,0,0,3810,50890,28.293269,30.582933,1,4,Men
W00698,DE · Munich,DE,Operations,L3,Operations L3,Cat D,295,Permanent,Onsite,1.0,2080,57550,1510,0,1800,0,3310,60860,27.668269,29.259615,1,3,Women
W00700,DE · Munich,DE,Tech,L1,Tech L1,Cat A,150,Fixed-term,Hybrid,1.0,2080,44350,0,0,0,0,0,44350,21.322115,21.322115,0,2,Men
W00701,PL · Kraków,PL,Sales,L3,Sales L3,Cat D,285,Permanent,Remote,1.0,2080,35950,1620,6600,0,0,8220,44170,17.283654,21.235577,1,4,Men
W00702,IT · Milan,IT,Finance,L1,Finance L1,Cat A,115,Permanent,Hybrid,1.0,2080,27850,0,0,0,0,0,27850,13.389423,13.389423,0,1,Men
W00703,IT · Milan,IT,Customer Service,L2,Customer Service L2,Cat C,210,Permanent,Hybrid,1.0,2080,31750,0,0,0,0,0,31750,15.264423,15.264423,0,2,Women
W00704,PL · Kraków,PL,HR,L1,HR L1,Cat A,115,Permanent,Onsite,1.0,2080,21350,0,0,0,0,0,21350,10.264423,10.264423,0,1,Men
W00705,DE · Munich,DE,Customer Service,L4,Customer Service L4,Cat E,320,Permanent,Hybrid,1.0,2080,75050,6270,0,0,0,6270,81320,36.081731,39.096154,1,4,Men
W00706,ES · Barcelona,ES,HR,L3,HR L3,Cat D,255,Permanent,Onsite,1.0,2080,47050,2440,0,0,0,2440,49490,22.620192,23.793269,1,4,Men
W00707,DE · Munich,DE,Tech,L1,Tech L1,Cat A,150,Permanent,Onsite,0.8,1664,35040,0,0,0,0,0,35040,21.057692,21.057692,0,2,Men
W00708,PL · Kraków,PL,Operations,L2,Operations L2,Cat C,225,Permanent,Hybrid,0.8,1664,17640,0,0,0,0,0,17640,10.600962,10.600962,0,1,Men
W00709,PL · Kraków,PL,Operations,L3,Operations L3,Cat D,295,Permanent,Remote,0.8,1664,23440,1070,0,0,0,1070,24510,14.086538,14.729567,1,3,Women
W00710,PL · Kraków,PL,Sales,L2,Sales L2,Cat C,215,Fixed-term,Onsite,1.0,2080,29150,0,5820,0,0,5820,34970,14.014423,16.8125,1,3,Women
W00711,IT · Milan,IT,Operations,L3,Operations L3,Cat D,295,Permanent,Onsite,1.0,2080,41950,2240,0,1320,0,3560,45510,20.168269,21.879808,1,3,Men
W00712,PL · Kraków,PL,Operations,L3,Operations L3,Cat D,295,Permanent,Hybrid,1.0,2080,30300,0,0,0,0,0,30300,14.567308,14.567308,0,3,Men
W00713,ES · Barcelona,ES,Customer Service,L3,Customer Service L3,Cat D,280,Fixed-term,Hybrid,1.0,2080,35850,2300,0,0,0,2300,38150,17.235577,18.341346,1,3,Women
W00714,PL · Kraków,PL,HR,L4,HR L4,Cat E,325,Fixed-term,Hybrid,1.0,2080,36900,1580,0,0,0,1580,38480,17.740385,18.5,1,3,Men
W00715,DE · Munich,DE,Finance,L4,Finance L4,Cat E,325,Permanent,Hybrid,1.0,2080,104150,10270,0,0,0,10270,114420,50.072115,55.009615,1,4,Men
W00716,DE · Munich,DE,Finance,L1,Finance L1,Cat A,115,Permanent,Onsite,1.0,2080,38050,0,0,0,0,0,38050,18.293269,18.293269,0,1,Women
W00717,PL · Kraków,PL,Operations,L2,Operations L2,Cat C,225,Permanent,Onsite,1.0,2080,23750,0,0,840,0,840,24590,11.418269,11.822115,1,2,Women
W00718,PL · Kraków,PL,Tech,L3,Tech L3,Cat D,255,Permanent,Hybrid,1.0,2080,36600,1840,0,0,0,1840,38440,17.596154,18.480769,1,3,Men
W00719,PL · Kraków,PL,Customer Service,L1,Customer Service L1,Cat B,175,Permanent,Onsite,1.0,2080,19450,0,0,840,0,840,20290,9.350962,9.754808,1,1,Women
W00720,ES · Barcelona,ES,Finance,L2,Finance L2,Cat B,185,Permanent,Remote,1.0,2080,37700,0,0,0,0,0,37700,18.125,18.125,0,3,Men
W00722,IT · Milan,IT,Operations,L5,Operations L5,Cat F,340,Permanent,Onsite,1.0,2080,83900,12170,0,0,6000,18170,102070,40.336538,49.072115,1,4,Women
W00723,IT · Milan,IT,Operations,L1,Operations L1,Cat B,190,Fixed-term,Onsite,1.0,2080,18350,0,0,1320,0,1320,19670,8.822115,9.456731,1,1,Women
W00725,PL · Kraków,PL,Operations,L3,Operations L3,Cat D,295,Fixed-term,Hybrid,1.0,2080,31550,1560,0,0,0,1560,33110,15.168269,15.918269,1,3,Women
W00726,PL · Kraków,PL,Customer Service,L1,Customer Service L1,Cat B,175,Permanent,Hybrid,1.0,2080,17200,0,0,0,0,0,17200,8.269231,8.269231,0,1,Women
W00727,DE · Munich,DE,Operations,L5,Operations L5,Cat F,340,Permanent,Hybrid,1.0,2080,102750,12420,0,0,7200,19620,122370,49.399038,58.831731,1,4,Women
W00729,ES · Barcelona,ES,Operations,L2,Operations L2,Cat C,225,Permanent,Onsite,1.0,2080,29350,0,0,1200,0,1200,30550,14.110577,14.6875,1,2,Men
W00730,IT · Milan,IT,Customer Service,L1,Customer Service L1,Cat B,175,Permanent,Remote,1.0,2080,23650,0,0,0,0,0,23650,11.370192,11.370192,0,1,Men
W00731,PL · Kraków,PL,Customer Service,L6,Customer Service L6,Cat G,410,Permanent,Remote,1.0,2080,84150,20120,0,0,4200,24320,108470,40.456731,52.149038,1,4,Men
W00732,DE · Munich,DE,Finance,L3,Finance L3,Cat D,255,Permanent,Onsite,1.0,2080,62950,3300,0,0,0,3300,66250,30.264423,31.850962,1,3,Men
W00733,ES · Barcelona,ES,Operations,L2,Operations L2,Cat C,225,Permanent,Onsite,1.0,2080,30650,0,0,1200,0,1200,31850,14.735577,15.3125,1,2,Women
W00734,ES · Barcelona,ES,HR,L3,HR L3,Cat D,255,Permanent,Onsite,0.8,1664,32680,1750,0,0,0,1750,34430,19.639423,20.691106,1,3,Women
W00735,PL · Kraków,PL,Tech,L2,Tech L2,Cat B,185,Fixed-term,Remote,1.0,2080,32050,0,0,0,0,0,32050,15.408654,15.408654,0,3,Women
W00736,ES · Barcelona,ES,Customer Service,L3,Customer Service L3,Cat D,280,Fixed-term,Remote,1.0,2080,34950,1830,0,0,0,1830,36780,16.802885,17.682692,1,3,Men
W00737,IT · Milan,IT,HR,L2,HR L2,Cat B,185,Fixed-term,Onsite,0.8,1664,25880,0,0,0,0,0,25880,15.552885,15.552885,0,2,Women
W00738,DE · Munich,DE,Sales,L2,Sales L2,Cat C,215,Permanent,Hybrid,1.0,2080,54300,0,6790,0,0,6790,61090,26.105769,29.370192,1,3,Men
W00739,ES · Barcelona,ES,Finance,L4,Finance L4,Cat E,325,Permanent,Remote,1.0,2080,55200,0,0,0,0,0,55200,26.538462,26.538462,0,4,Women
W00740,IT · Milan,IT,Tech,L4,Tech L4,Cat E,325,Fixed-term,Remote,1.0,2080,71350,5440,0,0,0,5440,76790,34.302885,36.918269,1,4,Men
W00741,IT · Milan,IT,Sales,L2,Sales L2,Cat C,215,Fixed-term,Onsite,1.0,2080,31400,0,3050,0,0,3050,34450,15.096154,16.5625,1,2,Men
W00742,IT · Milan,IT,Customer Service,L2,Customer Service L2,Cat C,210,Permanent,Hybrid,1.0,2080,26700,0,0,0,0,0,26700,12.836538,12.836538,0,1,Men
W00743,PL · Kraków,PL,Customer Service,L1,Customer Service L1,Cat B,175,Permanent,Onsite,1.0,2080,20050,0,0,840,0,840,20890,9.639423,10.043269,1,1,Men
W00746,PL · Kraków,PL,HR,L3,HR L3,Cat D,255,Fixed-term,Hybrid,1.0,2080,35750,1760,0,0,0,1760,37510,17.1875,18.033654,1,3,Women
W00747,DE · Munich,DE,Finance,L2,Finance L2,Cat B,185,Permanent,Remote,1.0,2080,62650,0,0,0,0,0,62650,30.120192,30.120192,0,3,Women
W00748,ES · Barcelona,ES,Sales,L2,Sales L2,Cat C,215,Permanent,Hybrid,1.0,2080,28450,0,2820,0,0,2820,31270,13.677885,15.033654,1,2,Women
W00749,IT · Milan,IT,Operations,L1,Operations L1,Cat B,190,Permanent,Hybrid,1.0,2080,24050,0,0,0,0,0,24050,11.5625,11.5625,0,1,Men
W00751,PL · Kraków,PL,Customer Service,L3,Customer Service L3,Cat D,280,Permanent,Hybrid,1.0,2080,28450,1510,0,0,0,1510,29960,13.677885,14.403846,1,2,Men
W00752,PL · Kraków,PL,Finance,L3,Finance L3,Cat D,255,Permanent,Hybrid,1.0,2080,35550,2010,0,0,0,2010,37560,17.091346,18.057692,1,3,Men
W00753,IT · Milan,IT,Customer Service,L3,Customer Service L3,Cat D,280,Permanent,Hybrid,1.0,2080,37850,1870,0,0,0,1870,39720,18.197115,19.096154,1,3,Women
W00754,PL · Kraków,PL,Customer Service,L1,Customer Service L1,Cat B,175,Permanent,Hybrid,1.0,2080,18200,0,0,0,0,0,18200,8.75,8.75,0,1,Women
W00755,PL · Kraków,PL,Finance,L1,Finance L1,Cat A,115,Permanent,Hybrid,1.0,2080,22000,0,0,0,0,0,22000,10.576923,10.576923,0,1,Men
W00756,IT · Milan,IT,Operations,L4,Operations L4,Cat E,335,Permanent,Hybrid,0.8,1664,47920,1900,0,0,0,1900,49820,28.798077,29.939904,1,4,Men
W00757,IT · Milan,IT,Customer Service,L1,Customer Service L1,Cat B,175,Permanent,Hybrid,1.0,2080,25550,0,0,0,0,0,25550,12.283654,12.283654,0,1,Men
W00758,PL · Kraków,PL,Operations,L1,Operations L1,Cat B,190,Permanent,Hybrid,1.0,2080,19750,0,0,0,0,0,19750,9.495192,9.495192,0,1,Men
W00759,PL · Kraków,PL,Customer Service,L1,Customer Service L1,Cat B,175,Fixed-term,Hybrid,1.0,2080,15800,0,0,0,0,0,15800,7.596154,7.596154,0,1,Women
W00761,DE · Munich,DE,Sales,L2,Sales L2,Cat C,215,Permanent,Hybrid,1.0,2080,62500,0,6110,0,0,6110,68610,30.048077,32.985577,1,3,Women
W00763,ES · Barcelona,ES,HR,L5,HR L5,Cat F,340,Permanent,Hybrid,1.0,2080,70200,10680,0,0,5400,16080,86280,33.75,41.480769,1,4,Women
W00764,DE · Munich,DE,Operations,L3,Operations L3,Cat D,295,Fixed-term,Hybrid,1.0,2080,54650,2860,0,0,0,2860,57510,26.274038,27.649038,1,3,Women
W00765,DE · Munich,DE,Customer Service,L2,Customer Service L2,Cat C,210,Fixed-term,Remote,0.8,1664,35320,0,0,0,0,0,35320,21.225962,21.225962,0,2,Men
W00767,ES · Barcelona,ES,Tech,L2,Tech L2,Cat B,185,Fixed-term,Hybrid,1.0,2080,38800,0,0,0,0,0,38800,18.653846,18.653846,0,3,Men
W00768,PL · Kraków,PL,Finance,L1,Finance L1,Cat A,115,Fixed-term,Onsite,1.0,2080,24050,0,0,0,0,0,24050,11.5625,11.5625,0,2,Men
W00769,DE · Munich,DE,Tech,L4,Tech L4,Cat E,325,Permanent,Onsite,1.0,2080,106400,11850,0,0,0,11850,118250,51.153846,56.850962,1,4,Men
W00770,DE · Munich,DE,Sales,L3,Sales L3,Cat D,285,Permanent,Hybrid,0.8,1664,57240,1420,9100,0,0,10520,67760,34.399038,40.721154,1,4,Men
W00771,IT · Milan,IT,Customer Service,L3,Customer Service L3,Cat D,280,Permanent,Hybrid,1.0,2080,35150,1860,0,0,0,1860,37010,16.899038,17.793269,1,2,Women
W00772,DE · Munich,DE,HR,L2,HR L2,Cat B,185,Permanent,Hybrid,1.0,2080,44300,0,0,0,0,0,44300,21.298077,21.298077,0,2,Women
W00773,PL · Kraków,PL,Tech,L1,Tech L1,Cat A,150,Permanent,Hybrid,1.0,2080,29550,0,0,0,0,0,29550,14.206731,14.206731,0,2,Men
W00774,PL · Kraków,PL,Tech,L1,Tech L1,Cat A,150,Permanent,Onsite,1.0,2080,27200,0,0,0,0,0,27200,13.076923,13.076923,0,2,Men
W00775,IT · Milan,IT,Operations,L1,Operations L1,Cat B,190,Permanent,Hybrid,1.0,2080,27200,0,0,0,0,0,27200,13.076923,13.076923,0,1,Women
W00776,PL · Kraków,PL,Sales,L4,Sales L4,Cat E,320,Permanent,Onsite,1.0,2080,41050,3700,5980,0,0,9680,50730,19.735577,24.389423,1,4,Men
W00777,PL · Kraków,PL,Customer Service,L2,Customer Service L2,Cat C,210,Fixed-term,Hybrid,1.0,2080,23700,0,0,0,0,0,23700,11.394231,11.394231,0,2,Women
W00778,PL · Kraków,PL,Customer Service,L1,Customer Service L1,Cat B,175,Permanent,Hybrid,1.0,2080,19150,0,0,0,0,0,19150,9.206731,9.206731,0,1,Men
W00779,PL · Kraków,PL,Sales,L2,Sales L2,Cat C,215,Permanent,Onsite,1.0,2080,27750,0,3210,0,0,3210,30960,13.341346,14.884615,1,3,Women
W00780,IT · Milan,IT,Operations,L6,Operations L6,Cat G,410,Permanent,Hybrid,1.0,2080,89550,16420,0,0,6000,22420,111970,43.052885,53.831731,1,4,Men
W00781,PL · Kraków,PL,Finance,L1,Finance L1,Cat A,115,Permanent,Onsite,0.8,1664,16960,0,0,0,0,0,16960,10.192308,10.192308,0,1,Men
W00782,IT · Milan,IT,Finance,L1,Finance L1,Cat A,115,Permanent,Onsite,1.0,2080,28150,0,0,0,0,0,28150,13.533654,13.533654,0,1,Men
W00784,PL · Kraków,PL,Finance,L4,Finance L4,Cat E,325,Permanent,Onsite,1.0,2080,44600,3580,0,0,0,3580,48180,21.442308,23.163462,1,4,Men
W00785,IT · Milan,IT,Tech,L3,Tech L3,Cat D,255,Permanent,Onsite,1.0,2080,40450,2000,0,0,0,2000,42450,19.447115,20.408654,1,3,Men
W00786,PL · Kraków,PL,Customer Service,L3,Customer Service L3,Cat D,280,Permanent,Onsite,1.0,2080,30700,1740,0,840,0,2580,33280,14.759615,16.0,1,3,Men
W00787,PL · Kraków,PL,Operations,L2,Operations L2,Cat C,225,Permanent,Hybrid,1.0,2080,26350,0,0,0,0,0,26350,12.668269,12.668269,0,2,Men
W00788,DE · Munich,DE,HR,L3,HR L3,Cat D,255,Permanent,Hybrid,1.0,2080,60150,3380,0,0,0,3380,63530,28.918269,30.543269,1,3,Women
W00790,IT · Milan,IT,Operations,L1,Operations L1,Cat B,190,Permanent,Hybrid,1.0,2080,24450,0,0,0,0,0,24450,11.754808,11.754808,0,1,Women
W00791,ES · Barcelona,ES,Sales,L1,Sales L1,Cat A,145,Permanent,Remote,1.0,2080,24700,0,3540,0,0,3540,28240,11.875,13.576923,1,2,Men
W00792,PL · Kraków,PL,Sales,L1,Sales L1,Cat A,145,Fixed-term,Onsite,1.0,2080,24150,0,2880,0,0,2880,27030,11.610577,12.995192,1,2,Women
W00793,PL · Kraków,PL,Customer Service,L2,Customer Service L2,Cat C,210,Permanent,Hybrid,1.0,2080,28400,0,0,0,0,0,28400,13.653846,13.653846,0,2,Women
W00797,PL · Kraków,PL,Customer Service,L2,Customer Service L2,Cat C,210,Fixed-term,Hybrid,1.0,2080,24200,0,0,0,0,0,24200,11.634615,11.634615,0,2,Men
W00798,IT · Milan,IT,Operations,L4,Operations L4,Cat E,335,Permanent,Onsite,1.0,2080,53400,4510,0,0,0,4510,57910,25.673077,27.841346,1,4,Men
W00799,ES · Barcelona,ES,Customer Service,L1,Customer Service L1,Cat B,175,Permanent,Hybrid,1.0,2080,23650,0,0,0,0,0,23650,11.370192,11.370192,0,1,Women
W00800,ES · Barcelona,ES,Sales,L3,Sales L3,Cat D,285,Permanent,Hybrid,1.0,2080,39250,990,4730,0,0,5720,44970,18.870192,21.620192,1,3,Men
W00801,DE · Munich,DE,Customer Service,L2,Customer Service L2,Cat C,210,Permanent,Hybrid,1.0,2080,41200,0,0,0,0,0,41200,19.807692,19.807692,0,1,Women
W00802,IT · Milan,IT,HR,L1,HR L1,Cat A,115,Permanent,Hybrid,1.0,2080,26550,0,0,0,0,0,26550,12.764423,12.764423,0,1,Men
W00803,DE · Munich,DE,Operations,L2,Operations L2,Cat C,225,Permanent,Onsite,1.0,2080,44700,0,0,1800,0,1800,46500,21.490385,22.355769,1,2,Men
W00806,DE · Munich,DE,Operations,L3,Operations L3,Cat D,295,Permanent,Hybrid,1.0,2080,57400,2900,0,0,0,2900,60300,27.596154,28.990385,1,3,Men
W00807,ES · Barcelona,ES,Operations,L4,Operations L4,Cat E,335,Fixed-term,Hybrid,1.0,2080,44150,3490,0,0,0,3490,47640,21.225962,22.903846,1,3,Women
W00809,PL · Kraków,PL,Operations,L4,Operations L4,Cat E,335,Permanent,Hybrid,1.0,2080,38400,2980,0,0,0,2980,41380,18.461538,19.894231,1,3,Women
W00810,DE · Munich,DE,Customer Service,L1,Customer Service L1,Cat B,175,Permanent,Hybrid,1.0,2080,25350,0,0,0,0,0,25350,12.1875,12.1875,0,1,Women
W00811,PL · Kraków,PL,Finance,L1,Finance L1,Cat A,115,Permanent,Onsite,1.0,2080,26500,0,0,0,0,0,26500,12.740385,12.740385,0,2,Women
W00812,PL · Kraków,PL,Operations,L1,Operations L1,Cat B,190,Permanent,Hybrid,1.0,2080,18050,0,0,0,0,0,18050,8.677885,8.677885,0,1,Women
W00813,PL · Kraków,PL,Customer Service,L1,Customer Service L1,Cat B,175,Permanent,Hybrid,1.0,2080,17100,0,0,0,0,0,17100,8.221154,8.221154,0,1,Women
W00814,DE · Munich,DE,Tech,L3,Tech L3,Cat D,255,Permanent,Hybrid,1.0,2080,80200,4400,0,0,0,4400,84600,38.557692,40.673077,1,4,Women
W00816,IT · Milan,IT,Customer Service,L2,Customer Service L2,Cat C,210,Permanent,Hybrid,1.0,2080,23900,0,0,0,0,0,23900,11.490385,11.490385,0,1,Women
W00817,PL · Kraków,PL,Tech,L3,Tech L3,Cat D,255,Fixed-term,Onsite,0.8,1664,32640,1520,0,0,0,1520,34160,19.615385,20.528846,1,4,Men
W00818,PL · Kraków,PL,Operations,L3,Operations L3,Cat D,295,Permanent,Onsite,1.0,2080,31600,1580,0,840,0,2420,34020,15.192308,16.355769,1,3,Men
W00819,IT · Milan,IT,Customer Service,L2,Customer Service L2,Cat C,210,Permanent,Onsite,1.0,2080,29750,0,0,1320,0,1320,31070,14.302885,14.9375,1,2,Women
W00821,DE · Munich,DE,HR,L1,HR L1,Cat A,115,Permanent,Onsite,1.0,2080,40250,0,0,0,0,0,40250,19.350962,19.350962,0,1,Women
W00822,PL · Kraków,PL,Customer Service,L1,Customer Service L1,Cat B,175,Fixed-term,Hybrid,1.0,2080,15350,0,0,0,0,0,15350,7.379808,7.379808,0,1,Women
W00823,DE · Munich,DE,Customer Service,L1,Customer Service L1,Cat B,175,Fixed-term,Onsite,1.0,2080,34250,0,0,1800,0,1800,36050,16.466346,17.331731,1,1,Men
W00824,PL · Kraków,PL,Operations,L5,Operations L5,Cat F,340,Permanent,Hybrid,1.0,2080,57000,8840,0,0,4200,13040,70040,27.403846,33.673077,1,4,Men
W00825,IT · Milan,IT,Tech,L5,Tech L5,Cat F,340,Permanent,Onsite,1.0,2080,95750,9500,0,0,6000,15500,111250,46.033654,53.485577,1,4,Men
W00826,IT · Milan,IT,Operations,L2,Operations L2,Cat C,225,Permanent,Hybrid,1.0,2080,30300,0,0,0,0,0,30300,14.567308,14.567308,0,2,Women
W00827,DE · Munich,DE,Customer Service,L4,Customer Service L4,Cat E,320,Permanent,Remote,1.0,2080,48000,4160,0,0,0,4160,52160,23.076923,25.076923,1,2,Women
W00829,IT · Milan,IT,Finance,L2,Finance L2,Cat B,185,Fixed-term,Onsite,1.0,2080,33350,0,0,0,0,0,33350,16.033654,16.033654,0,2,Women
W00830,IT · Milan,IT,Operations,L3,Operations L3,Cat D,295,Permanent,Hybrid,1.0,2080,36850,1750,0,0,0,1750,38600,17.716346,18.557692,1,3,Women
W00831,DE · Munich,DE,Tech,L4,Tech L4,Cat E,325,Permanent,Hybrid,1.0,2080,74550,7560,0,0,0,7560,82110,35.841346,39.475962,1,4,Men
W00832,PL · Kraków,PL,Customer Service,L2,Customer Service L2,Cat C,210,Fixed-term,Hybrid,1.0,2080,25300,0,0,0,0,0,25300,12.163462,12.163462,0,2,Men
W00834,ES · Barcelona,ES,Customer Service,L1,Customer Service L1,Cat B,175,Fixed-term,Onsite,1.0,2080,21500,0,0,1200,0,1200,22700,10.336538,10.913462,1,1,Women
W00835,DE · Munich,DE,Operations,L1,Operations L1,Cat B,190,Permanent,Hybrid,0.8,1664,26680,0,0,0,0,0,26680,16.033654,16.033654,0,1,Men
W00836,PL · Kraków,PL,Customer Service,L2,Customer Service L2,Cat C,210,Fixed-term,Hybrid,1.0,2080,22550,0,0,0,0,0,22550,10.841346,10.841346,0,1,Men
W00837,ES · Barcelona,ES,Customer Service,L2,Customer Service L2,Cat C,210,Fixed-term,Hybrid,1.0,2080,31550,0,0,0,0,0,31550,15.168269,15.168269,0,2,Women
W00838,DE · Munich,DE,Sales,L1,Sales L1,Cat A,145,Fixed-term,Remote,0.8,1664,39680,0,4670,0,0,4670,44350,23.846154,26.652644,1,3,Men
W00839,ES · Barcelona,ES,Operations,L3,Operations L3,Cat D,295,Permanent,Onsite,1.0,2080,34000,1690,0,1200,0,2890,36890,16.346154,17.735577,1,3,Men
W00840,PL · Kraków,PL,Customer Service,L2,Customer Service L2,Cat C,210,Permanent,Onsite,1.0,2080,19450,0,0,840,0,840,20290,9.350962,9.754808,1,1,Women
W00841,IT · Milan,IT,Operations,L6,Operations L6,Cat G,410,Permanent,Hybrid,1.0,2080,105450,20350,0,0,6000,26350,131800,50.697115,63.365385,1,4,Women
W00843,PL · Kraków,PL,HR,L4,HR L4,Cat E,325,Permanent,Hybrid,0.8,1664,35840,0,0,0,0,0,35840,21.538462,21.538462,0,4,Men
W00845,DE · Munich,DE,Finance,L2,Finance L2,Cat B,185,Permanent,Remote,1.0,2080,57750,0,0,0,0,0,57750,27.764423,27.764423,0,3,Men
W00847,DE · Munich,DE,Customer Service,L2,Customer Service L2,Cat C,210,Permanent,Hybrid,1.0,2080,49200,0,0,0,0,0,49200,23.653846,23.653846,0,2,Women
W00848,ES · Barcelona,ES,Tech,L2,Tech L2,Cat B,185,Permanent,Remote,1.0,2080,39700,0,0,0,0,0,39700,19.086538,19.086538,0,3,Men
W00849,PL · Kraków,PL,Customer Service,L2,Customer Service L2,Cat C,210,Permanent,Hybrid,1.0,2080,24450,0,0,0,0,0,24450,11.754808,11.754808,0,2,Women
W00850,PL · Kraków,PL,Tech,L6,Tech L6,Cat G,410,Permanent,Hybrid,1.0,2080,78400,16870,0,0,4200,21070,99470,37.692308,47.822115,1,4,Men
W00851,DE · Munich,DE,Operations,L4,Operations L4,Cat E,335,Permanent,Remote,1.0,2080,74800,7390,0,0,0,7390,82190,35.961538,39.514423,1,4,Men
W00852,PL · Kraków,PL,Tech,L2,Tech L2,Cat B,185,Permanent,Hybrid,0.8,1664,30040,0,0,0,0,0,30040,18.052885,18.052885,0,3,Men
W00853,IT · Milan,IT,Customer Service,L2,Customer Service L2,Cat C,210,Permanent,Onsite,1.0,2080,29200,0,0,1320,0,1320,30520,14.038462,14.673077,1,2,Women
W00854,PL · Kraków,PL,Sales,L2,Sales L2,Cat C,215,Permanent,Onsite,1.0,2080,25400,0,2840,0,0,2840,28240,12.211538,13.576923,1,2,Women
W00855,IT · Milan,IT,Customer Service,L2,Customer Service L2,Cat C,210,Permanent,Onsite,1.0,2080,22950,0,0,1320,0,1320,24270,11.033654,11.668269,1,1,Women
W00857,IT · Milan,IT,Customer Service,L2,Customer Service L2,Cat C,210,Permanent,Hybrid,1.0,2080,33000,0,0,0,0,0,33000,15.865385,15.865385,0,2,Men
W00858,ES · Barcelona,ES,Operations,L2,Operations L2,Cat C,225,Fixed-term,Remote,1.0,2080,31550,0,0,0,0,0,31550,15.168269,15.168269,0,2,Men
W00859,IT · Milan,IT,Customer Service,L3,Customer Service L3,Cat D,280,Permanent,Hybrid,1.0,2080,40000,2010,0,0,0,2010,42010,19.230769,20.197115,1,3,Men
W00861,IT · Milan,IT,Customer Service,L1,Customer Service L1,Cat B,175,Permanent,Hybrid,0.8,1664,20200,0,0,0,0,0,20200,12.139423,12.139423,0,1,Women
W00862,PL · Kraków,PL,Customer Service,L1,Customer Service L1,Cat B,175,Permanent,Hybrid,0.8,1664,16400,0,0,0,0,0,16400,9.855769,9.855769,0,1,Women
W00864,PL · Kraków,PL,HR,L4,HR L4,Cat E,325,Permanent,Hybrid,1.0,2080,43500,1900,0,0,0,1900,45400,20.913462,21.826923,1,4,Men
W00865,PL · Kraków,PL,Customer Service,L2,Customer Service L2,Cat C,210,Permanent,Hybrid,1.0,2080,27300,0,0,0,0,0,27300,13.125,13.125,0,2,Women
W00867,DE · Munich,DE,Operations,L4,Operations L4,Cat E,335,Fixed-term,Hybrid,1.0,2080,84200,3200,0,0,0,3200,87400,40.480769,42.019231,1,4,Men
W00868,IT · Milan,IT,Customer Service,L1,Customer Service L1,Cat B,175,Permanent,Hybrid,1.0,2080,23750,0,0,0,0,0,23750,11.418269,11.418269,0,1,Men
W00869,DE · Munich,DE,Customer Service,L1,Customer Service L1,Cat B,175,Fixed-term,Onsite,1.0,2080,32900,0,0,1800,0,1800,34700,15.817308,16.682692,1,1,Men
W00870,IT · Milan,IT,Customer Service,L2,Customer Service L2,Cat C,210,Permanent,Hybrid,1.0,2080,25250,0,0,0,0,0,25250,12.139423,12.139423,0,1,Men
W00871,DE · Munich,DE,Sales,L3,Sales L3,Cat D,285,Permanent,Onsite,1.0,2080,57200,3700,7600,0,0,11300,68500,27.5,32.932692,1,3,Men
W00872,IT · Milan,IT,Sales,L3,Sales L3,Cat D,285,Permanent,Onsite,1.0,2080,45600,1180,6490,0,0,7670,53270,21.923077,25.610577,1,4,Men
W00874,DE · Munich,DE,Operations,L5,Operations L5,Cat F,340,Fixed-term,Onsite,0.8,1664,80640,0,0,0,7200,7200,87840,48.461538,52.788462,1,4,Men
W00875,PL · Kraków,PL,Operations,L3,Operations L3,Cat D,295,Permanent,Onsite,1.0,2080,31250,1730,0,840,0,2570,33820,15.024038,16.259615,1,3,Men
W00876,PL · Kraków,PL,Operations,L2,Operations L2,Cat C,225,Fixed-term,Onsite,1.0,2080,27450,0,0,840,0,840,28290,13.197115,13.600962,1,2,Women
W00877,DE · Munich,DE,Operations,L1,Operations L1,Cat B,190,Fixed-term,Hybrid,1.0,2080,37350,0,0,0,0,0,37350,17.956731,17.956731,0,1,Men
W00878,ES · Barcelona,ES,Customer Service,L1,Customer Service L1,Cat B,175,Permanent,Onsite,1.0,2080,25650,0,0,1200,0,1200,26850,12.331731,12.908654,1,1,Men
W00879,IT · Milan,IT,Tech,L1,Tech L1,Cat A,150,Permanent,Onsite,1.0,2080,28900,0,0,0,0,0,28900,13.894231,13.894231,0,2,Men
W00880,PL · Kraków,PL,Tech,L2,Tech L2,Cat B,185,Permanent,Hybrid,1.0,2080,29950,0,0,0,0,0,29950,14.399038,14.399038,0,2,Women
W00882,DE · Munich,DE,Customer Service,L2,Customer Service L2,Cat C,210,Permanent,Hybrid,1.0,2080,51500,0,0,0,0,0,51500,24.759615,24.759615,0,2,Men
W00883,ES · Barcelona,ES,Operations,L2,Operations L2,Cat C,225,Permanent,Hybrid,1.0,2080,32300,0,0,0,0,0,32300,15.528846,15.528846,0,2,Men
W00884,PL · Kraków,PL,Operations,L5,Operations L5,Cat F,340,Permanent,Onsite,1.0,2080,47100,6800,0,0,4200,11000,58100,22.644231,27.932692,1,4,Women
W00885,IT · Milan,IT,Finance,L3,Finance L3,Cat D,255,Fixed-term,Hybrid,1.0,2080,45000,2780,0,0,0,2780,47780,21.634615,22.971154,1,3,Men
W00887,DE · Munich,DE,Operations,L3,Operations L3,Cat D,295,Permanent,Onsite,1.0,2080,59550,3410,0,1800,0,5210,64760,28.629808,31.134615,1,3,Men
W00889,IT · Milan,IT,Tech,L2,Tech L2,Cat B,185,Permanent,Onsite,1.0,2080,39850,0,0,0,0,0,39850,19.158654,19.158654,0,3,Women
W00891,IT · Milan,IT,Operations,L2,Operations L2,Cat C,225,Permanent,Onsite,1.0,2080,34400,0,0,1320,0,1320,35720,16.538462,17.173077,1,2,Women
W00892,PL · Kraków,PL,Operations,L1,Operations L1,Cat B,190,Permanent,Onsite,1.0,2080,20250,0,0,840,0,840,21090,9.735577,10.139423,1,1,Men
W00894,PL · Kraków,PL,Tech,L3,Tech L3,Cat D,255,Permanent,Hybrid,1.0,2080,43250,2360,0,0,0,2360,45610,20.793269,21.927885,1,4,Men
W00895,PL · Kraków,PL,Customer Service,L1,Customer Service L1,Cat B,175,Fixed-term,Hybrid,1.0,2080,21500,0,0,0,0,0,21500,10.336538,10.336538,0,1,Men
W00896,DE · Munich,DE,Operations,L2,Operations L2,Cat C,225,Fixed-term,Hybrid,1.0,2080,45050,0,0,0,0,0,45050,21.658654,21.658654,0,2,Women
W00897,ES · Barcelona,ES,Customer Service,L3,Customer Service L3,Cat D,280,Permanent,Onsite,1.0,2080,36050,1760,0,1200,0,2960,39010,17.331731,18.754808,1,3,Women
W00898,PL · Kraków,PL,Finance,L4,Finance L4,Cat E,325,Permanent,Hybrid,1.0,2080,47550,1730,0,0,0,1730,49280,22.860577,23.692308,1,4,Men
W00900,DE · Munich,DE,Sales,L3,Sales L3,Cat D,285,Permanent,Remote,1.0,2080,69150,3480,12560,0,0,16040,85190,33.245192,40.956731,1,4,Women
W00901,IT · Milan,IT,Operations,L1,Operations L1,Cat B,190,Permanent,Onsite,1.0,2080,26350,0,0,1320,0,1320,27670,12.668269,13.302885,1,1,Women
W00903,PL · Kraków,PL,Operations,L3,Operations L3,Cat D,295,Fixed-term,Hybrid,1.0,2080,28800,1410,0,0,0,1410,30210,13.846154,14.524038,1,3,Women
W00904,IT · Milan,IT,Tech,L4,Tech L4,Cat E,325,Fixed-term,Hybrid,1.0,2080,63400,4730,0,0,0,4730,68130,30.480769,32.754808,1,4,Men
W00906,DE · Munich,DE,HR,L3,HR L3,Cat D,255,Permanent,Onsite,1.0,2080,56650,1500,0,0,0,1500,58150,27.235577,27.956731,1,3,Men
W00907,IT · Milan,IT,Operations,L1,Operations L1,Cat B,190,Permanent,Hybrid,1.0,2080,24550,0,0,0,0,0,24550,11.802885,11.802885,0,1,Women
W00908,ES · Barcelona,ES,Operations,L2,Operations L2,Cat C,225,Permanent,Hybrid,1.0,2080,32250,0,0,0,0,0,32250,15.504808,15.504808,0,2,Men
W00909,DE · Munich,DE,Customer Service,L1,Customer Service L1,Cat B,175,Permanent,Hybrid,1.0,2080,37400,0,0,0,0,0,37400,17.980769,17.980769,0,1,Women
W00910,IT · Milan,IT,Customer Service,L1,Customer Service L1,Cat B,175,Permanent,Onsite,1.0,2080,23200,0,0,1320,0,1320,24520,11.153846,11.788462,1,1,Men
W00911,DE · Munich,DE,Sales,L1,Sales L1,Cat A,145,Permanent,Hybrid,0.8,1664,34240,0,4220,0,0,4220,38460,20.576923,23.112981,1,2,Men
W00912,PL · Kraków,PL,Finance,L3,Finance L3,Cat D,255,Fixed-term,Hybrid,1.0,2080,40050,990,0,0,0,990,41040,19.254808,19.730769,1,3,Men
W00913,ES · Barcelona,ES,Operations,L2,Operations L2,Cat C,225,Permanent,Hybrid,1.0,2080,25350,0,0,0,0,0,25350,12.1875,12.1875,0,1,Women
W00914,DE · Munich,DE,Finance,L2,Finance L2,Cat B,185,Permanent,Hybrid,1.0,2080,46500,0,0,0,0,0,46500,22.355769,22.355769,0,2,Women
W00915,DE · Munich,DE,Operations,L1,Operations L1,Cat B,190,Permanent,Remote,1.0,2080,35600,0,0,0,0,0,35600,17.115385,17.115385,0,1,Women
W00916,PL · Kraków,PL,Operations,L2,Operations L2,Cat C,225,Permanent,Onsite,1.0,2080,25300,0,0,840,0,840,26140,12.163462,12.567308,1,2,Men
W00917,PL · Kraków,PL,Tech,L3,Tech L3,Cat D,255,Permanent,Hybrid,1.0,2080,42300,2110,0,0,0,2110,44410,20.336538,21.350962,1,4,Women
W00918,IT · Milan,IT,Finance,L5,Finance L5,Cat F,340,Permanent,Hybrid,1.0,2080,76750,5160,0,0,6000,11160,87910,36.899038,42.264423,1,4,Men
W00919,PL · Kraków,PL,Sales,L3,Sales L3,Cat D,285,Permanent,Hybrid,1.0,2080,34300,1590,4470,0,0,6060,40360,16.490385,19.403846,1,3,Men
W00920,DE · Munich,DE,Operations,L2,Operations L2,Cat C,225,Permanent,Hybrid,1.0,2080,39900,0,0,0,0,0,39900,19.182692,19.182692,0,1,Women
W00921,IT · Milan,IT,Customer Service,L4,Customer Service L4,Cat E,320,Permanent,Onsite,1.0,2080,49250,3910,0,0,0,3910,53160,23.677885,25.557692,1,4,Men
W00922,PL · Kraków,PL,Customer Service,L1,Customer Service L1,Cat B,175,Permanent,Hybrid,1.0,2080,16800,0,0,0,0,0,16800,8.076923,8.076923,0,1,Men
W00923,IT · Milan,IT,Operations,L1,Operations L1,Cat B,190,Permanent,Onsite,1.0,2080,25950,0,0,1320,0,1320,27270,12.475962,13.110577,1,1,Women
W00924,IT · Milan,IT,Tech,L4,Tech L4,Cat E,325,Fixed-term,Hybrid,1.0,2080,65750,0,0,0,0,0,65750,31.610577,31.610577,0,4,Men
W00925,PL · Kraków,PL,Sales,L2,Sales L2,Cat C,215,Permanent,Hybrid,1.0,2080,20400,0,2920,0,0,2920,23320,9.807692,11.211538,1,1,Women
W00926,IT · Milan,IT,Operations,L1,Operations L1,Cat B,190,Permanent,Hybrid,1.0,2080,29100,0,0,0,0,0,29100,13.990385,13.990385,0,2,Men
W00928,IT · Milan,IT,Customer Service,L1,Customer Service L1,Cat B,175,Permanent,Hybrid,1.0,2080,25200,0,0,0,0,0,25200,12.115385,12.115385,0,1,Men
W00929,PL · Kraków,PL,Sales,L3,Sales L3,Cat D,285,Fixed-term,Hybrid,1.0,2080,28150,1640,2440,0,0,4080,32230,13.533654,15.495192,1,3,Men
W00931,IT · Milan,IT,Operations,L2,Operations L2,Cat C,225,Fixed-term,Hybrid,0.8,1664,23600,0,0,0,0,0,23600,14.182692,14.182692,0,2,Women
W00932,IT · Milan,IT,HR,L1,HR L1,Cat A,115,Permanent,Remote,0.8,1664,17720,0,0,0,0,0,17720,10.649038,10.649038,0,1,Men
W00933,PL · Kraków,PL,Operations,L1,Operations L1,Cat B,190,Permanent,Hybrid,1.0,2080,20700,0,0,0,0,0,20700,9.951923,9.951923,0,1,Women
W00934,PL · Kraków,PL,Customer Service,L3,Customer Service L3,Cat D,280,Permanent,Hybrid,1.0,2080,33400,2080,0,0,0,2080,35480,16.057692,17.057692,1,3,Men
W00936,IT · Milan,IT,Tech,L3,Tech L3,Cat D,255,Permanent,Hybrid,1.0,2080,48050,3090,0,0,0,3090,51140,23.100962,24.586538,1,3,Men
W00937,DE · Munich,DE,Customer Service,L4,Customer Service L4,Cat E,320,Permanent,Remote,1.0,2080,80300,6410,0,0,0,6410,86710,38.605769,41.6875,1,4,Women
W00938,PL · Kraków,PL,Operations,L1,Operations L1,Cat B,190,Permanent,Hybrid,1.0,2080,22450,0,0,0,0,0,22450,10.793269,10.793269,0,1,Women
W00939,DE · Munich,DE,HR,L2,HR L2,Cat B,185,Permanent,Onsite,1.0,2080,51950,0,0,0,0,0,51950,24.975962,24.975962,0,2,Women
W00940,IT · Milan,IT,Customer Service,L2,Customer Service L2,Cat C,210,Permanent,Hybrid,1.0,2080,30100,0,0,0,0,0,30100,14.471154,14.471154,0,2,Men
W00942,PL · Kraków,PL,Customer Service,L2,Customer Service L2,Cat C,210,Permanent,Hybrid,1.0,2080,21650,0,0,0,0,0,21650,10.408654,10.408654,0,1,Women
W00943,ES · Barcelona,ES,Sales,L2,Sales L2,Cat C,215,Permanent,Remote,0.8,1664,27800,0,3560,0,0,3560,31360,16.706731,18.846154,1,3,Women
W00944,IT · Milan,IT,Customer Service,L4,Customer Service L4,Cat E,320,Permanent,Onsite,1.0,2080,50100,4120,0,0,0,4120,54220,24.086538,26.067308,1,4,Men
W00945,IT · Milan,IT,Customer Service,L1,Customer Service L1,Cat B,175,Permanent,Remote,1.0,2080,22600,0,0,0,0,0,22600,10.865385,10.865385,0,1,Men
W00946,PL · Kraków,PL,Customer Service,L1,Customer Service L1,Cat B,175,Fixed-term,Hybrid,1.0,2080,17350,0,0,0,0,0,17350,8.341346,8.341346,0,1,Women
W00947,IT · Milan,IT,Tech,L4,Tech L4,Cat E,325,Permanent,Remote,1.0,2080,69850,6050,0,0,0,6050,75900,33.581731,36.490385,1,4,Women
W00948,PL · Kraków,PL,Tech,L2,Tech L2,Cat B,185,Permanent,Onsite,0.8,1664,24920,0,0,0,0,0,24920,14.975962,14.975962,0,3,Men
W00949,IT · Milan,IT,Customer Service,L3,Customer Service L3,Cat D,280,Permanent,Hybrid,1.0,2080,34850,1840,0,0,0,1840,36690,16.754808,17.639423,1,2,Women
W00950,PL · Kraków,PL,Operations,L2,Operations L2,Cat C,225,Permanent,Hybrid,1.0,2080,27150,0,0,0,0,0,27150,13.052885,13.052885,0,2,Women
W00951,PL · Kraków,PL,Tech,L1,Tech L1,Cat A,150,Permanent,Hybrid,1.0,2080,22950,0,0,0,0,0,22950,11.033654,11.033654,0,1,Women
W00952,ES · Barcelona,ES,Operations,L4,Operations L4,Cat E,335,Permanent,Hybrid,1.0,2080,47400,0,0,0,0,0,47400,22.788462,22.788462,0,3,Men
W00953,DE · Munich,DE,Finance,L4,Finance L4,Cat E,325,Permanent,Remote,1.0,2080,89600,8460,0,0,0,8460,98060,43.076923,47.144231,1,4,Men
W00954,IT · Milan,IT,Customer Service,L3,Customer Service L3,Cat D,280,Permanent,Hybrid,1.0,2080,40900,1110,0,0,0,1110,42010,19.663462,20.197115,1,3,Women
W00955,ES · Barcelona,ES,Operations,L5,Operations L5,Cat F,340,Permanent,Onsite,1.0,2080,66850,8500,0,0,5400,13900,80750,32.139423,38.822115,1,4,Men
W00956,PL · Kraków,PL,Finance,L2,Finance L2,Cat B,185,Permanent,Hybrid,1.0,2080,29700,0,0,0,0,0,29700,14.278846,14.278846,0,2,Men
W00957,IT · Milan,IT,Sales,L2,Sales L2,Cat C,215,Permanent,Onsite,1.0,2080,32400,0,3820,0,0,3820,36220,15.576923,17.413462,1,2,Women
W00959,ES · Barcelona,ES,Customer Service,L3,Customer Service L3,Cat D,280,Permanent,Remote,1.0,2080,36700,1890,0,0,0,1890,38590,17.644231,18.552885,1,3,Women
W00960,DE · Munich,DE,Customer Service,L1,Customer Service L1,Cat B,175,Permanent,Onsite,1.0,2080,35950,0,0,1800,0,1800,37750,17.283654,18.149038,1,1,Women
W00961,IT · Milan,IT,Operations,L3,Operations L3,Cat D,295,Permanent,Remote,1.0,2080,38100,1840,0,0,0,1840,39940,18.317308,19.201923,1,3,Women
W00962,DE · Munich,DE,Tech,L1,Tech L1,Cat A,150,Permanent,Hybrid,1.0,2080,43550,0,0,0,0,0,43550,20.9375,20.9375,0,2,Women
W00964,ES · Barcelona,ES,Operations,L1,Operations L1,Cat B,190,Permanent,Remote,1.0,2080,22150,0,0,0,0,0,22150,10.649038,10.649038,0,1,Women
W00965,PL · Kraków,PL,Customer Service,L2,Customer Service L2,Cat C,210,Fixed-term,Onsite,1.0,2080,22550,0,0,840,0,840,23390,10.841346,11.245192,1,1,Women
W00966,PL · Kraków,PL,Operations,L1,Operations L1,Cat B,190,Fixed-term,Onsite,1.0,2080,18550,0,0,840,0,840,19390,8.918269,9.322115,1,1,Men
W00967,ES · Barcelona,ES,Customer Service,L1,Customer Service L1,Cat B,175,Permanent,Remote,1.0,2080,18700,0,0,0,0,0,18700,8.990385,8.990385,0,1,Men
W00968,PL · Kraków,PL,Operations,L1,Operations L1,Cat B,190,Permanent,Hybrid,1.0,2080,19950,0,0,0,0,0,19950,9.591346,9.591346,0,1,Women
W00969,IT · Milan,IT,Sales,L3,Sales L3,Cat D,285,Permanent,Hybrid,1.0,2080,37000,0,3750,0,0,3750,40750,17.788462,19.591346,1,3,Men
W00970,PL · Kraków,PL,Sales,L5,Sales L5,Cat F,340,Permanent,Remote,1.0,2080,64850,7150,10620,0,4200,21970,86820,31.177885,41.740385,1,4,Men
W00971,PL · Kraków,PL,Finance,L3,Finance L3,Cat D,255,Permanent,Onsite,1.0,2080,39000,1910,0,0,0,1910,40910,18.75,19.668269,1,3,Men
W00972,PL · Kraków,PL,Customer Service,L2,Customer Service L2,Cat C,210,Permanent,Onsite,1.0,2080,23000,0,0,840,0,840,23840,11.057692,11.461538,1,2,Women
W00973,PL · Kraków,PL,Tech,L3,Tech L3,Cat D,255,Fixed-term,Hybrid,1.0,2080,41750,2230,0,0,0,2230,43980,20.072115,21.144231,1,4,Men
W00974,PL · Kraków,PL,Sales,L6,Sales L6,Cat G,410,Fixed-term,Onsite,1.0,2080,92050,23320,13850,0,4200,41370,133420,44.254808,64.144231,1,4,Men
W00975,IT · Milan,IT,Operations,L2,Operations L2,Cat C,225,Permanent,Hybrid,1.0,2080,33500,0,0,0,0,0,33500,16.105769,16.105769,0,2,Women
W00976,IT · Milan,IT,Customer Service,L3,Customer Service L3,Cat D,280,Permanent,Onsite,1.0,2080,32900,2360,0,1320,0,3680,36580,15.817308,17.586538,1,2,Women
W00977,IT · Milan,IT,Finance,L2,Finance L2,Cat B,185,Permanent,Hybrid,0.8,1664,28880,0,0,0,0,0,28880,17.355769,17.355769,0,2,Women
W00978,PL · Kraków,PL,Customer Service,L3,Customer Service L3,Cat D,280,Permanent,Hybrid,0.8,1664,25560,1320,0,0,0,1320,26880,15.360577,16.153846,1,3,Women
W00979,IT · Milan,IT,Operations,L5,Operations L5,Cat F,340,Fixed-term,Remote,0.8,1664,62680,9260,0,0,6000,15260,77940,37.668269,46.838942,1,4,Men
W00980,DE · Munich,DE,HR,L3,HR L3,Cat D,255,Permanent,Onsite,1.0,2080,48900,2100,0,0,0,2100,51000,23.509615,24.519231,1,2,Men
W00982,PL · Kraków,PL,Sales,L3,Sales L3,Cat D,285,Fixed-term,Hybrid,1.0,2080,33450,1650,4410,0,0,6060,39510,16.081731,18.995192,1,3,Women
W00983,DE · Munich,DE,HR,L4,HR L4,Cat E,325,Permanent,Hybrid,1.0,2080,73550,2900,0,0,0,2900,76450,35.360577,36.754808,1,4,Men
W00984,DE · Munich,DE,Customer Service,L4,Customer Service L4,Cat E,320,Permanent,Remote,1.0,2080,70550,5720,0,0,0,5720,76270,33.918269,36.668269,1,4,Women
W00985,IT · Milan,IT,Operations,L1,Operations L1,Cat B,190,Fixed-term,Hybrid,1.0,2080,24850,0,0,0,0,0,24850,11.947115,11.947115,0,1,Women
W00986,PL · Kraków,PL,Customer Service,L1,Customer Service L1,Cat B,175,Permanent,Hybrid,0.8,1664,15920,0,0,0,0,0,15920,9.567308,9.567308,0,1,Women
W00987,ES · Barcelona,ES,Finance,L2,Finance L2,Cat B,185,Permanent,Hybrid,1.0,2080,31100,0,0,0,0,0,31100,14.951923,14.951923,0,2,Women
W00988,IT · Milan,IT,Operations,L2,Operations L2,Cat C,225,Permanent,Remote,1.0,2080,29850,0,0,0,0,0,29850,14.350962,14.350962,0,2,Men
W00989,ES · Barcelona,ES,Finance,L3,Finance L3,Cat D,255,Permanent,Onsite,1.0,2080,44250,2150,0,0,0,2150,46400,21.274038,22.307692,1,3,Women
W00990,ES · Barcelona,ES,Operations,L4,Operations L4,Cat E,335,Permanent,Hybrid,1.0,2080,51900,2050,0,0,0,2050,53950,24.951923,25.9375,1,4,Men
W00991,DE · Munich,DE,Tech,L3,Tech L3,Cat D,255,Permanent,Remote,1.0,2080,88400,3890,0,0,0,3890,92290,42.5,44.370192,1,4,Men
W00992,ES · Barcelona,ES,Finance,L2,Finance L2,Cat B,185,Permanent,Hybrid,1.0,2080,38550,0,0,0,0,0,38550,18.533654,18.533654,0,3,Women
W00993,DE · Munich,DE,Finance,L3,Finance L3,Cat D,255,Permanent,Hybrid,1.0,2080,58050,3780,0,0,0,3780,61830,27.908654,29.725962,1,3,Women
W00994,DE · Munich,DE,Operations,L1,Operations L1,Cat B,190,Fixed-term,Hybrid,1.0,2080,39150,0,0,0,0,0,39150,18.822115,18.822115,0,1,Men
W00996,PL · Kraków,PL,Customer Service,L1,Customer Service L1,Cat B,175,Permanent,Hybrid,0.8,1664,16400,0,0,0,0,0,16400,9.855769,9.855769,0,1,Women
W00997,IT · Milan,IT,Tech,L5,Tech L5,Cat F,340,Permanent,Hybrid,1.0,2080,92550,13800,0,0,6000,19800,112350,44.495192,54.014423,1,4,Men
W00998,ES · Barcelona,ES,Operations,L3,Operations L3,Cat D,295,Permanent,Onsite,1.0,2080,38300,1930,0,1200,0,3130,41430,18.413462,19.918269,1,3,Men
W00999,DE · Munich,DE,Customer Service,L1,Customer Service L1,Cat B,175,Permanent,Onsite,1.0,2080,35550,0,0,1800,0,1800,37350,17.091346,17.956731,1,1,Men
W01001,IT · Milan,IT,Customer Service,L1,Customer Service L1,Cat B,175,Permanent,Onsite,0.8,1664,18160,0,0,1056,0,1056,19216,10.913462,11.548077,1,1,Women
W01002,ES · Barcelona,ES,Operations,L1,Operations L1,Cat B,190,Permanent,Remote,1.0,2080,23650,0,0,0,0,0,23650,11.370192,11.370192,0,1,Women
W01003,DE · Munich,DE,HR,L1,HR L1,Cat A,115,Permanent,Remote,1.0,2080,36000,0,0,0,0,0,36000,17.307692,17.307692,0,1,Men
W01004,PL · Kraków,PL,Customer Service,L1,Customer Service L1,Cat B,175,Permanent,Onsite,1.0,2080,18400,0,0,840,0,840,19240,8.846154,9.25,1,1,Women
W01005,ES · Barcelona,ES,Customer Service,L3,Customer Service L3,Cat D,280,Fixed-term,Hybrid,1.0,2080,35050,2150,0,0,0,2150,37200,16.850962,17.884615,1,3,Women
W01006,IT · Milan,IT,Customer Service,L1,Customer Service L1,Cat B,175,Permanent,Hybrid,1.0,2080,23250,0,0,0,0,0,23250,11.177885,11.177885,0,1,Men
W01007,ES · Barcelona,ES,Customer Service,L3,Customer Service L3,Cat D,280,Permanent,Onsite,1.0,2080,33250,2090,0,1200,0,3290,36540,15.985577,17.567308,1,3,Men
W01008,DE · Munich,DE,Customer Service,L2,Customer Service L2,Cat C,210,Permanent,Hybrid,1.0,2080,43500,0,0,0,0,0,43500,20.913462,20.913462,0,2,Women
W01009,ES · Barcelona,ES,Customer Service,L1,Customer Service L1,Cat B,175,Fixed-term,Onsite,1.0,2080,21950,0,0,1200,0,1200,23150,10.552885,11.129808,1,1,Women
W01010,DE · Munich,DE,Tech,L1,Tech L1,Cat A,150,Permanent,Hybrid,1.0,2080,48500,0,0,0,0,0,48500,23.317308,23.317308,0,2,Women
W01011,DE · Munich,DE,Finance,L3,Finance L3,Cat D,255,Permanent,Remote,1.0,2080,58900,4350,0,0,0,4350,63250,28.317308,30.408654,1,3,Men
W01012,ES · Barcelona,ES,Customer Service,L1,Customer Service L1,Cat B,175,Permanent,Onsite,1.0,2080,23650,0,0,1200,0,1200,24850,11.370192,11.947115,1,1,Women
W01013,ES · Barcelona,ES,Tech,L2,Tech L2,Cat B,185,Permanent,Onsite,1.0,2080,35950,0,0,0,0,0,35950,17.283654,17.283654,0,3,Women
W01014,PL · Kraków,PL,Tech,L3,Tech L3,Cat D,255,Permanent,Remote,1.0,2080,40550,2030,0,0,0,2030,42580,19.495192,20.471154,1,4,Men
W01015,ES · Barcelona,ES,Operations,L5,Operations L5,Cat F,340,Permanent,Hybrid,1.0,2080,69250,7700,0,0,5400,13100,82350,33.293269,39.591346,1,4,Men
W01016,PL · Kraków,PL,HR,L2,HR L2,Cat B,185,Permanent,Hybrid,1.0,2080,23700,0,0,0,0,0,23700,11.394231,11.394231,0,2,Men
W01017,PL · Kraków,PL,Sales,L6,Sales L6,Cat G,410,Permanent,Hybrid,1.0,2080,84200,17680,11290,0,4200,33170,117370,40.480769,56.427885,1,4,Men
W01018,IT · Milan,IT,Sales,L2,Sales L2,Cat C,215,Permanent,Onsite,1.0,2080,33900,0,4030,0,0,4030,37930,16.298077,18.235577,1,3,Women
W01019,IT · Milan,IT,Operations,L2,Operations L2,Cat C,225,Permanent,Hybrid,1.0,2080,27650,0,0,0,0,0,27650,13.293269,13.293269,0,1,Women
W01021,PL · Kraków,PL,Customer Service,L2,Customer Service L2,Cat C,210,Permanent,Hybrid,1.0,2080,22450,0,0,0,0,0,22450,10.793269,10.793269,0,1,Women
W01022,IT · Milan,IT,HR,L2,HR L2,Cat B,185,Permanent,Hybrid,1.0,2080,27800,0,0,0,0,0,27800,13.365385,13.365385,0,1,Men
W01023,DE · Munich,DE,Operations,L3,Operations L3,Cat D,295,Permanent,Hybrid,1.0,2080,61450,4380,0,0,0,4380,65830,29.543269,31.649038,1,3,Women
W01024,PL · Kraków,PL,Operations,L1,Operations L1,Cat B,190,Permanent,Hybrid,1.0,2080,18550,0,0,0,0,0,18550,8.918269,8.918269,0,1,Women
W01025,PL · Kraków,PL,Customer Service,L2,Customer Service L2,Cat C,210,Permanent,Hybrid,1.0,2080,24650,0,0,0,0,0,24650,11.850962,11.850962,0,2,Women
W01026,PL · Kraków,PL,Operations,L2,Operations L2,Cat C,225,Permanent,Hybrid,1.0,2080,23450,0,0,0,0,0,23450,11.274038,11.274038,0,1,Women
W01027,IT · Milan,IT,HR,L3,HR L3,Cat D,255,Permanent,Onsite,1.0,2080,34150,1740,0,0,0,1740,35890,16.418269,17.254808,1,2,Men
W01028,IT · Milan,IT,HR,L5,HR L5,Cat F,340,Permanent,Hybrid,1.0,2080,77200,13620,0,0,6000,19620,96820,37.115385,46.548077,1,4,Men
W01030,ES · Barcelona,ES,Customer Service,L4,Customer Service L4,Cat E,320,Permanent,Remote,0.8,1664,35120,3560,0,0,0,3560,38680,21.105769,23.245192,1,3,Women
W01031,DE · Munich,DE,Customer Service,L2,Customer Service L2,Cat C,210,Permanent,Hybrid,1.0,2080,36250,0,0,0,0,0,36250,17.427885,17.427885,0,1,Women
W01032,IT · Milan,IT,Tech,L1,Tech L1,Cat A,150,Permanent,Hybrid,1.0,2080,31550,0,0,0,0,0,31550,15.168269,15.168269,0,2,Women
W01033,PL · Kraków,PL,Operations,L1,Operations L1,Cat B,190,Permanent,Hybrid,1.0,2080,17850,0,0,0,0,0,17850,8.581731,8.581731,0,1,Women
W01034,DE · Munich,DE,Operations,L5,Operations L5,Cat F,340,Permanent,Hybrid,1.0,2080,105000,14280,0,0,7200,21480,126480,50.480769,60.807692,1,4,Men
W01035,PL · Kraków,PL,Sales,L2,Sales L2,Cat C,215,Permanent,Remote,1.0,2080,27250,0,3790,0,0,3790,31040,13.100962,14.923077,1,3,Women
W01036,IT · Milan,IT,Sales,L2,Sales L2,Cat C,215,Permanent,Hybrid,1.0,2080,36250,0,3920,0,0,3920,40170,17.427885,19.3125,1,3,Women
W01037,IT · Milan,IT,Tech,L4,Tech L4,Cat E,325,Permanent,Hybrid,1.0,2080,61050,5250,0,0,0,5250,66300,29.350962,31.875,1,4,Women
W01038,PL · Kraków,PL,Customer Service,L4,Customer Service L4,Cat E,320,Permanent,Hybrid,1.0,2080,41800,4140,0,0,0,4140,45940,20.096154,22.086538,1,4,Women
W01040,DE · Munich,DE,Operations,L1,Operations L1,Cat B,190,Permanent,Remote,1.0,2080,32850,0,0,0,0,0,32850,15.793269,15.793269,0,1,Women
W01041,ES · Barcelona,ES,HR,L3,HR L3,Cat D,255,Permanent,Hybrid,1.0,2080,41900,2710,0,0,0,2710,44610,20.144231,21.447115,1,3,Women
W01042,ES · Barcelona,ES,Finance,L2,Finance L2,Cat B,185,Permanent,Hybrid,1.0,2080,38600,0,0,0,0,0,38600,18.557692,18.557692,0,3,Women
W01043,ES · Barcelona,ES,Tech,L5,Tech L5,Cat F,340,Fixed-term,Hybrid,1.0,2080,93100,10930,0,0,5400,16330,109430,44.759615,52.610577,1,4,Women
W01044,PL · Kraków,PL,Sales,L2,Sales L2,Cat C,215,Permanent,Remote,0.8,1664,22400,0,1720,0,0,1720,24120,13.461538,14.495192,1,3,Women
W01045,IT · Milan,IT,Finance,L4,Finance L4,Cat E,325,Permanent,Onsite,1.0,2080,52700,4530,0,0,0,4530,57230,25.336538,27.514423,1,4,Women
W01046,PL · Kraków,PL,Operations,L4,Operations L4,Cat E,335,Permanent,Hybrid,0.8,1664,33920,1410,0,0,0,1410,35330,20.384615,21.231971,1,4,Men
W01047,IT · Milan,IT,Finance,L1,Finance L1,Cat A,115,Permanent,Hybrid,1.0,2080,31400,0,0,0,0,0,31400,15.096154,15.096154,0,2,Women
W01048,DE · Munich,DE,Sales,L2,Sales L2,Cat C,215,Permanent,Hybrid,1.0,2080,50250,0,7410,0,0,7410,57660,24.158654,27.721154,1,3,Men
W01049,DE · Munich,DE,HR,L2,HR L2,Cat B,185,Permanent,Onsite,1.0,2080,46350,0,0,0,0,0,46350,22.283654,22.283654,0,2,Women
W01050,PL · Kraków,PL,Customer Service,L3,Customer Service L3,Cat D,280,Permanent,Hybrid,1.0,2080,30900,1500,0,0,0,1500,32400,14.855769,15.576923,1,3,Men
W01051,IT · Milan,IT,Customer Service,L1,Customer Service L1,Cat B,175,Fixed-term,Hybrid,1.0,2080,24350,0,0,0,0,0,24350,11.706731,11.706731,0,1,Women
W01052,ES · Barcelona,ES,Customer Service,L2,Customer Service L2,Cat C,210,Fixed-term,Hybrid,1.0,2080,22550,0,0,0,0,0,22550,10.841346,10.841346,0,1,Women
W01053,IT · Milan,IT,Customer Service,L1,Customer Service L1,Cat B,175,Permanent,Onsite,1.0,2080,24450,0,0,1320,0,1320,25770,11.754808,12.389423,1,1,Men
W01054,ES · Barcelona,ES,Customer Service,L4,Customer Service L4,Cat E,320,Permanent,Hybrid,1.0,2080,45300,4800,0,0,0,4800,50100,21.778846,24.086538,1,4,Men
W01055,PL · Kraków,PL,Operations,L5,Operations L5,Cat F,340,Permanent,Hybrid,1.0,2080,57100,6590,0,0,4200,10790,67890,27.451923,32.639423,1,4,Women
W01056,ES · Barcelona,ES,Sales,L1,Sales L1,Cat A,145,Fixed-term,Hybrid,1.0,2080,25100,0,3030,0,0,3030,28130,12.067308,13.524038,1,2,Women
W01057,ES · Barcelona,ES,Tech,L4,Tech L4,Cat E,325,Fixed-term,Hybrid,1.0,2080,64000,4690,0,0,0,4690,68690,30.769231,33.024038,1,4,Men
W01058,PL · Kraków,PL,Sales,L1,Sales L1,Cat A,145,Fixed-term,Onsite,1.0,2080,25800,0,3040,0,0,3040,28840,12.403846,13.865385,1,2,Women
W01059,IT · Milan,IT,Customer Service,L1,Customer Service L1,Cat B,175,Permanent,Hybrid,1.0,2080,22950,0,0,0,0,0,22950,11.033654,11.033654,0,1,Men
W01060,IT · Milan,IT,Operations,L2,Operations L2,Cat C,225,Permanent,Onsite,1.0,2080,30800,0,0,1320,0,1320,32120,14.807692,15.442308,1,2,Women
W01061,PL · Kraków,PL,Customer Service,L3,Customer Service L3,Cat D,280,Permanent,Hybrid,1.0,2080,28800,1650,0,0,0,1650,30450,13.846154,14.639423,1,3,Women
W01062,PL · Kraków,PL,Finance,L2,Finance L2,Cat B,185,Permanent,Hybrid,0.8,1664,22200,0,0,0,0,0,22200,13.341346,13.341346,0,2,Women
W01063,PL · Kraków,PL,Operations,L3,Operations L3,Cat D,295,Permanent,Onsite,1.0,2080,32600,710,0,840,0,1550,34150,15.673077,16.418269,1,3,Men
W01064,PL · Kraków,PL,Tech,L2,Tech L2,Cat B,185,Permanent,Hybrid,1.0,2080,29500,0,0,0,0,0,29500,14.182692,14.182692,0,2,Women
W01065,ES · Barcelona,ES,Customer Service,L1,Customer Service L1,Cat B,175,Permanent,Onsite,1.0,2080,22250,0,0,1200,0,1200,23450,10.697115,11.274038,1,1,Men
W01066,PL · Kraków,PL,Customer Service,L2,Customer Service L2,Cat C,210,Fixed-term,Hybrid,1.0,2080,23600,0,0,0,0,0,23600,11.346154,11.346154,0,2,Women
W01067,PL · Kraków,PL,Operations,L5,Operations L5,Cat F,340,Permanent,Onsite,1.0,2080,60050,3430,0,0,4200,7630,67680,28.870192,32.538462,1,4,Men
W01068,IT · Milan,IT,Customer Service,L3,Customer Service L3,Cat D,280,Permanent,Onsite,1.0,2080,38050,1900,0,1320,0,3220,41270,18.293269,19.841346,1,3,Men
W01069,PL · Kraków,PL,Tech,L3,Tech L3,Cat D,255,Permanent,Remote,0.8,1664,36920,1820,0,0,0,1820,38740,22.1875,23.28125,1,4,Men
W01070,ES · Barcelona,ES,Sales,L2,Sales L2,Cat C,215,Permanent,Remote,1.0,2080,34150,0,3940,0,0,3940,38090,16.418269,18.3125,1,3,Women
W01071,DE · Munich,DE,Tech,L3,Tech L3,Cat D,255,Permanent,Remote,1.0,2080,83250,4080,0,0,0,4080,87330,40.024038,41.985577,1,4,Men
W01072,ES · Barcelona,ES,Tech,L4,Tech L4,Cat E,325,Permanent,Onsite,1.0,2080,68550,5640,0,0,0,5640,74190,32.956731,35.668269,1,4,Women
W01073,PL · Kraków,PL,Sales,L1,Sales L1,Cat A,145,Fixed-term,Onsite,1.0,2080,22750,0,2650,0,0,2650,25400,10.9375,12.211538,1,2,Women
W01074,DE · Munich,DE,Customer Service,L2,Customer Service L2,Cat C,210,Permanent,Hybrid,1.0,2080,41500,0,0,0,0,0,41500,19.951923,19.951923,0,1,Men
W01075,PL · Kraków,PL,Finance,L4,Finance L4,Cat E,325,Permanent,Remote,1.0,2080,45750,4350,0,0,0,4350,50100,21.995192,24.086538,1,4,Women
W01077,PL · Kraków,PL,Tech,L5,Tech L5,Cat F,340,Fixed-term,Hybrid,1.0,2080,72650,0,0,0,4200,4200,76850,34.927885,36.947115,1,4,Men
W01078,PL · Kraków,PL,Tech,L6,Tech L6,Cat G,410,Permanent,Onsite,1.0,2080,104950,20210,0,0,4200,24410,129360,50.456731,62.192308,1,4,Women
W01080,PL · Kraków,PL,Sales,L1,Sales L1,Cat A,145,Permanent,Hybrid,0.8,1664,20240,0,3330,0,0,3330,23570,12.163462,14.164663,1,2,Men
W01081,PL · Kraków,PL,Customer Service,L4,Customer Service L4,Cat E,320,Permanent,Hybrid,1.0,2080,34650,2830,0,0,0,2830,37480,16.658654,18.019231,1,3,Women
W01082,DE · Munich,DE,Sales,L1,Sales L1,Cat A,145,Permanent,Hybrid,1.0,2080,41300,0,5980,0,0,5980,47280,19.855769,22.730769,1,2,Women
W01083,ES · Barcelona,ES,Sales,L2,Sales L2,Cat C,215,Permanent,Hybrid,1.0,2080,31400,0,4890,0,0,4890,36290,15.096154,17.447115,1,3,Women
W01084,PL · Kraków,PL,Sales,L1,Sales L1,Cat A,145,Permanent,Hybrid,1.0,2080,22600,0,3230,0,0,3230,25830,10.865385,12.418269,1,2,Women
W01085,PL · Kraków,PL,HR,L2,HR L2,Cat B,185,Permanent,Hybrid,1.0,2080,26600,0,0,0,0,0,26600,12.788462,12.788462,0,2,Women
W01086,PL · Kraków,PL,Operations,L1,Operations L1,Cat B,190,Fixed-term,Onsite,1.0,2080,17950,0,0,840,0,840,18790,8.629808,9.033654,1,1,Men
W01087,DE · Munich,DE,Operations,L1,Operations L1,Cat B,190,Fixed-term,Hybrid,1.0,2080,33850,0,0,0,0,0,33850,16.274038,16.274038,0,1,Women
W01088,IT · Milan,IT,Sales,L2,Sales L2,Cat C,215,Permanent,Hybrid,1.0,2080,33050,0,5220,0,0,5220,38270,15.889423,18.399038,1,3,Men
W01089,PL · Kraków,PL,Tech,L3,Tech L3,Cat D,255,Permanent,Hybrid,1.0,2080,36950,1770,0,0,0,1770,38720,17.764423,18.615385,1,3,Women
W01090,IT · Milan,IT,Finance,L1,Finance L1,Cat A,115,Fixed-term,Onsite,1.0,2080,28100,0,0,0,0,0,28100,13.509615,13.509615,0,1,Women
W01091,DE · Munich,DE,Finance,L1,Finance L1,Cat A,115,Permanent,Hybrid,1.0,2080,49600,0,0,0,0,0,49600,23.846154,23.846154,0,2,Women
W01092,DE · Munich,DE,Tech,L1,Tech L1,Cat A,150,Fixed-term,Onsite,1.0,2080,48550,0,0,0,0,0,48550,23.341346,23.341346,0,2,Men
W01093,PL · Kraków,PL,Customer Service,L3,Customer Service L3,Cat D,280,Permanent,Onsite,1.0,2080,22650,560,0,840,0,1400,24050,10.889423,11.5625,1,2,Women
W01094,PL · Kraków,PL,Customer Service,L4,Customer Service L4,Cat E,320,Fixed-term,Remote,1.0,2080,39050,4090,0,0,0,4090,43140,18.774038,20.740385,1,4,Men
W01095,PL · Kraków,PL,Sales,L2,Sales L2,Cat C,215,Permanent,Hybrid,1.0,2080,24250,0,3530,0,0,3530,27780,11.658654,13.355769,1,2,Men
W01096,IT · Milan,IT,Sales,L2,Sales L2,Cat C,215,Permanent,Hybrid,1.0,2080,37450,0,7220,0,0,7220,44670,18.004808,21.475962,1,3,Women
W01097,IT · Milan,IT,Finance,L2,Finance L2,Cat B,185,Permanent,Remote,1.0,2080,35950,0,0,0,0,0,35950,17.283654,17.283654,0,2,Men
W01098,PL · Kraków,PL,Finance,L4,Finance L4,Cat E,325,Fixed-term,Hybrid,1.0,2080,44800,3700,0,0,0,3700,48500,21.538462,23.317308,1,4,Men
W01099,IT · Milan,IT,Customer Service,L5,Customer Service L5,Cat F,340,Permanent,Hybrid,1.0,2080,72200,9960,0,0,6000,15960,88160,34.711538,42.384615,1,4,Men
W01100,PL · Kraków,PL,HR,L4,HR L4,Cat E,325,Permanent,Remote,1.0,2080,45450,4670,0,0,0,4670,50120,21.850962,24.096154,1,4,Women
W01101,PL · Kraków,PL,Customer Service,L4,Customer Service L4,Cat E,320,Permanent,Onsite,1.0,2080,37350,3240,0,0,0,3240,40590,17.956731,19.514423,1,3,Men
W01102,PL · Kraków,PL,Customer Service,L2,Customer Service L2,Cat C,210,Permanent,Remote,1.0,2080,22300,0,0,0,0,0,22300,10.721154,10.721154,0,1,Men
W01103,IT · Milan,IT,Customer Service,L2,Customer Service L2,Cat C,210,Permanent,Hybrid,1.0,2080,30950,0,0,0,0,0,30950,14.879808,14.879808,0,2,Men
W01105,DE · Munich,DE,Operations,L2,Operations L2,Cat C,225,Permanent,Onsite,1.0,2080,48100,0,0,1800,0,1800,49900,23.125,23.990385,1,2,Men
W01106,ES · Barcelona,ES,Tech,L3,Tech L3,Cat D,255,Permanent,Onsite,1.0,2080,47300,0,0,0,0,0,47300,22.740385,22.740385,0,3,Men
W01107,PL · Kraków,PL,Customer Service,L1,Customer Service L1,Cat B,175,Permanent,Remote,1.0,2080,14950,0,0,0,0,0,14950,7.1875,7.1875,0,1,Men
W01108,IT · Milan,IT,Operations,L1,Operations L1,Cat B,190,Permanent,Hybrid,1.0,2080,25000,0,0,0,0,0,25000,12.019231,12.019231,0,1,Women
W01109,PL · Kraków,PL,Tech,L3,Tech L3,Cat D,255,Permanent,Remote,1.0,2080,45050,3220,0,0,0,3220,48270,21.658654,23.206731,1,4,Men
W01110,PL · Kraków,PL,Finance,L5,Finance L5,Cat F,340,Permanent,Onsite,1.0,2080,74800,5070,0,0,4200,9270,84070,35.961538,40.418269,1,4,Men
W01111,IT · Milan,IT,HR,L4,HR L4,Cat E,325,Permanent,Onsite,1.0,2080,53050,5650,0,0,0,5650,58700,25.504808,28.221154,1,4,Men
W01112,PL · Kraków,PL,Customer Service,L2,Customer Service L2,Cat C,210,Permanent,Onsite,1.0,2080,25300,0,0,840,0,840,26140,12.163462,12.567308,1,2,Men
W01113,ES · Barcelona,ES,Customer Service,L4,Customer Service L4,Cat E,320,Fixed-term,Remote,1.0,2080,54350,5110,0,0,0,5110,59460,26.129808,28.586538,1,4,Men
W01115,IT · Milan,IT,Operations,L3,Operations L3,Cat D,295,Permanent,Onsite,1.0,2080,39600,1960,0,1320,0,3280,42880,19.038462,20.615385,1,3,Women
W01116,IT · Milan,IT,Operations,L6,Operations L6,Cat G,410,Permanent,Hybrid,1.0,2080,94050,24580,0,0,6000,30580,124630,45.216346,59.918269,1,4,Men
W01117,PL · Kraków,PL,Tech,L1,Tech L1,Cat A,150,Permanent,Hybrid,1.0,2080,25750,0,0,0,0,0,25750,12.379808,12.379808,0,2,Women
W01118,PL · Kraków,PL,Operations,L2,Operations L2,Cat C,225,Permanent,Onsite,1.0,2080,24900,0,0,840,0,840,25740,11.971154,12.375,1,2,Women
W01119,IT · Milan,IT,Operations,L1,Operations L1,Cat B,190,Permanent,Hybrid,1.0,2080,25050,0,0,0,0,0,25050,12.043269,12.043269,0,1,Women
W01120,IT · Milan,IT,Operations,L1,Operations L1,Cat B,190,Permanent,Hybrid,1.0,2080,25000,0,0,0,0,0,25000,12.019231,12.019231,0,1,Women
W01121,IT · Milan,IT,Customer Service,L3,Customer Service L3,Cat D,280,Permanent,Hybrid,1.0,2080,39650,2580,0,0,0,2580,42230,19.0625,20.302885,1,3,Women
W01122,PL · Kraków,PL,Customer Service,L3,Customer Service L3,Cat D,280,Permanent,Onsite,1.0,2080,30650,2270,0,840,0,3110,33760,14.735577,16.230769,1,3,Women
W01123,PL · Kraków,PL,Tech,L1,Tech L1,Cat A,150,Permanent,Hybrid,1.0,2080,22600,0,0,0,0,0,22600,10.865385,10.865385,0,1,Women
W01124,ES · Barcelona,ES,Customer Service,L2,Customer Service L2,Cat C,210,Fixed-term,Hybrid,1.0,2080,31000,0,0,0,0,0,31000,14.903846,14.903846,0,2,Men
W01125,DE · Munich,DE,HR,L5,HR L5,Cat F,340,Fixed-term,Onsite,1.0,2080,101900,13470,0,0,7200,20670,122570,48.990385,58.927885,1,4,Women
W01126,PL · Kraków,PL,HR,L3,HR L3,Cat D,255,Fixed-term,Hybrid,1.0,2080,34450,1610,0,0,0,1610,36060,16.5625,17.336538,1,3,Men
W01127,IT · Milan,IT,Sales,L1,Sales L1,Cat A,145,Permanent,Remote,1.0,2080,20700,0,3840,0,0,3840,24540,9.951923,11.798077,1,1,Women
W01129,PL · Kraków,PL,Sales,L3,Sales L3,Cat D,285,Permanent,Onsite,1.0,2080,31200,1610,3850,0,0,5460,36660,15.0,17.625,1,3,Men
W01130,ES · Barcelona,ES,HR,L5,HR L5,Cat F,340,Permanent,Remote,1.0,2080,75000,9420,0,0,5400,14820,89820,36.057692,43.182692,1,4,Men
W01131,IT · Milan,IT,Operations,L5,Operations L5,Cat F,340,Permanent,Remote,1.0,2080,68850,13040,0,0,6000,19040,87890,33.100962,42.254808,1,4,Men
W01132,IT · Milan,IT,Operations,L2,Operations L2,Cat C,225,Permanent,Remote,1.0,2080,28500,0,0,0,0,0,28500,13.701923,13.701923,0,1,Women
W01134,IT · Milan,IT,Operations,L4,Operations L4,Cat E,335,Permanent,Hybrid,1.0,2080,50200,5760,0,0,0,5760,55960,24.134615,26.903846,1,4,Men
W01135,IT · Milan,IT,Sales,L5,Sales L5,Cat F,340,Permanent,Hybrid,0.8,1664,63880,9060,8620,0,6000,23680,87560,38.389423,52.620192,1,4,Men
W01136,PL · Kraków,PL,Customer Service,L2,Customer Service L2,Cat C,210,Permanent,Hybrid,1.0,2080,21100,0,0,0,0,0,21100,10.144231,10.144231,0,1,Women
W01137,PL · Kraków,PL,Customer Service,L3,Customer Service L3,Cat D,280,Fixed-term,Onsite,1.0,2080,31350,1630,0,840,0,2470,33820,15.072115,16.259615,1,3,Women
W01139,IT · Milan,IT,Customer Service,L2,Customer Service L2,Cat C,210,Permanent,Onsite,1.0,2080,30500,0,0,1320,0,1320,31820,14.663462,15.298077,1,2,Women
W01140,DE · Munich,DE,HR,L5,HR L5,Cat F,340,Permanent,Remote,1.0,2080,109950,17150,0,0,7200,24350,134300,52.860577,64.567308,1,4,Men
W01141,DE · Munich,DE,Tech,L3,Tech L3,Cat D,255,Fixed-term,Remote,0.8,1664,65960,3130,0,0,0,3130,69090,39.639423,41.520433,1,4,Men
W01142,DE · Munich,DE,Finance,L3,Finance L3,Cat D,255,Permanent,Hybrid,1.0,2080,70700,3720,0,0,0,3720,74420,33.990385,35.778846,1,4,Men
W01143,IT · Milan,IT,Customer Service,L4,Customer Service L4,Cat E,320,Fixed-term,Hybrid,1.0,2080,45250,3200,0,0,0,3200,48450,21.754808,23.293269,1,3,Men
W01145,ES · Barcelona,ES,Operations,L3,Operations L3,Cat D,295,Permanent,Remote,1.0,2080,37350,1930,0,0,0,1930,39280,17.956731,18.884615,1,3,Women
W01147,PL · Kraków,PL,Customer Service,L1,Customer Service L1,Cat B,175,Permanent,Remote,1.0,2080,19300,0,0,0,0,0,19300,9.278846,9.278846,0,1,Men
W01148,ES · Barcelona,ES,HR,L3,HR L3,Cat D,255,Fixed-term,Onsite,1.0,2080,39350,2670,0,0,0,2670,42020,18.918269,20.201923,1,3,Women
W01149,IT · Milan,IT,Operations,L1,Operations L1,Cat B,190,Permanent,Onsite,1.0,2080,26700,0,0,1320,0,1320,28020,12.836538,13.471154,1,1,Women
W01150,PL · Kraków,PL,HR,L1,HR L1,Cat A,115,Permanent,Onsite,1.0,2080,23000,0,0,0,0,0,23000,11.057692,11.057692,0,1,Men
W01151,ES · Barcelona,ES,Customer Service,L2,Customer Service L2,Cat C,210,Permanent,Onsite,1.0,2080,26250,0,0,1200,0,1200,27450,12.620192,13.197115,1,1,Women
W01153,IT · Milan,IT,Tech,L6,Tech L6,Cat G,410,Permanent,Hybrid,1.0,2080,135750,13040,0,0,6000,19040,154790,65.264423,74.418269,1,4,Men
W01155,ES · Barcelona,ES,Sales,L3,Sales L3,Cat D,285,Permanent,Onsite,1.0,2080,47900,3130,7770,0,0,10900,58800,23.028846,28.269231,1,4,Men
W01156,IT · Milan,IT,Finance,L3,Finance L3,Cat D,255,Fixed-term,Hybrid,1.0,2080,36300,2660,0,0,0,2660,38960,17.451923,18.730769,1,3,Women
W01157,PL · Kraków,PL,HR,L2,HR L2,Cat B,185,Permanent,Hybrid,1.0,2080,25150,0,0,0,0,0,25150,12.091346,12.091346,0,2,Women
W01158,PL · Kraków,PL,Customer Service,L4,Customer Service L4,Cat E,320,Permanent,Hybrid,1.0,2080,40250,3320,0,0,0,3320,43570,19.350962,20.947115,1,4,Men
W01159,IT · Milan,IT,Customer Service,L1,Customer Service L1,Cat B,175,Fixed-term,Onsite,1.0,2080,17850,0,0,1320,0,1320,19170,8.581731,9.216346,1,1,Women
W01160,IT · Milan,IT,Customer Service,L1,Customer Service L1,Cat B,175,Permanent,Hybrid,1.0,2080,20750,0,0,0,0,0,20750,9.975962,9.975962,0,1,Women
W01161,IT · Milan,IT,Operations,L2,Operations L2,Cat C,225,Permanent,Hybrid,1.0,2080,32050,0,0,0,0,0,32050,15.408654,15.408654,0,2,Men
W01162,ES · Barcelona,ES,Operations,L2,Operations L2,Cat C,225,Permanent,Remote,1.0,2080,29900,0,0,0,0,0,29900,14.375,14.375,0,2,Women
W01163,IT · Milan,IT,Customer Service,L2,Customer Service L2,Cat C,210,Permanent,Onsite,1.0,2080,26250,0,0,1320,0,1320,27570,12.620192,13.254808,1,1,Women
W01164,IT · Milan,IT,Customer Service,L1,Customer Service L1,Cat B,175,Permanent,Hybrid,1.0,2080,21700,0,0,0,0,0,21700,10.432692,10.432692,0,1,Men
W01167,DE · Munich,DE,HR,L1,HR L1,Cat A,115,Permanent,Hybrid,1.0,2080,38050,0,0,0,0,0,38050,18.293269,18.293269,0,1,Women
W01170,IT · Milan,IT,Customer Service,L2,Customer Service L2,Cat C,210,Permanent,Onsite,1.0,2080,33400,0,0,1320,0,1320,34720,16.057692,16.692308,1,2,Men
W01171,PL · Kraków,PL,Operations,L1,Operations L1,Cat B,190,Permanent,Onsite,1.0,2080,18750,0,0,840,0,840,19590,9.014423,9.418269,1,1,Men
W01172,PL · Kraków,PL,Tech,L2,Tech L2,Cat B,185,Permanent,Remote,1.0,2080,29500,0,0,0,0,0,29500,14.182692,14.182692,0,2,Women
W01173,ES · Barcelona,ES,Finance,L3,Finance L3,Cat D,255,Permanent,Hybrid,1.0,2080,50950,2600,0,0,0,2600,53550,24.495192,25.745192,1,4,Women
W01174,IT · Milan,IT,Customer Service,L5,Customer Service L5,Cat F,340,Permanent,Remote,1.0,2080,55300,5920,0,0,6000,11920,67220,26.586538,32.317308,1,4,Women
W01175,IT · Milan,IT,Operations,L2,Operations L2,Cat C,225,Fixed-term,Hybrid,1.0,2080,29850,0,0,0,0,0,29850,14.350962,14.350962,0,2,Men
W01176,IT · Milan,IT,Tech,L3,Tech L3,Cat D,255,Permanent,Hybrid,1.0,2080,51750,2420,0,0,0,2420,54170,24.879808,26.043269,1,4,Men
W01177,IT · Milan,IT,Customer Service,L5,Customer Service L5,Cat F,340,Permanent,Remote,1.0,2080,73250,8860,0,0,6000,14860,88110,35.216346,42.360577,1,4,Men
W01179,IT · Milan,IT,Customer Service,L3,Customer Service L3,Cat D,280,Permanent,Hybrid,1.0,2080,42100,2090,0,0,0,2090,44190,20.240385,21.245192,1,3,Women
W01180,ES · Barcelona,ES,Operations,L2,Operations L2,Cat C,225,Permanent,Remote,1.0,2080,33550,0,0,0,0,0,33550,16.129808,16.129808,0,2,Women
W01181,DE · Munich,DE,Customer Service,L1,Customer Service L1,Cat B,175,Fixed-term,Onsite,1.0,2080,32800,0,0,1800,0,1800,34600,15.769231,16.634615,1,1,Men
W01182,PL · Kraków,PL,Tech,L4,Tech L4,Cat E,325,Fixed-term,Remote,1.0,2080,50500,2010,0,0,0,2010,52510,24.278846,25.245192,1,4,Women
W01183,PL · Kraków,PL,Customer Service,L2,Customer Service L2,Cat C,210,Fixed-term,Hybrid,1.0,2080,22100,0,0,0,0,0,22100,10.625,10.625,0,1,Men
W01184,PL · Kraków,PL,Customer Service,L3,Customer Service L3,Cat D,280,Permanent,Onsite,1.0,2080,30850,1890,0,840,0,2730,33580,14.831731,16.144231,1,3,Women
W01185,DE · Munich,DE,Tech,L3,Tech L3,Cat D,255,Fixed-term,Onsite,1.0,2080,86800,4910,0,0,0,4910,91710,41.730769,44.091346,1,4,Women
W01186,IT · Milan,IT,Tech,L3,Tech L3,Cat D,255,Permanent,Hybrid,1.0,2080,52400,3560,0,0,0,3560,55960,25.192308,26.903846,1,4,Men
W01187,IT · Milan,IT,Operations,L2,Operations L2,Cat C,225,Permanent,Hybrid,1.0,2080,32100,0,0,0,0,0,32100,15.432692,15.432692,0,2,Women
W01188,PL · Kraków,PL,Customer Service,L1,Customer Service L1,Cat B,175,Permanent,Onsite,1.0,2080,20650,0,0,840,0,840,21490,9.927885,10.331731,1,1,Men
W01189,IT · Milan,IT,Sales,L3,Sales L3,Cat D,285,Permanent,Remote,1.0,2080,40200,2080,4080,0,0,6160,46360,19.326923,22.288462,1,3,Women
W01190,IT · Milan,IT,HR,L3,HR L3,Cat D,255,Fixed-term,Onsite,1.0,2080,34050,2090,0,0,0,2090,36140,16.370192,17.375,1,2,Women
W01191,PL · Kraków,PL,Operations,L5,Operations L5,Cat F,340,Permanent,Hybrid,1.0,2080,63750,7750,0,0,4200,11950,75700,30.649038,36.394231,1,4,Men
W01192,PL · Kraków,PL,Operations,L6,Operations L6,Cat G,410,Permanent,Onsite,1.0,2080,80350,15310,0,0,4200,19510,99860,38.629808,48.009615,1,4,Men
W01193,PL · Kraków,PL,Operations,L1,Operations L1,Cat B,190,Permanent,Hybrid,0.8,1664,18880,0,0,0,0,0,18880,11.346154,11.346154,0,2,Men
W01194,DE · Munich,DE,Customer Service,L2,Customer Service L2,Cat C,210,Permanent,Onsite,1.0,2080,48950,0,0,1800,0,1800,50750,23.533654,24.399038,1,2,Men
W01195,PL · Kraków,PL,Finance,L1,Finance L1,Cat A,115,Permanent,Onsite,1.0,2080,27050,0,0,0,0,0,27050,13.004808,13.004808,0,2,Men
W01196,PL · Kraków,PL,Operations,L2,Operations L2,Cat C,225,Permanent,Hybrid,1.0,2080,27800,0,0,0,0,0,27800,13.365385,13.365385,0,2,Men
W01197,PL · Kraków,PL,Customer Service,L3,Customer Service L3,Cat D,280,Fixed-term,Hybrid,1.0,2080,32150,1620,0,0,0,1620,33770,15.456731,16.235577,1,3,Men
W01198,DE · Munich,DE,Operations,L2,Operations L2,Cat C,225,Permanent,Remote,1.0,2080,46500,0,0,0,0,0,46500,22.355769,22.355769,0,2,Women
W01199,DE · Munich,DE,Operations,L4,Operations L4,Cat E,335,Fixed-term,Onsite,1.0,2080,84850,8660,0,0,0,8660,93510,40.793269,44.956731,1,4,Men
W01200,IT · Milan,IT,Sales,L3,Sales L3,Cat D,285,Fixed-term,Hybrid,0.8,1664,36240,2240,4270,0,0,6510,42750,21.778846,25.691106,1,4,Men
W01201,DE · Munich,DE,Sales,L3,Sales L3,Cat D,285,Permanent,Onsite,1.0,2080,58350,3460,11180,0,0,14640,72990,28.052885,35.091346,1,3,Men
W01202,IT · Milan,IT,Operations,L1,Operations L1,Cat B,190,Fixed-term,Onsite,1.0,2080,18500,0,0,1320,0,1320,19820,8.894231,9.528846,1,1,Women
W01203,DE · Munich,DE,HR,L2,HR L2,Cat B,185,Permanent,Remote,1.0,2080,42400,0,0,0,0,0,42400,20.384615,20.384615,0,1,Women
W01204,PL · Kraków,PL,Customer Service,L1,Customer Service L1,Cat B,175,Fixed-term,Hybrid,1.0,2080,20900,0,0,0,0,0,20900,10.048077,10.048077,0,1,Men
W01205,PL · Kraków,PL,Customer Service,L2,Customer Service L2,Cat C,210,Permanent,Remote,1.0,2080,28750,0,0,0,0,0,28750,13.822115,13.822115,0,2,Women
W01206,IT · Milan,IT,Customer Service,L1,Customer Service L1,Cat B,175,Fixed-term,Hybrid,1.0,2080,25550,0,0,0,0,0,25550,12.283654,12.283654,0,1,Men
W01207,PL · Kraków,PL,Finance,L3,Finance L3,Cat D,255,Fixed-term,Remote,0.8,1664,25600,1370,0,0,0,1370,26970,15.384615,16.207933,1,3,Men
W01208,PL · Kraków,PL,HR,L5,HR L5,Cat F,340,Fixed-term,Remote,1.0,2080,58950,3420,0,0,4200,7620,66570,28.341346,32.004808,1,4,Men
W01209,PL · Kraków,PL,Tech,L3,Tech L3,Cat D,255,Permanent,Onsite,1.0,2080,43500,2270,0,0,0,2270,45770,20.913462,22.004808,1,4,Men
W01210,IT · Milan,IT,Operations,L2,Operations L2,Cat C,225,Permanent,Hybrid,1.0,2080,31400,0,0,0,0,0,31400,15.096154,15.096154,0,2,Men
W01211,DE · Munich,DE,HR,L2,HR L2,Cat B,185,Permanent,Hybrid,0.8,1664,36600,0,0,0,0,0,36600,21.995192,21.995192,0,2,Men
W01212,DE · Munich,DE,Sales,L5,Sales L5,Cat F,340,Fixed-term,Hybrid,1.0,2080,107900,12520,14120,0,7200,33840,141740,51.875,68.144231,1,4,Women
W01213,DE · Munich,DE,Sales,L1,Sales L1,Cat A,145,Permanent,Onsite,1.0,2080,41550,0,5810,0,0,5810,47360,19.975962,22.769231,1,2,Women
W01214,IT · Milan,IT,Operations,L2,Operations L2,Cat C,225,Fixed-term,Hybrid,1.0,2080,29350,0,0,0,0,0,29350,14.110577,14.110577,0,2,Women
W01215,PL · Kraków,PL,Customer Service,L3,Customer Service L3,Cat D,280,Permanent,Onsite,1.0,2080,33650,850,0,840,0,1690,35340,16.177885,16.990385,1,3,Women
W01216,ES · Barcelona,ES,Finance,L3,Finance L3,Cat D,255,Permanent,Onsite,1.0,2080,45850,2340,0,0,0,2340,48190,22.043269,23.168269,1,3,Women
W01218,PL · Kraków,PL,Sales,L2,Sales L2,Cat C,215,Permanent,Remote,1.0,2080,29300,0,3840,0,0,3840,33140,14.086538,15.932692,1,3,Women
W01219,DE · Munich,DE,HR,L3,HR L3,Cat D,255,Permanent,Remote,1.0,2080,56400,2610,0,0,0,2610,59010,27.115385,28.370192,1,3,Women
W01220,DE · Munich,DE,Tech,L4,Tech L4,Cat E,325,Permanent,Hybrid,1.0,2080,103850,7780,0,0,0,7780,111630,49.927885,53.668269,1,4,Men
W01221,PL · Kraków,PL,Tech,L2,Tech L2,Cat B,185,Permanent,Hybrid,1.0,2080,40250,0,0,0,0,0,40250,19.350962,19.350962,0,3,Men
W01222,PL · Kraków,PL,Tech,L4,Tech L4,Cat E,325,Permanent,Remote,0.8,1664,39640,3830,0,0,0,3830,43470,23.822115,26.123798,1,4,Men
W01223,PL · Kraków,PL,Operations,L3,Operations L3,Cat D,295,Permanent,Onsite,1.0,2080,34850,1890,0,840,0,2730,37580,16.754808,18.067308,1,3,Women
W01224,PL · Kraków,PL,Customer Service,L3,Customer Service L3,Cat D,280,Permanent,Hybrid,1.0,2080,32850,740,0,0,0,740,33590,15.793269,16.149038,1,3,Women
W01225,IT · Milan,IT,Tech,L3,Tech L3,Cat D,255,Permanent,Hybrid,1.0,2080,44900,2240,0,0,0,2240,47140,21.586538,22.663462,1,3,Men
W01226,PL · Kraków,PL,Finance,L2,Finance L2,Cat B,185,Permanent,Hybrid,1.0,2080,29100,0,0,0,0,0,29100,13.990385,13.990385,0,2,Men
W01227,DE · Munich,DE,Tech,L4,Tech L4,Cat E,325,Permanent,Onsite,1.0,2080,110400,4130,0,0,0,4130,114530,53.076923,55.0625,1,4,Men
W01228,PL · Kraków,PL,Customer Service,L4,Customer Service L4,Cat E,320,Permanent,Hybrid,1.0,2080,36350,2930,0,0,0,2930,39280,17.475962,18.884615,1,3,Men
W01229,IT · Milan,IT,Operations,L2,Operations L2,Cat C,225,Fixed-term,Onsite,1.0,2080,24900,0,0,1320,0,1320,26220,11.971154,12.605769,1,1,Women
W01233,IT · Milan,IT,Finance,L4,Finance L4,Cat E,325,Permanent,Hybrid,1.0,2080,51750,4270,0,0,0,4270,56020,24.879808,26.932692,1,4,Men
W01234,DE · Munich,DE,Customer Service,L3,Customer Service L3,Cat D,280,Permanent,Hybrid,1.0,2080,52800,2620,0,0,0,2620,55420,25.384615,26.644231,1,3,Women
W01235,PL · Kraków,PL,Sales,L4,Sales L4,Cat E,320,Permanent,Hybrid,1.0,2080,46700,3860,7340,0,0,11200,57900,22.451923,27.836538,1,4,Men
W01236,DE · Munich,DE,Sales,L6,Sales L6,Cat G,410,Permanent,Hybrid,1.0,2080,156800,32800,21910,0,7200,61910,218710,75.384615,105.149038,1,4,Women
W01237,ES · Barcelona,ES,Customer Service,L4,Customer Service L4,Cat E,320,Permanent,Hybrid,1.0,2080,44800,4780,0,0,0,4780,49580,21.538462,23.836538,1,4,Men
W01238,IT · Milan,IT,Tech,L1,Tech L1,Cat A,150,Permanent,Hybrid,1.0,2080,29550,0,0,0,0,0,29550,14.206731,14.206731,0,2,Men
W01239,PL · Kraków,PL,Tech,L1,Tech L1,Cat A,150,Permanent,Remote,1.0,2080,24500,0,0,0,0,0,24500,11.778846,11.778846,0,2,Women
W01240,IT · Milan,IT,Tech,L5,Tech L5,Cat F,340,Permanent,Hybrid,1.0,2080,96550,11260,0,0,6000,17260,113810,46.418269,54.716346,1,4,Women
W01241,ES · Barcelona,ES,Finance,L3,Finance L3,Cat D,255,Permanent,Hybrid,1.0,2080,45200,2480,0,0,0,2480,47680,21.730769,22.923077,1,3,Women
W01242,IT · Milan,IT,Tech,L1,Tech L1,Cat A,150,Permanent,Onsite,1.0,2080,32300,0,0,0,0,0,32300,15.528846,15.528846,0,2,Women
W01243,IT · Milan,IT,Operations,L3,Operations L3,Cat D,295,Permanent,Hybrid,1.0,2080,37800,1880,0,0,0,1880,39680,18.173077,19.076923,1,3,Men
W01245,PL · Kraków,PL,Operations,L5,Operations L5,Cat F,340,Permanent,Remote,1.0,2080,61250,6510,0,0,4200,10710,71960,29.447115,34.596154,1,4,Men
W01246,PL · Kraków,PL,Operations,L3,Operations L3,Cat D,295,Permanent,Hybrid,1.0,2080,29500,820,0,0,0,820,30320,14.182692,14.576923,1,3,Men
W01247,IT · Milan,IT,Sales,L3,Sales L3,Cat D,285,Permanent,Hybrid,1.0,2080,44950,2170,6640,0,0,8810,53760,21.610577,25.846154,1,4,Men
W01249,IT · Milan,IT,Operations,L1,Operations L1,Cat B,190,Permanent,Remote,1.0,2080,26050,0,0,0,0,0,26050,12.524038,12.524038,0,1,Men
W01250,DE · Munich,DE,Sales,L1,Sales L1,Cat A,145,Permanent,Hybrid,1.0,2080,39450,0,6230,0,0,6230,45680,18.966346,21.961538,1,2,Women
W01251,DE · Munich,DE,Customer Service,L3,Customer Service L3,Cat D,280,Fixed-term,Hybrid,1.0,2080,57000,0,0,0,0,0,57000,27.403846,27.403846,0,3,Men
W01252,IT · Milan,IT,Sales,L1,Sales L1,Cat A,145,Permanent,Hybrid,1.0,2080,27350,0,3930,0,0,3930,31280,13.149038,15.038462,1,2,Women
W01253,IT · Milan,IT,Operations,L1,Operations L1,Cat B,190,Permanent,Remote,1.0,2080,26200,0,0,0,0,0,26200,12.596154,12.596154,0,1,Men
W01254,DE · Munich,DE,Tech,L2,Tech L2,Cat B,185,Permanent,Hybrid,1.0,2080,62200,0,0,0,0,0,62200,29.903846,29.903846,0,3,Men
W01255,DE · Munich,DE,Tech,L3,Tech L3,Cat D,255,Permanent,Hybrid,1.0,2080,92550,5510,0,0,0,5510,98060,44.495192,47.144231,1,4,Men
W01256,DE · Munich,DE,Customer Service,L2,Customer Service L2,Cat C,210,Fixed-term,Hybrid,1.0,2080,37050,0,0,0,0,0,37050,17.8125,17.8125,0,1,Men
W01258,PL · Kraków,PL,Customer Service,L4,Customer Service L4,Cat E,320,Permanent,Onsite,0.8,1664,31720,2560,0,0,0,2560,34280,19.0625,20.600962,1,4,Men
W01259,DE · Munich,DE,HR,L2,HR L2,Cat B,185,Permanent,Onsite,0.8,1664,30080,0,0,0,0,0,30080,18.076923,18.076923,0,1,Women
W01260,DE · Munich,DE,Operations,L3,Operations L3,Cat D,295,Permanent,Remote,1.0,2080,56150,3520,0,0,0,3520,59670,26.995192,28.6875,1,3,Men
W01261,IT · Milan,IT,Customer Service,L2,Customer Service L2,Cat C,210,Permanent,Hybrid,1.0,2080,26350,0,0,0,0,0,26350,12.668269,12.668269,0,1,Women
W01262,IT · Milan,IT,HR,L1,HR L1,Cat A,115,Permanent,Onsite,1.0,2080,20650,0,0,0,0,0,20650,9.927885,9.927885,0,1,Women
W01263,ES · Barcelona,ES,Finance,L2,Finance L2,Cat B,185,Permanent,Hybrid,1.0,2080,30200,0,0,0,0,0,30200,14.519231,14.519231,0,2,Men
W01264,IT · Milan,IT,Customer Service,L1,Customer Service L1,Cat B,175,Permanent,Hybrid,1.0,2080,26350,0,0,0,0,0,26350,12.668269,12.668269,0,1,Women
W01265,IT · Milan,IT,Tech,L4,Tech L4,Cat E,325,Permanent,Remote,1.0,2080,66550,6540,0,0,0,6540,73090,31.995192,35.139423,1,4,Men
W01266,PL · Kraków,PL,Customer Service,L2,Customer Service L2,Cat C,210,Permanent,Hybrid,1.0,2080,27050,0,0,0,0,0,27050,13.004808,13.004808,0,2,Men
W01267,PL · Kraków,PL,Tech,L4,Tech L4,Cat E,325,Permanent,Hybrid,1.0,2080,57950,2580,0,0,0,2580,60530,27.860577,29.100962,1,4,Men
W01268,PL · Kraków,PL,Sales,L2,Sales L2,Cat C,215,Permanent,Hybrid,1.0,2080,29250,0,3020,0,0,3020,32270,14.0625,15.514423,1,3,Women
W01269,DE · Munich,DE,Customer Service,L4,Customer Service L4,Cat E,320,Permanent,Remote,1.0,2080,74150,6020,0,0,0,6020,80170,35.649038,38.543269,1,4,Men
W01270,IT · Milan,IT,Tech,L1,Tech L1,Cat A,150,Permanent,Hybrid,1.0,2080,28000,0,0,0,0,0,28000,13.461538,13.461538,0,1,Men
W01271,IT · Milan,IT,Customer Service,L2,Customer Service L2,Cat C,210,Permanent,Hybrid,1.0,2080,30600,0,0,0,0,0,30600,14.711538,14.711538,0,2,Men
W01272,PL · Kraków,PL,Operations,L2,Operations L2,Cat C,225,Permanent,Hybrid,1.0,2080,24150,0,0,0,0,0,24150,11.610577,11.610577,0,2,Men
W01273,PL · Kraków,PL,Customer Service,L4,Customer Service L4,Cat E,320,Permanent,Remote,1.0,2080,39300,3330,0,0,0,3330,42630,18.894231,20.495192,1,4,Men
W01274,PL · Kraków,PL,Operations,L2,Operations L2,Cat C,225,Permanent,Hybrid,1.0,2080,24300,0,0,0,0,0,24300,11.682692,11.682692,0,2,Women
W01275,IT · Milan,IT,Tech,L2,Tech L2,Cat B,185,Permanent,Hybrid,1.0,2080,40550,0,0,0,0,0,40550,19.495192,19.495192,0,3,Men
W01276,IT · Milan,IT,Customer Service,L2,Customer Service L2,Cat C,210,Fixed-term,Remote,1.0,2080,24950,0,0,0,0,0,24950,11.995192,11.995192,0,1,Women
W01277,PL · Kraków,PL,Tech,L3,Tech L3,Cat D,255,Permanent,Onsite,1.0,2080,39650,940,0,0,0,940,40590,19.0625,19.514423,1,3,Men
W01278,PL · Kraków,PL,Customer Service,L2,Customer Service L2,Cat C,210,Permanent,Hybrid,1.0,2080,20450,0,0,0,0,0,20450,9.831731,9.831731,0,1,Men
W01279,DE · Munich,DE,Finance,L6,Finance L6,Cat G,410,Permanent,Onsite,1.0,2080,168550,35120,0,0,7200,42320,210870,81.033654,101.379808,1,4,Women
W01282,PL · Kraków,PL,Sales,L3,Sales L3,Cat D,285,Fixed-term,Onsite,1.0,2080,34150,1880,5850,0,0,7730,41880,16.418269,20.134615,1,4,Women
W01283,IT · Milan,IT,Finance,L6,Finance L6,Cat G,410,Permanent,Hybrid,1.0,2080,119600,22850,0,0,6000,28850,148450,57.5,71.370192,1,4,Men
W01284,ES · Barcelona,ES,Operations,L3,Operations L3,Cat D,295,Permanent,Onsite,1.0,2080,40300,2520,0,1200,0,3720,44020,19.375,21.163462,1,3,Women
W01286,DE · Munich,DE,Sales,L2,Sales L2,Cat C,215,Permanent,Onsite,1.0,2080,41650,0,6560,0,0,6560,48210,20.024038,23.177885,1,2,Men
W01287,ES · Barcelona,ES,Customer Service,L3,Customer Service L3,Cat D,280,Permanent,Hybrid,1.0,2080,39450,1010,0,0,0,1010,40460,18.966346,19.451923,1,3,Women
W01288,PL · Kraków,PL,Operations,L1,Operations L1,Cat B,190,Permanent,Hybrid,1.0,2080,22950,0,0,0,0,0,22950,11.033654,11.033654,0,1,Men
W01289,IT · Milan,IT,Sales,L3,Sales L3,Cat D,285,Fixed-term,Hybrid,1.0,2080,42050,0,4970,0,0,4970,47020,20.216346,22.605769,1,3,Men
W01290,IT · Milan,IT,Sales,L5,Sales L5,Cat F,340,Permanent,Hybrid,1.0,2080,89050,18430,13430,0,6000,37860,126910,42.8125,61.014423,1,4,Women
W01291,PL · Kraków,PL,Customer Service,L2,Customer Service L2,Cat C,210,Fixed-term,Hybrid,1.0,2080,22000,0,0,0,0,0,22000,10.576923,10.576923,0,1,Women
W01293,DE · Munich,DE,Tech,L2,Tech L2,Cat B,185,Permanent,Onsite,0.8,1664,48720,0,0,0,0,0,48720,29.278846,29.278846,0,3,Women
W01294,DE · Munich,DE,Customer Service,L5,Customer Service L5,Cat F,340,Permanent,Onsite,1.0,2080,104900,17760,0,0,7200,24960,129860,50.432692,62.432692,1,4,Men
W01295,IT · Milan,IT,Sales,L3,Sales L3,Cat D,285,Permanent,Hybrid,0.8,1664,36560,1820,4520,0,0,6340,42900,21.971154,25.78125,1,4,Women
W01296,IT · Milan,IT,Operations,L1,Operations L1,Cat B,190,Permanent,Hybrid,1.0,2080,23900,0,0,0,0,0,23900,11.490385,11.490385,0,1,Women
W01297,ES · Barcelona,ES,Customer Service,L2,Customer Service L2,Cat C,210,Permanent,Onsite,1.0,2080,24650,0,0,1200,0,1200,25850,11.850962,12.427885,1,1,Women
W01298,IT · Milan,IT,Tech,L3,Tech L3,Cat D,255,Permanent,Hybrid,1.0,2080,49250,2480,0,0,0,2480,51730,23.677885,24.870192,1,4,Women
W01299,PL · Kraków,PL,Finance,L5,Finance L5,Cat F,340,Permanent,Hybrid,1.0,2080,63300,8060,0,0,4200,12260,75560,30.432692,36.326923,1,4,Men
W01300,DE · Munich,DE,Tech,L1,Tech L1,Cat A,150,Permanent,Hybrid,1.0,2080,47850,0,0,0,0,0,47850,23.004808,23.004808,0,2,Men
W01301,IT · Milan,IT,Operations,L1,Operations L1,Cat B,190,Permanent,Hybrid,1.0,2080,26550,0,0,0,0,0,26550,12.764423,12.764423,0,1,Women
W01302,PL · Kraków,PL,HR,L4,HR L4,Cat E,325,Permanent,Hybrid,1.0,2080,41450,4000,0,0,0,4000,45450,19.927885,21.850962,1,4,Women
W01303,IT · Milan,IT,Tech,L2,Tech L2,Cat B,185,Permanent,Onsite,1.0,2080,39850,0,0,0,0,0,39850,19.158654,19.158654,0,3,Women
W01304,IT · Milan,IT,Operations,L1,Operations L1,Cat B,190,Permanent,Onsite,1.0,2080,24700,0,0,1320,0,1320,26020,11.875,12.509615,1,1,Women
W01305,IT · Milan,IT,Tech,L1,Tech L1,Cat A,150,Permanent,Onsite,1.0,2080,34000,0,0,0,0,0,34000,16.346154,16.346154,0,2,Men
W01306,PL · Kraków,PL,Sales,L3,Sales L3,Cat D,285,Permanent,Onsite,1.0,2080,38650,2090,5870,0,0,7960,46610,18.581731,22.408654,1,4,Women
W01308,PL · Kraków,PL,Operations,L3,Operations L3,Cat D,295,Permanent,Onsite,1.0,2080,30750,1660,0,840,0,2500,33250,14.783654,15.985577,1,3,Women
W01309,ES · Barcelona,ES,Customer Service,L2,Customer Service L2,Cat C,210,Permanent,Hybrid,1.0,2080,29550,0,0,0,0,0,29550,14.206731,14.206731,0,2,Men
W01310,PL · Kraków,PL,Operations,L2,Operations L2,Cat C,225,Permanent,Hybrid,1.0,2080,26750,0,0,0,0,0,26750,12.860577,12.860577,0,2,Men
W01311,IT · Milan,IT,Customer Service,L3,Customer Service L3,Cat D,280,Fixed-term,Hybrid,1.0,2080,39500,2340,0,0,0,2340,41840,18.990385,20.115385,1,3,Men
W01314,IT · Milan,IT,Customer Service,L2,Customer Service L2,Cat C,210,Permanent,Onsite,1.0,2080,34450,0,0,1320,0,1320,35770,16.5625,17.197115,1,2,Men
W01315,PL · Kraków,PL,Customer Service,L6,Customer Service L6,Cat G,410,Fixed-term,Hybrid,0.8,1664,48440,9160,0,0,4200,13360,61800,29.110577,37.139423,1,4,Men
W01316,PL · Kraków,PL,Finance,L2,Finance L2,Cat B,185,Fixed-term,Hybrid,1.0,2080,28200,0,0,0,0,0,28200,13.557692,13.557692,0,2,Women
W01319,PL · Kraków,PL,Tech,L2,Tech L2,Cat B,185,Permanent,Onsite,1.0,2080,35550,0,0,0,0,0,35550,17.091346,17.091346,0,3,Women
W01320,PL · Kraków,PL,Tech,L1,Tech L1,Cat A,150,Permanent,Remote,0.8,1664,19040,0,0,0,0,0,19040,11.442308,11.442308,0,2,Men
W01321,DE · Munich,DE,Customer Service,L2,Customer Service L2,Cat C,210,Permanent,Hybrid,0.8,1664,35440,0,0,0,0,0,35440,21.298077,21.298077,0,2,Women
W01322,PL · Kraków,PL,Customer Service,L3,Customer Service L3,Cat D,280,Fixed-term,Hybrid,0.8,1664,26840,2120,0,0,0,2120,28960,16.129808,17.403846,1,3,Women
W01323,IT · Milan,IT,HR,L3,HR L3,Cat D,255,Fixed-term,Remote,1.0,2080,45150,1950,0,0,0,1950,47100,21.706731,22.644231,1,3,Women
W01324,DE · Munich,DE,Operations,L2,Operations L2,Cat C,225,Fixed-term,Hybrid,1.0,2080,59150,0,0,0,0,0,59150,28.4375,28.4375,0,3,Women
W01325,ES · Barcelona,ES,Customer Service,L4,Customer Service L4,Cat E,320,Permanent,Onsite,1.0,2080,43000,4430,0,0,0,4430,47430,20.673077,22.802885,1,3,Men
W01326,PL · Kraków,PL,Customer Service,L2,Customer Service L2,Cat C,210,Permanent,Hybrid,1.0,2080,23850,0,0,0,0,0,23850,11.466346,11.466346,0,2,Women
W01327,ES · Barcelona,ES,Tech,L2,Tech L2,Cat B,185,Permanent,Onsite,1.0,2080,34600,0,0,0,0,0,34600,16.634615,16.634615,0,2,Women
W01329,PL · Kraków,PL,Customer Service,L5,Customer Service L5,Cat F,340,Permanent,Onsite,1.0,2080,45950,3200,0,0,4200,7400,53350,22.091346,25.649038,1,4,Women
W01330,DE · Munich,DE,Customer Service,L2,Customer Service L2,Cat C,210,Permanent,Remote,1.0,2080,46650,0,0,0,0,0,46650,22.427885,22.427885,0,2,Men
W01332,IT · Milan,IT,Sales,L2,Sales L2,Cat C,215,Permanent,Hybrid,0.8,1664,27640,0,4240,0,0,4240,31880,16.610577,19.158654,1,3,Men
W01333,IT · Milan,IT,Finance,L2,Finance L2,Cat B,185,Permanent,Onsite,1.0,2080,39050,0,0,0,0,0,39050,18.774038,18.774038,0,3,Men
W01334,IT · Milan,IT,Customer Service,L3,Customer Service L3,Cat D,280,Permanent,Onsite,1.0,2080,34900,1750,0,1320,0,3070,37970,16.778846,18.254808,1,3,Women
W01335,DE · Munich,DE,Finance,L1,Finance L1,Cat A,115,Permanent,Hybrid,1.0,2080,35400,0,0,0,0,0,35400,17.019231,17.019231,0,1,Men
W01337,IT · Milan,IT,HR,L1,HR L1,Cat A,115,Permanent,Onsite,1.0,2080,28200,0,0,0,0,0,28200,13.557692,13.557692,0,1,Men
W01338,PL · Kraków,PL,Operations,L4,Operations L4,Cat E,335,Permanent,Hybrid,1.0,2080,41700,3700,0,0,0,3700,45400,20.048077,21.826923,1,4,Men
W01339,DE · Munich,DE,Tech,L4,Tech L4,Cat E,325,Permanent,Hybrid,1.0,2080,100450,8470,0,0,0,8470,108920,48.293269,52.365385,1,4,Men
W01340,IT · Milan,IT,Customer Service,L2,Customer Service L2,Cat C,210,Permanent,Hybrid,1.0,2080,28050,0,0,0,0,0,28050,13.485577,13.485577,0,1,Men
W01341,PL · Kraków,PL,Customer Service,L2,Customer Service L2,Cat C,210,Permanent,Onsite,1.0,2080,28200,0,0,840,0,840,29040,13.557692,13.961538,1,2,Men
W01342,DE · Munich,DE,HR,L1,HR L1,Cat A,115,Permanent,Hybrid,1.0,2080,32950,0,0,0,0,0,32950,15.841346,15.841346,0,1,Women
W01343,ES · Barcelona,ES,Operations,L3,Operations L3,Cat D,295,Permanent,Hybrid,1.0,2080,36350,2440,0,0,0,2440,38790,17.475962,18.649038,1,3,Men
W01344,IT · Milan,IT,Customer Service,L3,Customer Service L3,Cat D,280,Permanent,Onsite,1.0,2080,36450,1770,0,1320,0,3090,39540,17.524038,19.009615,1,3,Women
W01345,DE · Munich,DE,Tech,L1,Tech L1,Cat A,150,Fixed-term,Onsite,1.0,2080,42900,0,0,0,0,0,42900,20.625,20.625,0,2,Women
W01346,IT · Milan,IT,Customer Service,L1,Customer Service L1,Cat B,175,Fixed-term,Onsite,1.0,2080,17550,0,0,1320,0,1320,18870,8.4375,9.072115,1,1,Women
W01347,IT · Milan,IT,Operations,L3,Operations L3,Cat D,295,Permanent,Hybrid,1.0,2080,41850,2350,0,0,0,2350,44200,20.120192,21.25,1,3,Men
W01348,PL · Kraków,PL,Customer Service,L2,Customer Service L2,Cat C,210,Permanent,Hybrid,0.8,1664,17920,0,0,0,0,0,17920,10.769231,10.769231,0,1,Women
W01349,IT · Milan,IT,Customer Service,L2,Customer Service L2,Cat C,210,Fixed-term,Onsite,1.0,2080,24900,0,0,1320,0,1320,26220,11.971154,12.605769,1,1,Men
W01350,IT · Milan,IT,Sales,L3,Sales L3,Cat D,285,Permanent,Remote,1.0,2080,53600,2860,9450,0,0,12310,65910,25.769231,31.6875,1,4,Men
W01351,DE · Munich,DE,Finance,L3,Finance L3,Cat D,255,Permanent,Hybrid,1.0,2080,73850,5040,0,0,0,5040,78890,35.504808,37.927885,1,4,Men
W01352,PL · Kraków,PL,Finance,L3,Finance L3,Cat D,255,Permanent,Onsite,1.0,2080,37450,1790,0,0,0,1790,39240,18.004808,18.865385,1,3,Men
W01353,ES · Barcelona,ES,Customer Service,L1,Customer Service L1,Cat B,175,Permanent,Hybrid,1.0,2080,20800,0,0,0,0,0,20800,10.0,10.0,0,1,Women
W01354,DE · Munich,DE,Customer Service,L1,Customer Service L1,Cat B,175,Permanent,Hybrid,1.0,2080,34850,0,0,0,0,0,34850,16.754808,16.754808,0,1,Women
W01355,PL · Kraków,PL,Customer Service,L1,Customer Service L1,Cat B,175,Permanent,Hybrid,1.0,2080,16600,0,0,0,0,0,16600,7.980769,7.980769,0,1,Men
W01356,IT · Milan,IT,Sales,L2,Sales L2,Cat C,215,Permanent,Hybrid,1.0,2080,32750,0,3230,0,0,3230,35980,15.745192,17.298077,1,2,Women
W01357,PL · Kraków,PL,Customer Service,L2,Customer Service L2,Cat C,210,Fixed-term,Remote,1.0,2080,25200,0,0,0,0,0,25200,12.115385,12.115385,0,2,Men
W01358,IT · Milan,IT,Customer Service,L3,Customer Service L3,Cat D,280,Permanent,Onsite,1.0,2080,34550,2180,0,1320,0,3500,38050,16.610577,18.293269,1,3,Men
W01359,PL · Kraków,PL,Sales,L1,Sales L1,Cat A,145,Permanent,Hybrid,1.0,2080,21150,0,2120,0,0,2120,23270,10.168269,11.1875,1,1,Women
W01361,IT · Milan,IT,Finance,L4,Finance L4,Cat E,325,Permanent,Hybrid,1.0,2080,54950,5500,0,0,0,5500,60450,26.418269,29.0625,1,4,Men
W01362,IT · Milan,IT,Tech,L2,Tech L2,Cat B,185,Permanent,Remote,1.0,2080,39550,0,0,0,0,0,39550,19.014423,19.014423,0,3,Men
W01363,PL · Kraków,PL,Operations,L3,Operations L3,Cat D,295,Permanent,Onsite,1.0,2080,29100,750,0,840,0,1590,30690,13.990385,14.754808,1,3,Women
W01364,DE · Munich,DE,Operations,L2,Operations L2,Cat C,225,Permanent,Remote,1.0,2080,44450,0,0,0,0,0,44450,21.370192,21.370192,0,2,Women
W01365,PL · Kraków,PL,Operations,L2,Operations L2,Cat C,225,Permanent,Hybrid,1.0,2080,28150,0,0,0,0,0,28150,13.533654,13.533654,0,2,Men
W01366,PL · Kraków,PL,Customer Service,L5,Customer Service L5,Cat F,340,Permanent,Remote,1.0,2080,50350,7370,0,0,4200,11570,61920,24.206731,29.769231,1,4,Men
W01367,IT · Milan,IT,Finance,L2,Finance L2,Cat B,185,Permanent,Remote,1.0,2080,33000,0,0,0,0,0,33000,15.865385,15.865385,0,2,Women
W01368,IT · Milan,IT,Customer Service,L1,Customer Service L1,Cat B,175,Permanent,Remote,1.0,2080,19550,0,0,0,0,0,19550,9.399038,9.399038,0,1,Men
W01369,PL · Kraków,PL,Operations,L3,Operations L3,Cat D,295,Permanent,Onsite,1.0,2080,33150,1620,0,840,0,2460,35610,15.9375,17.120192,1,3,Women
W01370,IT · Milan,IT,HR,L4,HR L4,Cat E,325,Fixed-term,Hybrid,0.8,1664,39880,4010,0,0,0,4010,43890,23.966346,26.376202,1,4,Men
W01371,IT · Milan,IT,Sales,L2,Sales L2,Cat C,215,Permanent,Onsite,0.8,1664,23600,0,3270,0,0,3270,26870,14.182692,16.147837,1,2,Women
W01372,PL · Kraków,PL,Customer Service,L2,Customer Service L2,Cat C,210,Permanent,Hybrid,1.0,2080,19500,0,0,0,0,0,19500,9.375,9.375,0,1,Women
W01374,IT · Milan,IT,Tech,L2,Tech L2,Cat B,185,Permanent,Onsite,1.0,2080,37350,0,0,0,0,0,37350,17.956731,17.956731,0,3,Women
W01375,IT · Milan,IT,Tech,L3,Tech L3,Cat D,255,Permanent,Hybrid,1.0,2080,49450,2760,0,0,0,2760,52210,23.774038,25.100962,1,4,Women
W01376,ES · Barcelona,ES,Sales,L1,Sales L1,Cat A,145,Permanent,Hybrid,1.0,2080,22350,0,1010,0,0,1010,23360,10.745192,11.230769,1,1,Women
W01377,IT · Milan,IT,Operations,L1,Operations L1,Cat B,190,Fixed-term,Hybrid,1.0,2080,27600,0,0,0,0,0,27600,13.269231,13.269231,0,1,Women
W01378,IT · Milan,IT,Sales,L1,Sales L1,Cat A,145,Permanent,Hybrid,1.0,2080,23150,0,3070,0,0,3070,26220,11.129808,12.605769,1,1,Women
W01379,PL · Kraków,PL,HR,L3,HR L3,Cat D,255,Fixed-term,Hybrid,1.0,2080,29000,830,0,0,0,830,29830,13.942308,14.341346,1,2,Women
W01380,DE · Munich,DE,Sales,L1,Sales L1,Cat A,145,Permanent,Remote,1.0,2080,42900,0,4200,0,0,4200,47100,20.625,22.644231,1,2,Men
W01381,PL · Kraków,PL,Customer Service,L3,Customer Service L3,Cat D,280,Fixed-term,Onsite,1.0,2080,30550,1550,0,840,0,2390,32940,14.6875,15.836538,1,3,Women
W01382,DE · Munich,DE,Customer Service,L3,Customer Service L3,Cat D,280,Permanent,Hybrid,1.0,2080,57600,0,0,0,0,0,57600,27.692308,27.692308,0,3,Women
W01383,IT · Milan,IT,Operations,L4,Operations L4,Cat E,335,Permanent,Onsite,1.0,2080,50950,4140,0,0,0,4140,55090,24.495192,26.485577,1,4,Women
W01385,DE · Munich,DE,Customer Service,L5,Customer Service L5,Cat F,340,Fixed-term,Hybrid,1.0,2080,92100,14170,0,0,7200,21370,113470,44.278846,54.552885,1,4,Men
W01386,DE · Munich,DE,Operations,L2,Operations L2,Cat C,225,Permanent,Hybrid,0.8,1664,38640,0,0,0,0,0,38640,23.221154,23.221154,0,2,Women
W01387,IT · Milan,IT,Customer Service,L1,Customer Service L1,Cat B,175,Permanent,Hybrid,1.0,2080,21650,0,0,0,0,0,21650,10.408654,10.408654,0,1,Women
W01388,IT · Milan,IT,Customer Service,L1,Customer Service L1,Cat B,175,Permanent,Remote,1.0,2080,26350,0,0,0,0,0,26350,12.668269,12.668269,0,1,Women
W01389,DE · Munich,DE,Customer Service,L3,Customer Service L3,Cat D,280,Permanent,Hybrid,1.0,2080,55150,2890,0,0,0,2890,58040,26.514423,27.903846,1,3,Men
W01391,PL · Kraków,PL,Operations,L4,Operations L4,Cat E,335,Permanent,Remote,1.0,2080,42000,3410,0,0,0,3410,45410,20.192308,21.831731,1,4,Women
W01392,DE · Munich,DE,Customer Service,L5,Customer Service L5,Cat F,340,Permanent,Hybrid,1.0,2080,93350,10600,0,0,7200,17800,111150,44.879808,53.4375,1,4,Men
W01393,PL · Kraków,PL,Customer Service,L4,Customer Service L4,Cat E,320,Fixed-term,Hybrid,1.0,2080,31450,3400,0,0,0,3400,34850,15.120192,16.754808,1,3,Women
W01394,PL · Kraków,PL,Operations,L1,Operations L1,Cat B,190,Permanent,Hybrid,1.0,2080,15300,0,0,0,0,0,15300,7.355769,7.355769,0,1,Men
W01395,PL · Kraków,PL,HR,L3,HR L3,Cat D,255,Permanent,Onsite,1.0,2080,33500,1820,0,0,0,1820,35320,16.105769,16.980769,1,3,Men
W01396,ES · Barcelona,ES,Customer Service,L1,Customer Service L1,Cat B,175,Fixed-term,Hybrid,1.0,2080,17850,0,0,0,0,0,17850,8.581731,8.581731,0,1,Women
W01397,DE · Munich,DE,Customer Service,L1,Customer Service L1,Cat B,175,Permanent,Hybrid,1.0,2080,39950,0,0,0,0,0,39950,19.206731,19.206731,0,1,Men
W01398,PL · Kraków,PL,Operations,L2,Operations L2,Cat C,225,Fixed-term,Onsite,1.0,2080,29200,0,0,840,0,840,30040,14.038462,14.442308,1,2,Men
W01399,ES · Barcelona,ES,Operations,L2,Operations L2,Cat C,225,Permanent,Hybrid,1.0,2080,29900,0,0,0,0,0,29900,14.375,14.375,0,2,Men
W01400,DE · Munich,DE,Finance,L2,Finance L2,Cat B,185,Permanent,Hybrid,1.0,2080,54850,0,0,0,0,0,54850,26.370192,26.370192,0,3,Women
W01401,IT · Milan,IT,Tech,L1,Tech L1,Cat A,150,Fixed-term,Hybrid,1.0,2080,25100,0,0,0,0,0,25100,12.067308,12.067308,0,1,Men
W01403,PL · Kraków,PL,HR,L3,HR L3,Cat D,255,Permanent,Onsite,1.0,2080,31550,1460,0,0,0,1460,33010,15.168269,15.870192,1,3,Men
W01404,PL · Kraków,PL,Customer Service,L3,Customer Service L3,Cat D,280,Permanent,Onsite,1.0,2080,34550,2170,0,840,0,3010,37560,16.610577,18.057692,1,3,Women
W01405,IT · Milan,IT,Tech,L1,Tech L1,Cat A,150,Permanent,Remote,0.8,1664,26680,0,0,0,0,0,26680,16.033654,16.033654,0,2,Men
W01406,PL · Kraków,PL,Finance,L2,Finance L2,Cat B,185,Permanent,Onsite,1.0,2080,27150,0,0,0,0,0,27150,13.052885,13.052885,0,2,Men
W01407,PL · Kraków,PL,Sales,L1,Sales L1,Cat A,145,Permanent,Remote,0.8,1664,16560,0,2400,0,0,2400,18960,9.951923,11.394231,1,2,Women
W01408,DE · Munich,DE,Customer Service,L1,Customer Service L1,Cat B,175,Permanent,Hybrid,1.0,2080,31250,0,0,0,0,0,31250,15.024038,15.024038,0,1,Men
W01409,PL · Kraków,PL,Customer Service,L3,Customer Service L3,Cat D,280,Permanent,Onsite,0.8,1664,22280,1130,0,672,0,1802,24082,13.389423,14.472356,1,3,Women
W01410,ES · Barcelona,ES,Finance,L3,Finance L3,Cat D,255,Fixed-term,Hybrid,1.0,2080,43700,1140,0,0,0,1140,44840,21.009615,21.557692,1,3,Women
W01411,IT · Milan,IT,Customer Service,L2,Customer Service L2,Cat C,210,Permanent,Hybrid,1.0,2080,32450,0,0,0,0,0,32450,15.600962,15.600962,0,2,Women
W01412,DE · Munich,DE,HR,L3,HR L3,Cat D,255,Permanent,Hybrid,1.0,2080,62900,3130,0,0,0,3130,66030,30.240385,31.745192,1,3,Men
W01413,ES · Barcelona,ES,Operations,L2,Operations L2,Cat C,225,Permanent,Hybrid,1.0,2080,28350,0,0,0,0,0,28350,13.629808,13.629808,0,2,Women
W01414,IT · Milan,IT,Customer Service,L3,Customer Service L3,Cat D,280,Permanent,Onsite,1.0,2080,39500,1800,0,1320,0,3120,42620,18.990385,20.490385,1,3,Women
W01415,DE · Munich,DE,Operations,L2,Operations L2,Cat C,225,Permanent,Onsite,1.0,2080,38200,0,0,1800,0,1800,40000,18.365385,19.230769,1,1,Women
W01416,DE · Munich,DE,Operations,L3,Operations L3,Cat D,295,Fixed-term,Hybrid,1.0,2080,49650,2430,0,0,0,2430,52080,23.870192,25.038462,1,2,Men
W01417,IT · Milan,IT,Customer Service,L2,Customer Service L2,Cat C,210,Fixed-term,Hybrid,1.0,2080,30150,0,0,0,0,0,30150,14.495192,14.495192,0,2,Men
W01418,ES · Barcelona,ES,Operations,L2,Operations L2,Cat C,225,Permanent,Hybrid,1.0,2080,29350,0,0,0,0,0,29350,14.110577,14.110577,0,2,Men
W01419,ES · Barcelona,ES,Customer Service,L3,Customer Service L3,Cat D,280,Permanent,Onsite,1.0,2080,39050,2370,0,1200,0,3570,42620,18.774038,20.490385,1,3,Men
W01420,IT · Milan,IT,Customer Service,L2,Customer Service L2,Cat C,210,Permanent,Hybrid,1.0,2080,28100,0,0,0,0,0,28100,13.509615,13.509615,0,1,Men
W01421,IT · Milan,IT,Finance,L2,Finance L2,Cat B,185,Fixed-term,Onsite,1.0,2080,40100,0,0,0,0,0,40100,19.278846,19.278846,0,3,Women
W01422,IT · Milan,IT,Tech,L2,Tech L2,Cat B,185,Fixed-term,Remote,1.0,2080,39750,0,0,0,0,0,39750,19.110577,19.110577,0,3,Women
W01423,PL · Kraków,PL,Customer Service,L6,Customer Service L6,Cat G,410,Permanent,Hybrid,1.0,2080,69750,13560,0,0,4200,17760,87510,33.533654,42.072115,1,4,Women
W01425,IT · Milan,IT,Tech,L1,Tech L1,Cat A,150,Permanent,Remote,1.0,2080,30850,0,0,0,0,0,30850,14.831731,14.831731,0,2,Women
W01426,DE · Munich,DE,Customer Service,L3,Customer Service L3,Cat D,280,Fixed-term,Onsite,1.0,2080,63400,3420,0,1800,0,5220,68620,30.480769,32.990385,1,3,Men
W01427,PL · Kraków,PL,Customer Service,L3,Customer Service L3,Cat D,280,Fixed-term,Remote,1.0,2080,31000,1490,0,0,0,1490,32490,14.903846,15.620192,1,3,Men
W01428,DE · Munich,DE,Finance,L4,Finance L4,Cat E,325,Permanent,Hybrid,1.0,2080,89800,7600,0,0,0,7600,97400,43.173077,46.826923,1,4,Men
W01429,DE · Munich,DE,Tech,L2,Tech L2,Cat B,185,Permanent,Onsite,1.0,2080,53050,0,0,0,0,0,53050,25.504808,25.504808,0,2,Women
W01430,PL · Kraków,PL,Sales,L2,Sales L2,Cat C,215,Permanent,Onsite,1.0,2080,23350,0,3780,0,0,3780,27130,11.225962,13.043269,1,2,Women
W01431,IT · Milan,IT,Customer Service,L5,Customer Service L5,Cat F,340,Permanent,Remote,1.0,2080,75750,4420,0,0,6000,10420,86170,36.418269,41.427885,1,4,Men
W01432,IT · Milan,IT,Tech,L2,Tech L2,Cat B,185,Permanent,Hybrid,1.0,2080,40650,0,0,0,0,0,40650,19.543269,19.543269,0,3,Men
W01433,IT · Milan,IT,HR,L4,HR L4,Cat E,325,Permanent,Onsite,1.0,2080,63900,4750,0,0,0,4750,68650,30.721154,33.004808,1,4,Women
W01434,DE · Munich,DE,Operations,L1,Operations L1,Cat B,190,Permanent,Onsite,1.0,2080,38600,0,0,1800,0,1800,40400,18.557692,19.423077,1,1,Women
W01435,DE · Munich,DE,HR,L3,HR L3,Cat D,255,Permanent,Onsite,1.0,2080,54300,2810,0,0,0,2810,57110,26.105769,27.456731,1,3,Men
W01436,IT · Milan,IT,Tech,L1,Tech L1,Cat A,150,Permanent,Hybrid,0.8,1664,26880,0,0,0,0,0,26880,16.153846,16.153846,0,2,Women
W01437,DE · Munich,DE,Sales,L1,Sales L1,Cat A,145,Permanent,Hybrid,1.0,2080,44650,0,6560,0,0,6560,51210,21.466346,24.620192,1,2,Men
W01438,IT · Milan,IT,Customer Service,L2,Customer Service L2,Cat C,210,Permanent,Remote,1.0,2080,28550,0,0,0,0,0,28550,13.725962,13.725962,0,1,Men
W01439,IT · Milan,IT,Customer Service,L3,Customer Service L3,Cat D,280,Permanent,Hybrid,1.0,2080,38400,2230,0,0,0,2230,40630,18.461538,19.533654,1,3,Women
W01440,PL · Kraków,PL,Operations,L2,Operations L2,Cat C,225,Fixed-term,Hybrid,1.0,2080,27700,0,0,0,0,0,27700,13.317308,13.317308,0,2,Men
W01441,IT · Milan,IT,Operations,L4,Operations L4,Cat E,335,Permanent,Hybrid,1.0,2080,52950,4300,0,0,0,4300,57250,25.456731,27.524038,1,4,Men
W01442,PL · Kraków,PL,Operations,L2,Operations L2,Cat C,225,Fixed-term,Remote,1.0,2080,23000,0,0,0,0,0,23000,11.057692,11.057692,0,1,Men
W01443,ES · Barcelona,ES,Customer Service,L2,Customer Service L2,Cat C,210,Permanent,Onsite,1.0,2080,31750,0,0,1200,0,1200,32950,15.264423,15.841346,1,2,Men
W01444,DE · Munich,DE,Operations,L3,Operations L3,Cat D,295,Permanent,Onsite,1.0,2080,70600,0,0,1800,0,1800,72400,33.942308,34.807692,1,3,Women
W01445,ES · Barcelona,ES,Tech,L4,Tech L4,Cat E,325,Permanent,Remote,1.0,2080,70350,5180,0,0,0,5180,75530,33.822115,36.3125,1,4,Men
W01446,ES · Barcelona,ES,Sales,L1,Sales L1,Cat A,145,Permanent,Hybrid,1.0,2080,28950,0,4510,0,0,4510,33460,13.918269,16.086538,1,2,Men
W01447,PL · Kraków,PL,Sales,L2,Sales L2,Cat C,215,Permanent,Hybrid,1.0,2080,26850,0,2890,0,0,2890,29740,12.908654,14.298077,1,2,Women
W01448,PL · Kraków,PL,Customer Service,L4,Customer Service L4,Cat E,320,Permanent,Onsite,1.0,2080,41150,1640,0,0,0,1640,42790,19.783654,20.572115,1,4,Men
W01449,ES · Barcelona,ES,Sales,L1,Sales L1,Cat A,145,Permanent,Hybrid,1.0,2080,22800,0,2160,0,0,2160,24960,10.961538,12.0,1,1,Women
W01450,IT · Milan,IT,Sales,L3,Sales L3,Cat D,285,Fixed-term,Hybrid,1.0,2080,41000,980,5230,0,0,6210,47210,19.711538,22.697115,1,3,Women
W01451,DE · Munich,DE,Operations,L4,Operations L4,Cat E,335,Permanent,Hybrid,1.0,2080,78350,6030,0,0,0,6030,84380,37.668269,40.567308,1,4,Men
W01452,PL · Kraków,PL,Finance,L2,Finance L2,Cat B,185,Permanent,Hybrid,1.0,2080,24900,0,0,0,0,0,24900,11.971154,11.971154,0,2,Women
W01453,IT · Milan,IT,Tech,L2,Tech L2,Cat B,185,Permanent,Onsite,1.0,2080,35600,0,0,0,0,0,35600,17.115385,17.115385,0,2,Women
W01454,PL · Kraków,PL,Operations,L1,Operations L1,Cat B,190,Permanent,Hybrid,1.0,2080,17400,0,0,0,0,0,17400,8.365385,8.365385,0,1,Women
W01455,ES · Barcelona,ES,Sales,L4,Sales L4,Cat E,320,Permanent,Onsite,1.0,2080,58850,4060,4760,0,0,8820,67670,28.293269,32.533654,1,4,Women
W01456,PL · Kraków,PL,Sales,L4,Sales L4,Cat E,320,Permanent,Hybrid,1.0,2080,38000,3240,5400,0,0,8640,46640,18.269231,22.423077,1,4,Men
W01457,DE · Munich,DE,Operations,L3,Operations L3,Cat D,295,Permanent,Hybrid,1.0,2080,50850,2310,0,0,0,2310,53160,24.447115,25.557692,1,2,Women
W01458,PL · Kraków,PL,Operations,L3,Operations L3,Cat D,295,Fixed-term,Remote,1.0,2080,32900,1940,0,0,0,1940,34840,15.817308,16.75,1,3,Women
W01459,ES · Barcelona,ES,Customer Service,L1,Customer Service L1,Cat B,175,Permanent,Onsite,1.0,2080,22900,0,0,1200,0,1200,24100,11.009615,11.586538,1,1,Women
W01460,ES · Barcelona,ES,Finance,L1,Finance L1,Cat A,115,Permanent,Hybrid,1.0,2080,28900,0,0,0,0,0,28900,13.894231,13.894231,0,2,Women
W01461,PL · Kraków,PL,Operations,L4,Operations L4,Cat E,335,Fixed-term,Hybrid,1.0,2080,43000,3320,0,0,0,3320,46320,20.673077,22.269231,1,4,Men
W01462,DE · Munich,DE,Operations,L5,Operations L5,Cat F,340,Permanent,Onsite,1.0,2080,108700,14060,0,0,7200,21260,129960,52.259615,62.480769,1,4,Men
W01463,ES · Barcelona,ES,HR,L2,HR L2,Cat B,185,Permanent,Onsite,1.0,2080,31300,0,0,0,0,0,31300,15.048077,15.048077,0,2,Women
W01465,DE · Munich,DE,Customer Service,L3,Customer Service L3,Cat D,280,Permanent,Hybrid,1.0,2080,60000,2980,0,0,0,2980,62980,28.846154,30.278846,1,3,Women
W01466,DE · Munich,DE,Operations,L4,Operations L4,Cat E,335,Permanent,Hybrid,1.0,2080,80100,10220,0,0,0,10220,90320,38.509615,43.423077,1,4,Men
W01467,DE · Munich,DE,Operations,L2,Operations L2,Cat C,225,Permanent,Onsite,1.0,2080,46200,0,0,1800,0,1800,48000,22.211538,23.076923,1,2,Men
W01468,PL · Kraków,PL,Operations,L1,Operations L1,Cat B,190,Permanent,Remote,1.0,2080,18750,0,0,0,0,0,18750,9.014423,9.014423,0,1,Women
W01470,PL · Kraków,PL,Operations,L1,Operations L1,Cat B,190,Permanent,Hybrid,1.0,2080,20250,0,0,0,0,0,20250,9.735577,9.735577,0,1,Women
W01471,IT · Milan,IT,Tech,L1,Tech L1,Cat A,150,Permanent,Hybrid,1.0,2080,28150,0,0,0,0,0,28150,13.533654,13.533654,0,1,Women
W01472,IT · Milan,IT,Customer Service,L3,Customer Service L3,Cat D,280,Permanent,Hybrid,1.0,2080,36000,1870,0,0,0,1870,37870,17.307692,18.206731,1,3,Women
W01473,DE · Munich,DE,Customer Service,L2,Customer Service L2,Cat C,210,Permanent,Onsite,1.0,2080,46700,0,0,1800,0,1800,48500,22.451923,23.317308,1,2,Women
W01474,PL · Kraków,PL,HR,L1,HR L1,Cat A,115,Permanent,Onsite,1.0,2080,20000,0,0,0,0,0,20000,9.615385,9.615385,0,1,Women
W01476,IT · Milan,IT,Sales,L4,Sales L4,Cat E,320,Permanent,Remote,1.0,2080,65050,6570,6210,0,0,12780,77830,31.274038,37.418269,1,4,Women
W01477,PL · Kraków,PL,Operations,L3,Operations L3,Cat D,295,Fixed-term,Hybrid,1.0,2080,32800,770,0,0,0,770,33570,15.769231,16.139423,1,3,Men
W01478,DE · Munich,DE,Operations,L1,Operations L1,Cat B,190,Permanent,Onsite,1.0,2080,35500,0,0,1800,0,1800,37300,17.067308,17.932692,1,1,Men
W01479,PL · Kraków,PL,Tech,L3,Tech L3,Cat D,255,Permanent,Hybrid,1.0,2080,39750,1970,0,0,0,1970,41720,19.110577,20.057692,1,4,Men
W01480,PL · Kraków,PL,Customer Service,L5,Customer Service L5,Cat F,340,Permanent,Hybrid,1.0,2080,55250,6600,0,0,4200,10800,66050,26.5625,31.754808,1,4,Men
W01481,IT · Milan,IT,Tech,L1,Tech L1,Cat A,150,Permanent,Hybrid,1.0,2080,28250,0,0,0,0,0,28250,13.581731,13.581731,0,1,Women
W01483,PL · Kraków,PL,Tech,L2,Tech L2,Cat B,185,Permanent,Remote,1.0,2080,26150,0,0,0,0,0,26150,12.572115,12.572115,0,2,Women
W01484,IT · Milan,IT,Customer Service,L3,Customer Service L3,Cat D,280,Permanent,Onsite,1.0,2080,40800,2450,0,1320,0,3770,44570,19.615385,21.427885,1,3,Women
W01485,IT · Milan,IT,Tech,L3,Tech L3,Cat D,255,Permanent,Hybrid,1.0,2080,53500,1290,0,0,0,1290,54790,25.721154,26.341346,1,4,Men
W01486,IT · Milan,IT,Sales,L2,Sales L2,Cat C,215,Permanent,Onsite,1.0,2080,40300,0,3990,0,0,3990,44290,19.375,21.293269,1,3,Women
W01487,ES · Barcelona,ES,Tech,L1,Tech L1,Cat A,150,Permanent,Hybrid,1.0,2080,29700,0,0,0,0,0,29700,14.278846,14.278846,0,2,Women
W01488,DE · Munich,DE,Sales,L2,Sales L2,Cat C,215,Permanent,Onsite,1.0,2080,42200,0,3430,0,0,3430,45630,20.288462,21.9375,1,2,Women
W01489,IT · Milan,IT,Customer Service,L1,Customer Service L1,Cat B,175,Permanent,Onsite,1.0,2080,26900,0,0,1320,0,1320,28220,12.932692,13.567308,1,1,Women
W01490,DE · Munich,DE,HR,L3,HR L3,Cat D,255,Permanent,Onsite,1.0,2080,57050,2840,0,0,0,2840,59890,27.427885,28.793269,1,3,Women
W01492,DE · Munich,DE,Customer Service,L4,Customer Service L4,Cat E,320,Permanent,Remote,1.0,2080,77800,5480,0,0,0,5480,83280,37.403846,40.038462,1,4,Women
W01493,ES · Barcelona,ES,Sales,L2,Sales L2,Cat C,215,Fixed-term,Hybrid,1.0,2080,30900,0,2990,0,0,2990,33890,14.855769,16.293269,1,2,Women
W01494,IT · Milan,IT,Customer Service,L4,Customer Service L4,Cat E,320,Permanent,Hybrid,1.0,2080,50500,3900,0,0,0,3900,54400,24.278846,26.153846,1,4,Women
W01495,PL · Kraków,PL,Finance,L2,Finance L2,Cat B,185,Permanent,Remote,1.0,2080,30900,0,0,0,0,0,30900,14.855769,14.855769,0,3,Women
W01496,PL · Kraków,PL,HR,L1,HR L1,Cat A,115,Permanent,Hybrid,0.8,1664,17200,0,0,0,0,0,17200,10.336538,10.336538,0,1,Women
W01497,IT · Milan,IT,Customer Service,L2,Customer Service L2,Cat C,210,Permanent,Onsite,1.0,2080,29600,0,0,1320,0,1320,30920,14.230769,14.865385,1,2,Men
W01498,ES · Barcelona,ES,Operations,L1,Operations L1,Cat B,190,Permanent,Hybrid,1.0,2080,24300,0,0,0,0,0,24300,11.682692,11.682692,0,1,Men
W01499,IT · Milan,IT,Operations,L3,Operations L3,Cat D,295,Permanent,Hybrid,1.0,2080,44400,2650,0,0,0,2650,47050,21.346154,22.620192,1,3,Men
W01500,PL · Kraków,PL,Sales,L3,Sales L3,Cat D,285,Fixed-term,Onsite,1.0,2080,35800,880,5080,0,0,5960,41760,17.211538,20.076923,1,4,Women
W01501,IT · Milan,IT,Sales,L5,Sales L5,Cat F,340,Fixed-term,Hybrid,1.0,2080,77650,10090,12430,0,6000,28520,106170,37.331731,51.043269,1,4,Women
W01502,PL · Kraków,PL,Sales,L3,Sales L3,Cat D,285,Permanent,Remote,1.0,2080,35150,2050,4760,0,0,6810,41960,16.899038,20.173077,1,4,Women
W01503,PL · Kraków,PL,Finance,L3,Finance L3,Cat D,255,Permanent,Onsite,1.0,2080,35850,1750,0,0,0,1750,37600,17.235577,18.076923,1,3,Women
W01504,DE · Munich,DE,Operations,L5,Operations L5,Cat F,340,Permanent,Hybrid,1.0,2080,111650,12890,0,0,7200,20090,131740,53.677885,63.336538,1,4,Women
W01505,PL · Kraków,PL,Sales,L1,Sales L1,Cat A,145,Permanent,Hybrid,1.0,2080,22650,0,2290,0,0,2290,24940,10.889423,11.990385,1,2,Women
W01506,ES · Barcelona,ES,Customer Service,L1,Customer Service L1,Cat B,175,Permanent,Remote,1.0,2080,27400,0,0,0,0,0,27400,13.173077,13.173077,0,1,Men
W01507,PL · Kraków,PL,Operations,L5,Operations L5,Cat F,340,Fixed-term,Onsite,1.0,2080,46900,6980,0,0,4200,11180,58080,22.548077,27.923077,1,4,Men
W01508,PL · Kraków,PL,HR,L4,HR L4,Cat E,325,Permanent,Remote,1.0,2080,43950,4490,0,0,0,4490,48440,21.129808,23.288462,1,4,Women
W01510,PL · Kraków,PL,Customer Service,L2,Customer Service L2,Cat C,210,Permanent,Hybrid,1.0,2080,22050,0,0,0,0,0,22050,10.600962,10.600962,0,1,Women
W01511,PL · Kraków,PL,Operations,L4,Operations L4,Cat E,335,Fixed-term,Onsite,1.0,2080,38750,2770,0,0,0,2770,41520,18.629808,19.961538,1,4,Men
W01512,DE · Munich,DE,Tech,L3,Tech L3,Cat D,255,Fixed-term,Hybrid,1.0,2080,88150,4260,0,0,0,4260,92410,42.379808,44.427885,1,4,Women
W01513,IT · Milan,IT,Customer Service,L4,Customer Service L4,Cat E,320,Permanent,Onsite,0.8,1664,40520,3350,0,0,0,3350,43870,24.350962,26.364183,1,4,Men
W01514,ES · Barcelona,ES,HR,L1,HR L1,Cat A,115,Permanent,Hybrid,1.0,2080,28450,0,0,0,0,0,28450,13.677885,13.677885,0,2,Men
W01516,PL · Kraków,PL,Tech,L5,Tech L5,Cat F,340,Permanent,Hybrid,1.0,2080,78950,9340,0,0,4200,13540,92490,37.956731,44.466346,1,4,Men
W01517,IT · Milan,IT,Finance,L3,Finance L3,Cat D,255,Permanent,Hybrid,1.0,2080,35800,830,0,0,0,830,36630,17.211538,17.610577,1,2,Women
W01518,PL · Kraków,PL,Tech,L4,Tech L4,Cat E,325,Permanent,Remote,1.0,2080,48400,4340,0,0,0,4340,52740,23.269231,25.355769,1,4,Women
W01519,PL · Kraków,PL,Operations,L4,Operations L4,Cat E,335,Permanent,Hybrid,1.0,2080,48600,4870,0,0,0,4870,53470,23.365385,25.706731,1,4,Men
W01521,IT · Milan,IT,Customer Service,L2,Customer Service L2,Cat C,210,Permanent,Hybrid,1.0,2080,27800,0,0,0,0,0,27800,13.365385,13.365385,0,1,Men
W01522,IT · Milan,IT,HR,L1,HR L1,Cat A,115,Fixed-term,Hybrid,1.0,2080,20250,0,0,0,0,0,20250,9.735577,9.735577,0,1,Women
W01523,ES · Barcelona,ES,Customer Service,L2,Customer Service L2,Cat C,210,Permanent,Onsite,1.0,2080,29850,0,0,1200,0,1200,31050,14.350962,14.927885,1,2,Men
W01524,IT · Milan,IT,Operations,L1,Operations L1,Cat B,190,Permanent,Hybrid,0.8,1664,20960,0,0,0,0,0,20960,12.596154,12.596154,0,1,Men
W01525,PL · Kraków,PL,Finance,L5,Finance L5,Cat F,340,Permanent,Hybrid,1.0,2080,57150,6770,0,0,4200,10970,68120,27.475962,32.75,1,4,Women
W01526,ES · Barcelona,ES,Tech,L5,Tech L5,Cat F,340,Permanent,Hybrid,1.0,2080,98450,5550,0,0,5400,10950,109400,47.331731,52.596154,1,4,Men
W01527,IT · Milan,IT,Sales,L4,Sales L4,Cat E,320,Permanent,Hybrid,1.0,2080,59400,6210,5840,0,0,12050,71450,28.557692,34.350962,1,4,Women
W01528,ES · Barcelona,ES,Finance,L2,Finance L2,Cat B,185,Permanent,Remote,1.0,2080,31750,0,0,0,0,0,31750,15.264423,15.264423,0,2,Women
W01529,DE · Munich,DE,Customer Service,L3,Customer Service L3,Cat D,280,Permanent,Hybrid,1.0,2080,53300,2520,0,0,0,2520,55820,25.625,26.836538,1,3,Men
W01530,IT · Milan,IT,Sales,L3,Sales L3,Cat D,285,Permanent,Onsite,1.0,2080,40100,1020,5980,0,0,7000,47100,19.278846,22.644231,1,3,Men
W01531,PL · Kraków,PL,Operations,L2,Operations L2,Cat C,225,Permanent,Hybrid,1.0,2080,25200,0,0,0,0,0,25200,12.115385,12.115385,0,2,Women
W01532,DE · Munich,DE,Sales,L1,Sales L1,Cat A,145,Permanent,Remote,1.0,2080,43250,0,5240,0,0,5240,48490,20.793269,23.3125,1,2,Men
W01534,IT · Milan,IT,Tech,L2,Tech L2,Cat B,185,Permanent,Remote,1.0,2080,36550,0,0,0,0,0,36550,17.572115,17.572115,0,2,Men
W01535,IT · Milan,IT,Tech,L2,Tech L2,Cat B,185,Permanent,Remote,1.0,2080,37450,0,0,0,0,0,37450,18.004808,18.004808,0,3,Men
W01536,IT · Milan,IT,Tech,L2,Tech L2,Cat B,185,Fixed-term,Onsite,1.0,2080,37750,0,0,0,0,0,37750,18.149038,18.149038,0,3,Men
W01538,IT · Milan,IT,Sales,L2,Sales L2,Cat C,215,Permanent,Hybrid,1.0,2080,35700,0,4320,0,0,4320,40020,17.163462,19.240385,1,3,Women
W01539,ES · Barcelona,ES,Sales,L1,Sales L1,Cat A,145,Permanent,Hybrid,1.0,2080,24900,0,3970,0,0,3970,28870,11.971154,13.879808,1,2,Men
W01540,ES · Barcelona,ES,Operations,L1,Operations L1,Cat B,190,Permanent,Onsite,1.0,2080,22350,0,0,1200,0,1200,23550,10.745192,11.322115,1,1,Men
W01541,IT · Milan,IT,Operations,L4,Operations L4,Cat E,335,Permanent,Hybrid,1.0,2080,50700,4020,0,0,0,4020,54720,24.375,26.307692,1,4,Men
W01542,DE · Munich,DE,Customer Service,L2,Customer Service L2,Cat C,210,Permanent,Hybrid,1.0,2080,46100,0,0,0,0,0,46100,22.163462,22.163462,0,2,Men
W01543,ES · Barcelona,ES,Customer Service,L2,Customer Service L2,Cat C,210,Fixed-term,Hybrid,1.0,2080,26600,0,0,0,0,0,26600,12.788462,12.788462,0,1,Men
W01544,IT · Milan,IT,Operations,L2,Operations L2,Cat C,225,Fixed-term,Onsite,1.0,2080,27500,0,0,1320,0,1320,28820,13.221154,13.855769,1,1,Men
W01545,DE · Munich,DE,Customer Service,L2,Customer Service L2,Cat C,210,Permanent,Hybrid,0.8,1664,32920,0,0,0,0,0,32920,19.783654,19.783654,0,1,Men
W01547,PL · Kraków,PL,Operations,L1,Operations L1,Cat B,190,Permanent,Hybrid,1.0,2080,20550,0,0,0,0,0,20550,9.879808,9.879808,0,1,Men
W01548,DE · Munich,DE,Finance,L4,Finance L4,Cat E,325,Permanent,Remote,1.0,2080,84100,6960,0,0,0,6960,91060,40.432692,43.778846,1,4,Men
W01549,DE · Munich,DE,Customer Service,L1,Customer Service L1,Cat B,175,Permanent,Onsite,1.0,2080,33300,0,0,1800,0,1800,35100,16.009615,16.875,1,1,Women
W01550,PL · Kraków,PL,Customer Service,L1,Customer Service L1,Cat B,175,Permanent,Hybrid,1.0,2080,19200,0,0,0,0,0,19200,9.230769,9.230769,0,1,Women
W01551,IT · Milan,IT,Tech,L3,Tech L3,Cat D,255,Permanent,Hybrid,1.0,2080,56650,3640,0,0,0,3640,60290,27.235577,28.985577,1,4,Women
W01552,PL · Kraków,PL,Finance,L4,Finance L4,Cat E,325,Permanent,Hybrid,1.0,2080,56150,4320,0,0,0,4320,60470,26.995192,29.072115,1,4,Men
W01553,DE · Munich,DE,Operations,L5,Operations L5,Cat F,340,Permanent,Hybrid,1.0,2080,102050,15350,0,0,7200,22550,124600,49.0625,59.903846,1,4,Men
W01554,ES · Barcelona,ES,Tech,L4,Tech L4,Cat E,325,Fixed-term,Hybrid,1.0,2080,65700,5370,0,0,0,5370,71070,31.586538,34.168269,1,4,Men
W01555,DE · Munich,DE,Tech,L2,Tech L2,Cat B,185,Permanent,Hybrid,0.8,1664,43200,0,0,0,0,0,43200,25.961538,25.961538,0,3,Women
W01556,IT · Milan,IT,Customer Service,L4,Customer Service L4,Cat E,320,Permanent,Hybrid,1.0,2080,42100,3200,0,0,0,3200,45300,20.240385,21.778846,1,3,Men
W01557,DE · Munich,DE,Customer Service,L4,Customer Service L4,Cat E,320,Fixed-term,Onsite,1.0,2080,66100,5140,0,0,0,5140,71240,31.778846,34.25,1,3,Women
W01558,DE · Munich,DE,Customer Service,L1,Customer Service L1,Cat B,175,Permanent,Hybrid,0.8,1664,29440,0,0,0,0,0,29440,17.692308,17.692308,0,1,Men
W01559,PL · Kraków,PL,Customer Service,L2,Customer Service L2,Cat C,210,Permanent,Remote,1.0,2080,23400,0,0,0,0,0,23400,11.25,11.25,0,1,Women
W01560,IT · Milan,IT,Operations,L2,Operations L2,Cat C,225,Permanent,Hybrid,1.0,2080,31200,0,0,0,0,0,31200,15.0,15.0,0,2,Men
W01561,PL · Kraków,PL,HR,L1,HR L1,Cat A,115,Permanent,Remote,1.0,2080,21250,0,0,0,0,0,21250,10.216346,10.216346,0,1,Women
W01562,PL · Kraków,PL,Sales,L1,Sales L1,Cat A,145,Permanent,Hybrid,1.0,2080,18100,0,1350,0,0,1350,19450,8.701923,9.350962,1,1,Women
W01563,PL · Kraków,PL,Sales,L2,Sales L2,Cat C,215,Fixed-term,Onsite,1.0,2080,24450,0,3670,0,0,3670,28120,11.754808,13.519231,1,2,Women
W01564,IT · Milan,IT,Operations,L1,Operations L1,Cat B,190,Permanent,Hybrid,1.0,2080,26350,0,0,0,0,0,26350,12.668269,12.668269,0,1,Women
W01566,DE · Munich,DE,Customer Service,L2,Customer Service L2,Cat C,210,Fixed-term,Hybrid,1.0,2080,43200,0,0,0,0,0,43200,20.769231,20.769231,0,2,Women
W01567,IT · Milan,IT,Customer Service,L2,Customer Service L2,Cat C,210,Permanent,Hybrid,1.0,2080,30200,0,0,0,0,0,30200,14.519231,14.519231,0,2,Women
W01568,PL · Kraków,PL,Operations,L2,Operations L2,Cat C,225,Permanent,Hybrid,1.0,2080,23550,0,0,0,0,0,23550,11.322115,11.322115,0,1,Men
W01570,IT · Milan,IT,Customer Service,L3,Customer Service L3,Cat D,280,Permanent,Hybrid,1.0,2080,33800,1630,0,0,0,1630,35430,16.25,17.033654,1,2,Men
W01571,DE · Munich,DE,Customer Service,L1,Customer Service L1,Cat B,175,Permanent,Remote,1.0,2080,37450,0,0,0,0,0,37450,18.004808,18.004808,0,1,Women
W01572,IT · Milan,IT,Customer Service,L1,Customer Service L1,Cat B,175,Permanent,Remote,1.0,2080,23750,0,0,0,0,0,23750,11.418269,11.418269,0,1,Men
W01573,DE · Munich,DE,Operations,L2,Operations L2,Cat C,225,Permanent,Hybrid,1.0,2080,36750,0,0,0,0,0,36750,17.668269,17.668269,0,1,Women
W01575,PL · Kraków,PL,Tech,L5,Tech L5,Cat F,340,Fixed-term,Hybrid,1.0,2080,89000,11280,0,0,4200,15480,104480,42.788462,50.230769,1,4,Men
W01576,IT · Milan,IT,Customer Service,L3,Customer Service L3,Cat D,280,Permanent,Remote,1.0,2080,40500,3010,0,0,0,3010,43510,19.471154,20.918269,1,3,Women
W01577,DE · Munich,DE,Customer Service,L1,Customer Service L1,Cat B,175,Permanent,Remote,1.0,2080,33600,0,0,0,0,0,33600,16.153846,16.153846,0,1,Women
W01578,IT · Milan,IT,Customer Service,L1,Customer Service L1,Cat B,175,Permanent,Hybrid,1.0,2080,24000,0,0,0,0,0,24000,11.538462,11.538462,0,1,Men
W01579,IT · Milan,IT,Customer Service,L6,Customer Service L6,Cat G,410,Permanent,Remote,1.0,2080,88450,0,0,0,6000,6000,94450,42.524038,45.408654,1,4,Women
W01580,ES · Barcelona,ES,Sales,L2,Sales L2,Cat C,215,Permanent,Remote,1.0,2080,32700,0,4670,0,0,4670,37370,15.721154,17.966346,1,3,Men
W01581,IT · Milan,IT,Customer Service,L1,Customer Service L1,Cat B,175,Fixed-term,Onsite,1.0,2080,18600,0,0,1320,0,1320,19920,8.942308,9.576923,1,1,Women
W01583,PL · Kraków,PL,Operations,L3,Operations L3,Cat D,295,Fixed-term,Remote,1.0,2080,30200,1580,0,0,0,1580,31780,14.519231,15.278846,1,3,Men
W01584,PL · Kraków,PL,HR,L2,HR L2,Cat B,185,Permanent,Onsite,1.0,2080,29200,0,0,0,0,0,29200,14.038462,14.038462,0,2,Women
W01585,IT · Milan,IT,Finance,L3,Finance L3,Cat D,255,Permanent,Remote,1.0,2080,46000,0,0,0,0,0,46000,22.115385,22.115385,0,3,Women
W01586,DE · Munich,DE,Operations,L4,Operations L4,Cat E,335,Permanent,Remote,0.8,1664,64880,0,0,0,0,0,64880,38.990385,38.990385,0,4,Women
W01587,IT · Milan,IT,Customer Service,L5,Customer Service L5,Cat F,340,Permanent,Hybrid,1.0,2080,72700,13010,0,0,6000,19010,91710,34.951923,44.091346,1,4,Men
W01588,ES · Barcelona,ES,Finance,L1,Finance L1,Cat A,115,Permanent,Onsite,1.0,2080,25550,0,0,0,0,0,25550,12.283654,12.283654,0,1,Men
W01589,ES · Barcelona,ES,Operations,L1,Operations L1,Cat B,190,Fixed-term,Hybrid,1.0,2080,21900,0,0,0,0,0,21900,10.528846,10.528846,0,1,Men
W01590,IT · Milan,IT,Customer Service,L6,Customer Service L6,Cat G,410,Permanent,Hybrid,1.0,2080,99600,19890,0,0,6000,25890,125490,47.884615,60.331731,1,4,Men
W01592,DE · Munich,DE,Sales,L3,Sales L3,Cat D,285,Permanent,Remote,1.0,2080,59300,3750,6840,0,0,10590,69890,28.509615,33.600962,1,3,Men
W01593,PL · Kraków,PL,Operations,L4,Operations L4,Cat E,335,Permanent,Remote,1.0,2080,46900,3660,0,0,0,3660,50560,22.548077,24.307692,1,4,Men
W01595,DE · Munich,DE,Operations,L4,Operations L4,Cat E,335,Permanent,Onsite,1.0,2080,80350,6640,0,0,0,6640,86990,38.629808,41.822115,1,4,Men
W01596,ES · Barcelona,ES,HR,L2,HR L2,Cat B,185,Fixed-term,Onsite,1.0,2080,26850,0,0,0,0,0,26850,12.908654,12.908654,0,1,Women
W01597,ES · Barcelona,ES,Tech,L3,Tech L3,Cat D,255,Permanent,Onsite,1.0,2080,48050,1240,0,0,0,1240,49290,23.100962,23.697115,1,4,Women
W01598,ES · Barcelona,ES,Operations,L1,Operations L1,Cat B,190,Permanent,Onsite,1.0,2080,22050,0,0,1200,0,1200,23250,10.600962,11.177885,1,1,Women
W01599,ES · Barcelona,ES,Customer Service,L5,Customer Service L5,Cat F,340,Permanent,Remote,1.0,2080,64750,0,0,0,5400,5400,70150,31.129808,33.725962,1,4,Men
W01600,IT · Milan,IT,Tech,L1,Tech L1,Cat A,150,Permanent,Onsite,0.8,1664,27720,0,0,0,0,0,27720,16.658654,16.658654,0,2,Women
W01602,DE · Munich,DE,Sales,L3,Sales L3,Cat D,285,Permanent,Hybrid,1.0,2080,73250,4740,7290,0,0,12030,85280,35.216346,41.0,1,4,Women
W01603,DE · Munich,DE,Tech,L4,Tech L4,Cat E,325,Permanent,Onsite,1.0,2080,100300,4110,0,0,0,4110,104410,48.221154,50.197115,1,4,Men
W01604,DE · Munich,DE,Sales,L3,Sales L3,Cat D,285,Permanent,Hybrid,0.8,1664,50000,2440,6150,0,0,8590,58590,30.048077,35.210337,1,3,Men
W01605,PL · Kraków,PL,Customer Service,L3,Customer Service L3,Cat D,280,Permanent,Hybrid,1.0,2080,31350,1560,0,0,0,1560,32910,15.072115,15.822115,1,3,Men
W01606,DE · Munich,DE,HR,L2,HR L2,Cat B,185,Permanent,Hybrid,0.8,1664,42600,0,0,0,0,0,42600,25.600962,25.600962,0,2,Women
W01607,PL · Kraków,PL,Tech,L6,Tech L6,Cat G,410,Permanent,Remote,1.0,2080,103250,20050,0,0,4200,24250,127500,49.639423,61.298077,1,4,Men
W01608,DE · Munich,DE,Customer Service,L5,Customer Service L5,Cat F,340,Permanent,Onsite,1.0,2080,110500,12540,0,0,7200,19740,130240,53.125,62.615385,1,4,Men
W01609,ES · Barcelona,ES,Customer Service,L4,Customer Service L4,Cat E,320,Permanent,Hybrid,1.0,2080,43100,3120,0,0,0,3120,46220,20.721154,22.221154,1,3,Women
W01610,IT · Milan,IT,HR,L2,HR L2,Cat B,185,Permanent,Hybrid,1.0,2080,33150,0,0,0,0,0,33150,15.9375,15.9375,0,2,Men
W01611,IT · Milan,IT,Operations,L3,Operations L3,Cat D,295,Fixed-term,Onsite,1.0,2080,35100,790,0,1320,0,2110,37210,16.875,17.889423,1,2,Men
W01612,DE · Munich,DE,HR,L3,HR L3,Cat D,255,Permanent,Onsite,1.0,2080,55350,2680,0,0,0,2680,58030,26.610577,27.899038,1,3,Men
W01613,PL · Kraków,PL,Sales,L1,Sales L1,Cat A,145,Permanent,Hybrid,1.0,2080,22450,0,2430,0,0,2430,24880,10.793269,11.961538,1,2,Women
W01614,PL · Kraków,PL,Tech,L4,Tech L4,Cat E,325,Permanent,Hybrid,1.0,2080,52650,4350,0,0,0,4350,57000,25.3125,27.403846,1,4,Men
W01615,PL · Kraków,PL,Sales,L5,Sales L5,Cat F,340,Permanent,Onsite,0.8,1664,49320,5910,8200,0,4200,18310,67630,29.639423,40.643029,1,4,Men
W01616,IT · Milan,IT,Customer Service,L3,Customer Service L3,Cat D,280,Permanent,Remote,1.0,2080,40950,2140,0,0,0,2140,43090,19.6875,20.716346,1,3,Men
W01617,PL · Kraków,PL,Finance,L3,Finance L3,Cat D,255,Permanent,Onsite,1.0,2080,40650,2320,0,0,0,2320,42970,19.543269,20.658654,1,4,Women
W01618,PL · Kraków,PL,HR,L2,HR L2,Cat B,185,Permanent,Hybrid,1.0,2080,23750,0,0,0,0,0,23750,11.418269,11.418269,0,2,Men
W01619,DE · Munich,DE,Sales,L1,Sales L1,Cat A,145,Permanent,Remote,1.0,2080,39100,0,4370,0,0,4370,43470,18.798077,20.899038,1,2,Women
W01620,ES · Barcelona,ES,Tech,L1,Tech L1,Cat A,150,Permanent,Onsite,1.0,2080,33150,0,0,0,0,0,33150,15.9375,15.9375,0,2,Men
W01622,IT · Milan,IT,Tech,L1,Tech L1,Cat A,150,Permanent,Onsite,1.0,2080,31200,0,0,0,0,0,31200,15.0,15.0,0,2,Women
W01623,IT · Milan,IT,Customer Service,L1,Customer Service L1,Cat B,175,Permanent,Hybrid,1.0,2080,19450,0,0,0,0,0,19450,9.350962,9.350962,0,1,Women
W01624,PL · Kraków,PL,Operations,L3,Operations L3,Cat D,295,Fixed-term,Remote,1.0,2080,33800,1690,0,0,0,1690,35490,16.25,17.0625,1,3,Men
W01625,PL · Kraków,PL,Operations,L3,Operations L3,Cat D,295,Permanent,Hybrid,1.0,2080,33850,1760,0,0,0,1760,35610,16.274038,17.120192,1,3,Men
W01626,ES · Barcelona,ES,Customer Service,L3,Customer Service L3,Cat D,280,Permanent,Hybrid,1.0,2080,42000,1860,0,0,0,1860,43860,20.192308,21.086538,1,3,Women
W01627,IT · Milan,IT,HR,L4,HR L4,Cat E,325,Permanent,Hybrid,1.0,2080,55750,4540,0,0,0,4540,60290,26.802885,28.985577,1,4,Men
W01628,IT · Milan,IT,Operations,L1,Operations L1,Cat B,190,Permanent,Hybrid,1.0,2080,23600,0,0,0,0,0,23600,11.346154,11.346154,0,1,Women
W01629,DE · Munich,DE,Tech,L3,Tech L3,Cat D,255,Permanent,Hybrid,1.0,2080,76300,4790,0,0,0,4790,81090,36.682692,38.985577,1,4,Men
W01631,DE · Munich,DE,Operations,L3,Operations L3,Cat D,295,Permanent,Hybrid,1.0,2080,58800,2930,0,0,0,2930,61730,28.269231,29.677885,1,3,Men
W01632,PL · Kraków,PL,Finance,L2,Finance L2,Cat B,185,Fixed-term,Onsite,1.0,2080,27650,0,0,0,0,0,27650,13.293269,13.293269,0,2,Men
W01633,PL · Kraków,PL,Tech,L2,Tech L2,Cat B,185,Permanent,Hybrid,1.0,2080,32100,0,0,0,0,0,32100,15.432692,15.432692,0,3,Women
W01634,PL · Kraków,PL,Customer Service,L2,Customer Service L2,Cat C,210,Permanent,Hybrid,1.0,2080,21500,0,0,0,0,0,21500,10.336538,10.336538,0,1,Men
W01635,PL · Kraków,PL,Operations,L3,Operations L3,Cat D,295,Permanent,Hybrid,1.0,2080,31550,1590,0,0,0,1590,33140,15.168269,15.932692,1,3,Women
W01636,IT · Milan,IT,Customer Service,L3,Customer Service L3,Cat D,280,Permanent,Hybrid,1.0,2080,43750,2230,0,0,0,2230,45980,21.033654,22.105769,1,3,Women
W01637,ES · Barcelona,ES,Customer Service,L1,Customer Service L1,Cat B,175,Permanent,Hybrid,1.0,2080,23100,0,0,0,0,0,23100,11.105769,11.105769,0,1,Women
W01638,PL · Kraków,PL,Sales,L3,Sales L3,Cat D,285,Fixed-term,Remote,1.0,2080,35450,0,6650,0,0,6650,42100,17.043269,20.240385,1,4,Women
W01639,PL · Kraków,PL,Operations,L3,Operations L3,Cat D,295,Permanent,Onsite,1.0,2080,32400,0,0,840,0,840,33240,15.576923,15.980769,1,3,Women
W01640,PL · Kraków,PL,Tech,L3,Tech L3,Cat D,255,Permanent,Hybrid,1.0,2080,44600,2520,0,0,0,2520,47120,21.442308,22.653846,1,4,Women
W01641,PL · Kraków,PL,Tech,L3,Tech L3,Cat D,255,Permanent,Hybrid,1.0,2080,46500,2800,0,0,0,2800,49300,22.355769,23.701923,1,4,Men
W01643,PL · Kraków,PL,Operations,L3,Operations L3,Cat D,295,Permanent,Hybrid,1.0,2080,32350,1760,0,0,0,1760,34110,15.552885,16.399038,1,3,Men
W01644,DE · Munich,DE,Operations,L1,Operations L1,Cat B,190,Permanent,Hybrid,1.0,2080,35600,0,0,0,0,0,35600,17.115385,17.115385,0,1,Men
W01645,IT · Milan,IT,Customer Service,L3,Customer Service L3,Cat D,280,Permanent,Remote,1.0,2080,37150,2010,0,0,0,2010,39160,17.860577,18.826923,1,3,Women
W01648,PL · Kraków,PL,Tech,L3,Tech L3,Cat D,255,Permanent,Onsite,1.0,2080,46650,3890,0,0,0,3890,50540,22.427885,24.298077,1,4,Men
W01649,PL · Kraków,PL,Operations,L2,Operations L2,Cat C,225,Permanent,Hybrid,1.0,2080,26250,0,0,0,0,0,26250,12.620192,12.620192,0,2,Men
W01650,IT · Milan,IT,Operations,L4,Operations L4,Cat E,335,Permanent,Onsite,1.0,2080,44250,5300,0,0,0,5300,49550,21.274038,23.822115,1,3,Men
W01651,PL · Kraków,PL,Sales,L2,Sales L2,Cat C,215,Permanent,Remote,1.0,2080,31600,0,4230,0,0,4230,35830,15.192308,17.225962,1,3,Men
W01652,DE · Munich,DE,Operations,L5,Operations L5,Cat F,340,Fixed-term,Hybrid,0.8,1664,93400,10740,0,0,7200,17940,111340,56.129808,66.911058,1,4,Women
W01653,PL · Kraków,PL,Customer Service,L2,Customer Service L2,Cat C,210,Permanent,Remote,1.0,2080,22850,0,0,0,0,0,22850,10.985577,10.985577,0,1,Women
W01654,IT · Milan,IT,Customer Service,L4,Customer Service L4,Cat E,320,Permanent,Remote,1.0,2080,42900,3160,0,0,0,3160,46060,20.625,22.144231,1,3,Women
W01655,IT · Milan,IT,Sales,L2,Sales L2,Cat C,215,Permanent,Onsite,1.0,2080,37000,0,7050,0,0,7050,44050,17.788462,21.177885,1,3,Men
W01656,IT · Milan,IT,Customer Service,L3,Customer Service L3,Cat D,280,Fixed-term,Onsite,1.0,2080,35300,1900,0,1320,0,3220,38520,16.971154,18.519231,1,3,Men
W01657,IT · Milan,IT,Finance,L2,Finance L2,Cat B,185,Permanent,Onsite,1.0,2080,29350,0,0,0,0,0,29350,14.110577,14.110577,0,2,Women
W01658,ES · Barcelona,ES,Operations,L6,Operations L6,Cat G,410,Permanent,Onsite,0.8,1664,88120,8350,0,0,5400,13750,101870,52.956731,61.219952,1,4,Women
W01659,IT · Milan,IT,Customer Service,L6,Customer Service L6,Cat G,410,Permanent,Onsite,1.0,2080,96150,19010,0,0,6000,25010,121160,46.225962,58.25,1,4,Men
W01660,PL · Kraków,PL,Operations,L1,Operations L1,Cat B,190,Permanent,Hybrid,1.0,2080,17600,0,0,0,0,0,17600,8.461538,8.461538,0,1,Men
W01662,PL · Kraków,PL,Tech,L4,Tech L4,Cat E,325,Permanent,Onsite,1.0,2080,58850,5400,0,0,0,5400,64250,28.293269,30.889423,1,4,Men
W01663,ES · Barcelona,ES,Operations,L2,Operations L2,Cat C,225,Permanent,Remote,1.0,2080,30150,0,0,0,0,0,30150,14.495192,14.495192,0,2,Men
W01664,IT · Milan,IT,Tech,L2,Tech L2,Cat B,185,Fixed-term,Hybrid,1.0,2080,40650,0,0,0,0,0,40650,19.543269,19.543269,0,3,Men
W01665,PL · Kraków,PL,Customer Service,L2,Customer Service L2,Cat C,210,Fixed-term,Onsite,1.0,2080,22900,0,0,840,0,840,23740,11.009615,11.413462,1,2,Men
W01666,DE · Munich,DE,Customer Service,L1,Customer Service L1,Cat B,175,Permanent,Hybrid,1.0,2080,36150,0,0,0,0,0,36150,17.379808,17.379808,0,1,Women
W01667,IT · Milan,IT,Tech,L2,Tech L2,Cat B,185,Permanent,Remote,1.0,2080,43800,0,0,0,0,0,43800,21.057692,21.057692,0,3,Men
W01668,ES · Barcelona,ES,Customer Service,L2,Customer Service L2,Cat C,210,Fixed-term,Hybrid,1.0,2080,25150,0,0,0,0,0,25150,12.091346,12.091346,0,1,Men
W01670,IT · Milan,IT,Finance,L2,Finance L2,Cat B,185,Permanent,Remote,0.8,1664,26480,0,0,0,0,0,26480,15.913462,15.913462,0,2,Men
W01671,DE · Munich,DE,Operations,L4,Operations L4,Cat E,335,Permanent,Hybrid,1.0,2080,72800,7750,0,0,0,7750,80550,35.0,38.725962,1,4,Women
W01672,IT · Milan,IT,Customer Service,L1,Customer Service L1,Cat B,175,Permanent,Onsite,1.0,2080,22550,0,0,1320,0,1320,23870,10.841346,11.475962,1,1,Men
W01674,IT · Milan,IT,Sales,L3,Sales L3,Cat D,285,Permanent,Onsite,1.0,2080,45150,2910,7360,0,0,10270,55420,21.706731,26.644231,1,4,Men
W01675,PL · Kraków,PL,HR,L1,HR L1,Cat A,115,Permanent,Onsite,1.0,2080,21000,0,0,0,0,0,21000,10.096154,10.096154,0,1,Women
W01676,IT · Milan,IT,Tech,L3,Tech L3,Cat D,255,Permanent,Hybrid,1.0,2080,57350,2500,0,0,0,2500,59850,27.572115,28.774038,1,4,Men
W01677,IT · Milan,IT,Operations,L5,Operations L5,Cat F,340,Fixed-term,Hybrid,1.0,2080,66050,8640,0,0,6000,14640,80690,31.754808,38.793269,1,4,Men
W01678,ES · Barcelona,ES,Customer Service,L3,Customer Service L3,Cat D,280,Fixed-term,Hybrid,1.0,2080,29300,1450,0,0,0,1450,30750,14.086538,14.783654,1,2,Men
W01679,PL · Kraków,PL,Sales,L1,Sales L1,Cat A,145,Permanent,Remote,1.0,2080,21400,0,2700,0,0,2700,24100,10.288462,11.586538,1,2,Men
W01681,IT · Milan,IT,Finance,L4,Finance L4,Cat E,325,Permanent,Hybrid,1.0,2080,60000,4790,0,0,0,4790,64790,28.846154,31.149038,1,4,Men
W01682,ES · Barcelona,ES,Customer Service,L3,Customer Service L3,Cat D,280,Permanent,Hybrid,1.0,2080,34850,1780,0,0,0,1780,36630,16.754808,17.610577,1,3,Men
W01683,DE · Munich,DE,Customer Service,L2,Customer Service L2,Cat C,210,Permanent,Hybrid,1.0,2080,38950,0,0,0,0,0,38950,18.725962,18.725962,0,1,Men
W01684,IT · Milan,IT,Tech,L1,Tech L1,Cat A,150,Permanent,Hybrid,1.0,2080,32250,0,0,0,0,0,32250,15.504808,15.504808,0,2,Men
W01686,IT · Milan,IT,Operations,L1,Operations L1,Cat B,190,Permanent,Hybrid,1.0,2080,26300,0,0,0,0,0,26300,12.644231,12.644231,0,1,Women
W01687,PL · Kraków,PL,Sales,L3,Sales L3,Cat D,285,Permanent,Hybrid,1.0,2080,38150,940,4220,0,0,5160,43310,18.341346,20.822115,1,4,Men
W01688,DE · Munich,DE,Operations,L3,Operations L3,Cat D,295,Permanent,Hybrid,1.0,2080,58300,3860,0,0,0,3860,62160,28.028846,29.884615,1,3,Women
W01689,DE · Munich,DE,Customer Service,L4,Customer Service L4,Cat E,320,Permanent,Hybrid,1.0,2080,78950,3130,0,0,0,3130,82080,37.956731,39.461538,1,4,Men
W01691,ES · Barcelona,ES,HR,L2,HR L2,Cat B,185,Permanent,Hybrid,1.0,2080,32900,0,0,0,0,0,32900,15.817308,15.817308,0,2,Men
W01692,IT · Milan,IT,Finance,L3,Finance L3,Cat D,255,Permanent,Hybrid,1.0,2080,49300,3350,0,0,0,3350,52650,23.701923,25.3125,1,4,Women
W01693,PL · Kraków,PL,Sales,L2,Sales L2,Cat C,215,Permanent,Hybrid,1.0,2080,28750,0,3980,0,0,3980,32730,13.822115,15.735577,1,3,Women
W01694,PL · Kraków,PL,Customer Service,L1,Customer Service L1,Cat B,175,Permanent,Hybrid,1.0,2080,17500,0,0,0,0,0,17500,8.413462,8.413462,0,1,Women
W01695,DE · Munich,DE,Sales,L2,Sales L2,Cat C,215,Permanent,Hybrid,1.0,2080,44650,0,7080,0,0,7080,51730,21.466346,24.870192,1,2,Men
W01696,DE · Munich,DE,Customer Service,L3,Customer Service L3,Cat D,280,Fixed-term,Onsite,1.0,2080,72400,4380,0,1800,0,6180,78580,34.807692,37.778846,1,4,Women
W01697,DE · Munich,DE,Sales,L2,Sales L2,Cat C,215,Fixed-term,Onsite,1.0,2080,49150,0,5770,0,0,5770,54920,23.629808,26.403846,1,3,Women
W01698,IT · Milan,IT,Customer Service,L5,Customer Service L5,Cat F,340,Permanent,Remote,0.8,1664,54560,6860,0,0,6000,12860,67420,32.788462,40.516827,1,4,Men
W01700,PL · Kraków,PL,Customer Service,L3,Customer Service L3,Cat D,280,Permanent,Onsite,1.0,2080,29400,1710,0,840,0,2550,31950,14.134615,15.360577,1,3,Women
W01701,DE · Munich,DE,Operations,L2,Operations L2,Cat C,225,Permanent,Hybrid,1.0,2080,43500,0,0,0,0,0,43500,20.913462,20.913462,0,2,Men
W01702,PL · Kraków,PL,Customer Service,L5,Customer Service L5,Cat F,340,Permanent,Hybrid,1.0,2080,57800,8790,0,0,4200,12990,70790,27.788462,34.033654,1,4,Men
W01703,ES · Barcelona,ES,Operations,L2,Operations L2,Cat C,225,Permanent,Onsite,1.0,2080,29950,0,0,1200,0,1200,31150,14.399038,14.975962,1,2,Women
W01704,DE · Munich,DE,Operations,L3,Operations L3,Cat D,295,Permanent,Hybrid,1.0,2080,63100,3780,0,0,0,3780,66880,30.336538,32.153846,1,3,Men
W01705,IT · Milan,IT,Operations,L3,Operations L3,Cat D,295,Permanent,Hybrid,1.0,2080,34800,1710,0,0,0,1710,36510,16.730769,17.552885,1,2,Men
W01706,PL · Kraków,PL,Operations,L2,Operations L2,Cat C,225,Permanent,Hybrid,1.0,2080,25100,0,0,0,0,0,25100,12.067308,12.067308,0,2,Women
W01708,ES · Barcelona,ES,Sales,L6,Sales L6,Cat G,410,Permanent,Hybrid,1.0,2080,113650,23540,11120,0,5400,40060,153710,54.639423,73.899038,1,4,Men
W01709,PL · Kraków,PL,Operations,L3,Operations L3,Cat D,295,Permanent,Remote,1.0,2080,27400,1340,0,0,0,1340,28740,13.173077,13.817308,1,2,Men
W01710,PL · Kraków,PL,Operations,L2,Operations L2,Cat C,225,Permanent,Hybrid,1.0,2080,22300,0,0,0,0,0,22300,10.721154,10.721154,0,1,Men
W01711,PL · Kraków,PL,Sales,L3,Sales L3,Cat D,285,Fixed-term,Onsite,1.0,2080,39050,1970,3690,0,0,5660,44710,18.774038,21.495192,1,4,Men
W01712,PL · Kraków,PL,Operations,L4,Operations L4,Cat E,335,Permanent,Hybrid,1.0,2080,43350,3360,0,0,0,3360,46710,20.841346,22.456731,1,4,Women
W01713,ES · Barcelona,ES,Tech,L2,Tech L2,Cat B,185,Permanent,Hybrid,1.0,2080,45600,0,0,0,0,0,45600,21.923077,21.923077,0,3,Women
W01714,PL · Kraków,PL,Customer Service,L2,Customer Service L2,Cat C,210,Permanent,Onsite,1.0,2080,22800,0,0,840,0,840,23640,10.961538,11.365385,1,2,Women
W01715,PL · Kraków,PL,Customer Service,L2,Customer Service L2,Cat C,210,Permanent,Hybrid,1.0,2080,25650,0,0,0,0,0,25650,12.331731,12.331731,0,2,Men
W01716,ES · Barcelona,ES,Sales,L3,Sales L3,Cat D,285,Permanent,Hybrid,1.0,2080,46400,2210,7720,0,0,9930,56330,22.307692,27.081731,1,4,Men
W01717,IT · Milan,IT,Customer Service,L3,Customer Service L3,Cat D,280,Permanent,Onsite,1.0,2080,33100,780,0,1320,0,2100,35200,15.913462,16.923077,1,2,Men
W01719,PL · Kraków,PL,Customer Service,L1,Customer Service L1,Cat B,175,Fixed-term,Hybrid,1.0,2080,14450,0,0,0,0,0,14450,6.947115,6.947115,0,1,Women
W01720,DE · Munich,DE,Customer Service,L3,Customer Service L3,Cat D,280,Permanent,Onsite,1.0,2080,52700,1250,0,1800,0,3050,55750,25.336538,26.802885,1,3,Women
W01721,PL · Kraków,PL,Operations,L5,Operations L5,Cat F,340,Permanent,Onsite,1.0,2080,68800,8190,0,0,4200,12390,81190,33.076923,39.033654,1,4,Women
W01722,ES · Barcelona,ES,Customer Service,L6,Customer Service L6,Cat G,410,Permanent,Remote,1.0,2080,93150,17120,0,0,5400,22520,115670,44.783654,55.610577,1,4,Men
W01724,PL · Kraków,PL,Tech,L2,Tech L2,Cat B,185,Permanent,Onsite,1.0,2080,30250,0,0,0,0,0,30250,14.543269,14.543269,0,3,Women
W01725,IT · Milan,IT,Sales,L2,Sales L2,Cat C,215,Fixed-term,Onsite,1.0,2080,35850,0,6530,0,0,6530,42380,17.235577,20.375,1,3,Men
W01726,IT · Milan,IT,Sales,L1,Sales L1,Cat A,145,Permanent,Hybrid,1.0,2080,28000,0,2570,0,0,2570,30570,13.461538,14.697115,1,2,Women
W01727,IT · Milan,IT,Operations,L4,Operations L4,Cat E,335,Permanent,Remote,1.0,2080,49450,3750,0,0,0,3750,53200,23.774038,25.576923,1,4,Men
W01728,IT · Milan,IT,Tech,L3,Tech L3,Cat D,255,Permanent,Remote,1.0,2080,46900,3170,0,0,0,3170,50070,22.548077,24.072115,1,3,Men
W01729,IT · Milan,IT,Operations,L4,Operations L4,Cat E,335,Permanent,Remote,1.0,2080,53100,4230,0,0,0,4230,57330,25.528846,27.5625,1,4,Men
W01730,IT · Milan,IT,Finance,L1,Finance L1,Cat A,115,Permanent,Remote,1.0,2080,25700,0,0,0,0,0,25700,12.355769,12.355769,0,1,Women
W01732,PL · Kraków,PL,HR,L3,HR L3,Cat D,255,Permanent,Hybrid,1.0,2080,26350,650,0,0,0,650,27000,12.668269,12.980769,1,2,Women
W01733,IT · Milan,IT,Customer Service,L3,Customer Service L3,Cat D,280,Permanent,Onsite,1.0,2080,34800,1900,0,1320,0,3220,38020,16.730769,18.278846,1,3,Women
W01734,PL · Kraków,PL,Tech,L2,Tech L2,Cat B,185,Fixed-term,Onsite,1.0,2080,25600,0,0,0,0,0,25600,12.307692,12.307692,0,2,Men
W01736,ES · Barcelona,ES,Tech,L3,Tech L3,Cat D,255,Permanent,Hybrid,1.0,2080,44400,1100,0,0,0,1100,45500,21.346154,21.875,1,3,Women
W01737,PL · Kraków,PL,Tech,L3,Tech L3,Cat D,255,Permanent,Onsite,0.8,1664,31840,1490,0,0,0,1490,33330,19.134615,20.030048,1,4,Men
W01738,IT · Milan,IT,Operations,L2,Operations L2,Cat C,225,Permanent,Remote,1.0,2080,27000,0,0,0,0,0,27000,12.980769,12.980769,0,1,Women
W01739,IT · Milan,IT,Sales,L4,Sales L4,Cat E,320,Permanent,Onsite,1.0,2080,58750,6210,3430,0,0,9640,68390,28.245192,32.879808,1,4,Women
W01740,PL · Kraków,PL,Operations,L2,Operations L2,Cat C,225,Permanent,Remote,1.0,2080,23650,0,0,0,0,0,23650,11.370192,11.370192,0,2,Men
W01741,PL · Kraków,PL,Finance,L3,Finance L3,Cat D,255,Permanent,Remote,1.0,2080,34550,1930,0,0,0,1930,36480,16.610577,17.538462,1,3,Men
W01742,PL · Kraków,PL,Operations,L3,Operations L3,Cat D,295,Permanent,Onsite,1.0,2080,37550,2270,0,840,0,3110,40660,18.052885,19.548077,1,3,Women
W01743,PL · Kraków,PL,Sales,L2,Sales L2,Cat C,215,Permanent,Remote,1.0,2080,25650,0,3490,0,0,3490,29140,12.331731,14.009615,1,2,Women
W01744,DE · Munich,DE,Sales,L4,Sales L4,Cat E,320,Permanent,Hybrid,1.0,2080,76350,5580,14070,0,0,19650,96000,36.706731,46.153846,1,4,Women
W01746,IT · Milan,IT,Sales,L2,Sales L2,Cat C,215,Permanent,Onsite,1.0,2080,35100,0,3000,0,0,3000,38100,16.875,18.317308,1,3,Women
W01748,ES · Barcelona,ES,Operations,L3,Operations L3,Cat D,295,Permanent,Hybrid,1.0,2080,43250,2660,0,0,0,2660,45910,20.793269,22.072115,1,3,Women
W01749,DE · Munich,DE,HR,L4,HR L4,Cat E,325,Permanent,Hybrid,1.0,2080,77000,6250,0,0,0,6250,83250,37.019231,40.024038,1,4,Men
W01751,ES · Barcelona,ES,HR,L3,HR L3,Cat D,255,Permanent,Hybrid,1.0,2080,44450,1970,0,0,0,1970,46420,21.370192,22.317308,1,3,Men
W01752,DE · Munich,DE,Operations,L2,Operations L2,Cat C,225,Permanent,Hybrid,1.0,2080,46950,0,0,0,0,0,46950,22.572115,22.572115,0,2,Men
W01753,PL · Kraków,PL,Customer Service,L2,Customer Service L2,Cat C,210,Permanent,Onsite,1.0,2080,21950,0,0,840,0,840,22790,10.552885,10.956731,1,1,Men
W01755,IT · Milan,IT,Customer Service,L3,Customer Service L3,Cat D,280,Permanent,Onsite,1.0,2080,37900,1700,0,1320,0,3020,40920,18.221154,19.673077,1,3,Women
W01756,DE · Munich,DE,Sales,L3,Sales L3,Cat D,285,Fixed-term,Remote,1.0,2080,66550,2860,7970,0,0,10830,77380,31.995192,37.201923,1,4,Men
W01757,PL · Kraków,PL,HR,L1,HR L1,Cat A,115,Permanent,Hybrid,1.0,2080,22050,0,0,0,0,0,22050,10.600962,10.600962,0,1,Women
W01758,DE · Munich,DE,HR,L3,HR L3,Cat D,255,Permanent,Hybrid,1.0,2080,63950,0,0,0,0,0,63950,30.745192,30.745192,0,3,Men
W01759,DE · Munich,DE,Operations,L1,Operations L1,Cat B,190,Fixed-term,Hybrid,1.0,2080,35700,0,0,0,0,0,35700,17.163462,17.163462,0,1,Men
W01761,IT · Milan,IT,Sales,L4,Sales L4,Cat E,320,Permanent,Onsite,1.0,2080,58850,6690,6680,0,0,13370,72220,28.293269,34.721154,1,4,Men
W01762,ES · Barcelona,ES,Customer Service,L5,Customer Service L5,Cat F,340,Permanent,Hybrid,0.8,1664,53160,6280,0,0,5400,11680,64840,31.947115,38.966346,1,4,Men
W01764,IT · Milan,IT,Tech,L1,Tech L1,Cat A,150,Permanent,Hybrid,1.0,2080,32000,0,0,0,0,0,32000,15.384615,15.384615,0,2,Women
W01765,DE · Munich,DE,Operations,L2,Operations L2,Cat C,225,Permanent,Hybrid,0.8,1664,30480,0,0,0,0,0,30480,18.317308,18.317308,0,1,Men
W01766,DE · Munich,DE,Finance,L1,Finance L1,Cat A,115,Fixed-term,Hybrid,1.0,2080,41350,0,0,0,0,0,41350,19.879808,19.879808,0,1,Men
W01767,IT · Milan,IT,Tech,L1,Tech L1,Cat A,150,Permanent,Onsite,1.0,2080,36200,0,0,0,0,0,36200,17.403846,17.403846,0,2,Women
W01768,IT · Milan,IT,HR,L2,HR L2,Cat B,185,Permanent,Hybrid,1.0,2080,35600,0,0,0,0,0,35600,17.115385,17.115385,0,2,Women
W01769,PL · Kraków,PL,Operations,L1,Operations L1,Cat B,190,Fixed-term,Onsite,1.0,2080,19150,0,0,840,0,840,19990,9.206731,9.610577,1,1,Women
W01770,IT · Milan,IT,Sales,L2,Sales L2,Cat C,215,Permanent,Hybrid,1.0,2080,28100,0,3180,0,0,3180,31280,13.509615,15.038462,1,2,Women
W01771,PL · Kraków,PL,Tech,L2,Tech L2,Cat B,185,Permanent,Remote,1.0,2080,33150,0,0,0,0,0,33150,15.9375,15.9375,0,3,Men
W01772,DE · Munich,DE,HR,L5,HR L5,Cat F,340,Permanent,Hybrid,1.0,2080,113700,16440,0,0,7200,23640,137340,54.663462,66.028846,1,4,Men
W01773,DE · Munich,DE,Operations,L3,Operations L3,Cat D,295,Permanent,Onsite,0.8,1664,47200,2140,0,1440,0,3580,50780,28.365385,30.516827,1,3,Women
W01774,PL · Kraków,PL,Customer Service,L3,Customer Service L3,Cat D,280,Permanent,Hybrid,1.0,2080,35250,1790,0,0,0,1790,37040,16.947115,17.807692,1,3,Women
W01775,PL · Kraków,PL,Tech,L5,Tech L5,Cat F,340,Fixed-term,Onsite,1.0,2080,84950,9960,0,0,4200,14160,99110,40.841346,47.649038,1,4,Men
W01776,DE · Munich,DE,Customer Service,L5,Customer Service L5,Cat F,340,Permanent,Hybrid,1.0,2080,83350,14000,0,0,7200,21200,104550,40.072115,50.264423,1,4,Men
W01777,DE · Munich,DE,Finance,L2,Finance L2,Cat B,185,Permanent,Hybrid,1.0,2080,56300,0,0,0,0,0,56300,27.067308,27.067308,0,3,Women
W01778,IT · Milan,IT,Customer Service,L4,Customer Service L4,Cat E,320,Permanent,Hybrid,0.8,1664,42640,4660,0,0,0,4660,47300,25.625,28.425481,1,4,Women
W01779,PL · Kraków,PL,Operations,L2,Operations L2,Cat C,225,Fixed-term,Hybrid,1.0,2080,25400,0,0,0,0,0,25400,12.211538,12.211538,0,2,Men
W01780,IT · Milan,IT,Customer Service,L2,Customer Service L2,Cat C,210,Fixed-term,Remote,1.0,2080,31350,0,0,0,0,0,31350,15.072115,15.072115,0,2,Men
W01781,DE · Munich,DE,Finance,L2,Finance L2,Cat B,185,Permanent,Hybrid,1.0,2080,46200,0,0,0,0,0,46200,22.211538,22.211538,0,2,Women
W01782,IT · Milan,IT,Customer Service,L2,Customer Service L2,Cat C,210,Permanent,Remote,1.0,2080,31900,0,0,0,0,0,31900,15.336538,15.336538,0,2,Women
W01783,IT · Milan,IT,Tech,L3,Tech L3,Cat D,255,Permanent,Hybrid,1.0,2080,54450,2800,0,0,0,2800,57250,26.177885,27.524038,1,4,Men
W01785,IT · Milan,IT,Customer Service,L2,Customer Service L2,Cat C,210,Fixed-term,Hybrid,1.0,2080,29900,0,0,0,0,0,29900,14.375,14.375,0,2,Men
W01786,ES · Barcelona,ES,Tech,L3,Tech L3,Cat D,255,Permanent,Remote,1.0,2080,57000,3670,0,0,0,3670,60670,27.403846,29.168269,1,4,Men
W01787,IT · Milan,IT,Operations,L1,Operations L1,Cat B,190,Fixed-term,Onsite,1.0,2080,23150,0,0,1320,0,1320,24470,11.129808,11.764423,1,1,Men
W01788,ES · Barcelona,ES,HR,L1,HR L1,Cat A,115,Permanent,Hybrid,1.0,2080,22000,0,0,0,0,0,22000,10.576923,10.576923,0,1,Women
W01789,IT · Milan,IT,HR,L2,HR L2,Cat B,185,Fixed-term,Hybrid,0.8,1664,25240,0,0,0,0,0,25240,15.168269,15.168269,0,2,Women
W01790,IT · Milan,IT,HR,L4,HR L4,Cat E,325,Permanent,Hybrid,1.0,2080,61150,5790,0,0,0,5790,66940,29.399038,32.182692,1,4,Women
W01791,PL · Kraków,PL,Tech,L1,Tech L1,Cat A,150,Permanent,Hybrid,1.0,2080,24700,0,0,0,0,0,24700,11.875,11.875,0,2,Men
W01792,ES · Barcelona,ES,Operations,L2,Operations L2,Cat C,225,Permanent,Remote,1.0,2080,28050,0,0,0,0,0,28050,13.485577,13.485577,0,2,Women
W01793,PL · Kraków,PL,Sales,L2,Sales L2,Cat C,215,Permanent,Remote,1.0,2080,27700,0,3700,0,0,3700,31400,13.317308,15.096154,1,3,Women
W01794,IT · Milan,IT,Customer Service,L2,Customer Service L2,Cat C,210,Permanent,Hybrid,1.0,2080,32550,0,0,0,0,0,32550,15.649038,15.649038,0,2,Women
W01795,IT · Milan,IT,Operations,L2,Operations L2,Cat C,225,Permanent,Onsite,1.0,2080,30450,0,0,1320,0,1320,31770,14.639423,15.274038,1,2,Women
W01796,DE · Munich,DE,Operations,L2,Operations L2,Cat C,225,Permanent,Hybrid,1.0,2080,53750,0,0,0,0,0,53750,25.841346,25.841346,0,2,Women
W01797,PL · Kraków,PL,Customer Service,L3,Customer Service L3,Cat D,280,Permanent,Hybrid,1.0,2080,29900,1410,0,0,0,1410,31310,14.375,15.052885,1,3,Men
W01798,IT · Milan,IT,Sales,L1,Sales L1,Cat A,145,Permanent,Onsite,0.8,1664,23680,0,2870,0,0,2870,26550,14.230769,15.955529,1,2,Women
W01799,IT · Milan,IT,Operations,L2,Operations L2,Cat C,225,Permanent,Hybrid,1.0,2080,32850,0,0,0,0,0,32850,15.793269,15.793269,0,2,Men
W01800,PL · Kraków,PL,HR,L3,HR L3,Cat D,255,Permanent,Hybrid,1.0,2080,30850,700,0,0,0,700,31550,14.831731,15.168269,1,3,Women
W01801,PL · Kraków,PL,Operations,L2,Operations L2,Cat C,225,Permanent,Remote,1.0,2080,26450,0,0,0,0,0,26450,12.716346,12.716346,0,2,Women
W01802,ES · Barcelona,ES,Operations,L2,Operations L2,Cat C,225,Permanent,Hybrid,0.8,1664,21480,0,0,0,0,0,21480,12.908654,12.908654,0,1,Women
W01803,PL · Kraków,PL,Customer Service,L3,Customer Service L3,Cat D,280,Fixed-term,Onsite,0.8,1664,23720,1210,0,672,0,1882,25602,14.254808,15.385817,1,3,Women
W01804,PL · Kraków,PL,Customer Service,L2,Customer Service L2,Cat C,210,Permanent,Hybrid,1.0,2080,24400,0,0,0,0,0,24400,11.730769,11.730769,0,2,Men
W01806,DE · Munich,DE,Operations,L1,Operations L1,Cat B,190,Permanent,Onsite,1.0,2080,36100,0,0,1800,0,1800,37900,17.355769,18.221154,1,1,Men
W01807,PL · Kraków,PL,Sales,L1,Sales L1,Cat A,145,Fixed-term,Onsite,1.0,2080,23000,0,4270,0,0,4270,27270,11.057692,13.110577,1,2,Men
W01808,DE · Munich,DE,Tech,L2,Tech L2,Cat B,185,Permanent,Onsite,1.0,2080,58900,0,0,0,0,0,58900,28.317308,28.317308,0,3,Men
W01809,PL · Kraków,PL,Operations,L1,Operations L1,Cat B,190,Permanent,Hybrid,1.0,2080,24700,0,0,0,0,0,24700,11.875,11.875,0,2,Women
W01810,PL · Kraków,PL,Customer Service,L2,Customer Service L2,Cat C,210,Permanent,Remote,0.8,1664,19560,0,0,0,0,0,19560,11.754808,11.754808,0,2,Women
W01811,PL · Kraków,PL,Customer Service,L3,Customer Service L3,Cat D,280,Permanent,Hybrid,1.0,2080,34600,1570,0,0,0,1570,36170,16.634615,17.389423,1,3,Men
W01812,PL · Kraków,PL,Finance,L4,Finance L4,Cat E,325,Fixed-term,Hybrid,1.0,2080,44650,3500,0,0,0,3500,48150,21.466346,23.149038,1,4,Women
W01813,PL · Kraków,PL,HR,L1,HR L1,Cat A,115,Permanent,Onsite,1.0,2080,19000,0,0,0,0,0,19000,9.134615,9.134615,0,1,Women
W01814,ES · Barcelona,ES,Operations,L6,Operations L6,Cat G,410,Permanent,Hybrid,1.0,2080,101250,29620,0,0,5400,35020,136270,48.677885,65.514423,1,4,Women
W01815,DE · Munich,DE,Customer Service,L2,Customer Service L2,Cat C,210,Fixed-term,Remote,1.0,2080,32700,0,0,0,0,0,32700,15.721154,15.721154,0,1,Women
W01816,DE · Munich,DE,Operations,L3,Operations L3,Cat D,295,Fixed-term,Remote,1.0,2080,52050,2790,0,0,0,2790,54840,25.024038,26.365385,1,3,Women
W01817,IT · Milan,IT,Customer Service,L3,Customer Service L3,Cat D,280,Fixed-term,Onsite,0.8,1664,30840,2370,0,1056,0,3426,34266,18.533654,20.592548,1,3,Women
W01820,ES · Barcelona,ES,HR,L2,HR L2,Cat B,185,Permanent,Remote,1.0,2080,31300,0,0,0,0,0,31300,15.048077,15.048077,0,2,Women
W01821,IT · Milan,IT,Sales,L3,Sales L3,Cat D,285,Fixed-term,Hybrid,1.0,2080,34350,870,5770,0,0,6640,40990,16.514423,19.706731,1,3,Men
W01822,IT · Milan,IT,Operations,L1,Operations L1,Cat B,190,Permanent,Hybrid,1.0,2080,28200,0,0,0,0,0,28200,13.557692,13.557692,0,1,Women
W01823,IT · Milan,IT,Sales,L2,Sales L2,Cat C,215,Fixed-term,Remote,1.0,2080,34000,0,4730,0,0,4730,38730,16.346154,18.620192,1,3,Women
W01824,PL · Kraków,PL,Operations,L4,Operations L4,Cat E,335,Fixed-term,Hybrid,1.0,2080,42150,3100,0,0,0,3100,45250,20.264423,21.754808,1,4,Women
W01825,IT · Milan,IT,Customer Service,L3,Customer Service L3,Cat D,280,Permanent,Hybrid,1.0,2080,30250,1950,0,0,0,1950,32200,14.543269,15.480769,1,2,Men
W01826,PL · Kraków,PL,Operations,L1,Operations L1,Cat B,190,Permanent,Hybrid,1.0,2080,23500,0,0,0,0,0,23500,11.298077,11.298077,0,1,Men
W01829,DE · Munich,DE,Operations,L3,Operations L3,Cat D,295,Fixed-term,Onsite,1.0,2080,59450,3650,0,1800,0,5450,64900,28.581731,31.201923,1,3,Men
W01830,ES · Barcelona,ES,Customer Service,L1,Customer Service L1,Cat B,175,Permanent,Onsite,1.0,2080,22800,0,0,1200,0,1200,24000,10.961538,11.538462,1,1,Men
W01831,DE · Munich,DE,Tech,L2,Tech L2,Cat B,185,Permanent,Hybrid,1.0,2080,61200,0,0,0,0,0,61200,29.423077,29.423077,0,3,Women
W01832,ES · Barcelona,ES,Customer Service,L2,Customer Service L2,Cat C,210,Permanent,Hybrid,1.0,2080,29450,0,0,0,0,0,29450,14.158654,14.158654,0,2,Men
W01833,IT · Milan,IT,Operations,L4,Operations L4,Cat E,335,Permanent,Hybrid,0.8,1664,38240,2990,0,0,0,2990,41230,22.980769,24.777644,1,4,Men
W01834,PL · Kraków,PL,Customer Service,L2,Customer Service L2,Cat C,210,Permanent,Hybrid,1.0,2080,24600,0,0,0,0,0,24600,11.826923,11.826923,0,2,Women
W01835,PL · Kraków,PL,HR,L5,HR L5,Cat F,340,Permanent,Hybrid,1.0,2080,67800,8100,0,0,4200,12300,80100,32.596154,38.509615,1,4,Men
W01836,IT · Milan,IT,Operations,L1,Operations L1,Cat B,190,Permanent,Hybrid,1.0,2080,24050,0,0,0,0,0,24050,11.5625,11.5625,0,1,Men
W01837,IT · Milan,IT,Operations,L2,Operations L2,Cat C,225,Permanent,Onsite,1.0,2080,36200,0,0,1320,0,1320,37520,17.403846,18.038462,1,3,Women
W01838,PL · Kraków,PL,Customer Service,L1,Customer Service L1,Cat B,175,Permanent,Hybrid,1.0,2080,20350,0,0,0,0,0,20350,9.783654,9.783654,0,1,Women
W01839,PL · Kraków,PL,HR,L4,HR L4,Cat E,325,Fixed-term,Hybrid,1.0,2080,38250,3280,0,0,0,3280,41530,18.389423,19.966346,1,4,Men
W01840,IT · Milan,IT,Finance,L3,Finance L3,Cat D,255,Permanent,Hybrid,1.0,2080,44850,3760,0,0,0,3760,48610,21.5625,23.370192,1,3,Women
W01842,PL · Kraków,PL,Customer Service,L3,Customer Service L3,Cat D,280,Permanent,Hybrid,1.0,2080,33250,1800,0,0,0,1800,35050,15.985577,16.850962,1,3,Women
W01843,PL · Kraków,PL,Customer Service,L5,Customer Service L5,Cat F,340,Fixed-term,Onsite,1.0,2080,51050,3160,0,0,4200,7360,58410,24.543269,28.081731,1,4,Women
W01844,PL · Kraków,PL,HR,L1,HR L1,Cat A,115,Permanent,Hybrid,1.0,2080,20700,0,0,0,0,0,20700,9.951923,9.951923,0,1,Women
W01845,ES · Barcelona,ES,Tech,L2,Tech L2,Cat B,185,Fixed-term,Remote,1.0,2080,45700,0,0,0,0,0,45700,21.971154,21.971154,0,3,Women
W01846,DE · Munich,DE,Tech,L1,Tech L1,Cat A,150,Fixed-term,Remote,0.8,1664,38200,0,0,0,0,0,38200,22.956731,22.956731,0,2,Men
W01847,DE · Munich,DE,Operations,L4,Operations L4,Cat E,335,Permanent,Hybrid,1.0,2080,71250,6150,0,0,0,6150,77400,34.254808,37.211538,1,4,Women
W01848,ES · Barcelona,ES,Customer Service,L3,Customer Service L3,Cat D,280,Permanent,Onsite,1.0,2080,37350,910,0,1200,0,2110,39460,17.956731,18.971154,1,3,Women
W01849,DE · Munich,DE,Customer Service,L2,Customer Service L2,Cat C,210,Permanent,Hybrid,1.0,2080,37000,0,0,0,0,0,37000,17.788462,17.788462,0,1,Men
W01850,IT · Milan,IT,Sales,L3,Sales L3,Cat D,285,Permanent,Onsite,1.0,2080,42300,1990,6470,0,0,8460,50760,20.336538,24.403846,1,3,Women
W01851,PL · Kraków,PL,Sales,L4,Sales L4,Cat E,320,Permanent,Onsite,1.0,2080,54750,3990,9440,0,0,13430,68180,26.322115,32.778846,1,4,Men
W01852,PL · Kraków,PL,Operations,L2,Operations L2,Cat C,225,Permanent,Hybrid,1.0,2080,23800,0,0,0,0,0,23800,11.442308,11.442308,0,2,Men
W01853,DE · Munich,DE,HR,L5,HR L5,Cat F,340,Fixed-term,Hybrid,0.8,1664,85200,9860,0,0,7200,17060,102260,51.201923,61.454327,1,4,Men
W01854,PL · Kraków,PL,Customer Service,L1,Customer Service L1,Cat B,175,Fixed-term,Onsite,1.0,2080,18050,0,0,840,0,840,18890,8.677885,9.081731,1,1,Women
W01855,PL · Kraków,PL,Finance,L3,Finance L3,Cat D,255,Fixed-term,Hybrid,0.8,1664,24600,1400,0,0,0,1400,26000,14.783654,15.625,1,3,Men
W01856,DE · Munich,DE,Tech,L3,Tech L3,Cat D,255,Fixed-term,Onsite,1.0,2080,78700,5410,0,0,0,5410,84110,37.836538,40.4375,1,4,Men
W01858,PL · Kraków,PL,Finance,L2,Finance L2,Cat B,185,Permanent,Onsite,1.0,2080,30050,0,0,0,0,0,30050,14.447115,14.447115,0,2,Women
W01859,ES · Barcelona,ES,Sales,L1,Sales L1,Cat A,145,Permanent,Hybrid,1.0,2080,25200,0,3390,0,0,3390,28590,12.115385,13.745192,1,2,Women
W01860,PL · Kraków,PL,Operations,L1,Operations L1,Cat B,190,Permanent,Onsite,1.0,2080,24250,0,0,840,0,840,25090,11.658654,12.0625,1,2,Men
W01861,DE · Munich,DE,Tech,L3,Tech L3,Cat D,255,Permanent,Remote,1.0,2080,72450,3780,0,0,0,3780,76230,34.831731,36.649038,1,4,Men
W01862,ES · Barcelona,ES,Tech,L3,Tech L3,Cat D,255,Fixed-term,Hybrid,1.0,2080,54550,2700,0,0,0,2700,57250,26.225962,27.524038,1,4,Men
W01863,IT · Milan,IT,Sales,L1,Sales L1,Cat A,145,Permanent,Remote,1.0,2080,25650,0,2010,0,0,2010,27660,12.331731,13.298077,1,1,Women
W01864,PL · Kraków,PL,Customer Service,L3,Customer Service L3,Cat D,280,Permanent,Hybrid,0.8,1664,25320,1300,0,0,0,1300,26620,15.216346,15.997596,1,3,Women
W01865,ES · Barcelona,ES,Sales,L1,Sales L1,Cat A,145,Permanent,Remote,1.0,2080,28750,0,5030,0,0,5030,33780,13.822115,16.240385,1,2,Women
W01866,DE · Munich,DE,Customer Service,L3,Customer Service L3,Cat D,280,Permanent,Hybrid,1.0,2080,44350,2240,0,0,0,2240,46590,21.322115,22.399038,1,2,Men
W01867,ES · Barcelona,ES,HR,L1,HR L1,Cat A,115,Permanent,Hybrid,1.0,2080,22800,0,0,0,0,0,22800,10.961538,10.961538,0,1,Men
W01868,IT · Milan,IT,Operations,L2,Operations L2,Cat C,225,Permanent,Hybrid,1.0,2080,27250,0,0,0,0,0,27250,13.100962,13.100962,0,1,Men
W01869,PL · Kraków,PL,Operations,L1,Operations L1,Cat B,190,Fixed-term,Hybrid,1.0,2080,17300,0,0,0,0,0,17300,8.317308,8.317308,0,1,Women
W01870,PL · Kraków,PL,Sales,L1,Sales L1,Cat A,145,Fixed-term,Hybrid,1.0,2080,20350,0,3590,0,0,3590,23940,9.783654,11.509615,1,2,Men
W01871,PL · Kraków,PL,Customer Service,L2,Customer Service L2,Cat C,210,Fixed-term,Hybrid,1.0,2080,22000,0,0,0,0,0,22000,10.576923,10.576923,0,1,Women
W01872,DE · Munich,DE,Sales,L6,Sales L6,Cat G,410,Fixed-term,Hybrid,1.0,2080,131950,32910,17840,0,7200,57950,189900,63.4375,91.298077,1,4,Men
W01873,DE · Munich,DE,HR,L2,HR L2,Cat B,185,Fixed-term,Hybrid,1.0,2080,39950,0,0,0,0,0,39950,19.206731,19.206731,0,1,Men
W01874,PL · Kraków,PL,Tech,L3,Tech L3,Cat D,255,Fixed-term,Onsite,1.0,2080,42000,1880,0,0,0,1880,43880,20.192308,21.096154,1,4,Men
W01875,DE · Munich,DE,Customer Service,L1,Customer Service L1,Cat B,175,Permanent,Onsite,1.0,2080,29900,0,0,1800,0,1800,31700,14.375,15.240385,1,1,Women
W01876,PL · Kraków,PL,Sales,L2,Sales L2,Cat C,215,Permanent,Hybrid,1.0,2080,29800,0,2680,0,0,2680,32480,14.326923,15.615385,1,3,Women
W01877,IT · Milan,IT,Operations,L2,Operations L2,Cat C,225,Permanent,Hybrid,1.0,2080,28950,0,0,0,0,0,28950,13.918269,13.918269,0,2,Women
W01879,IT · Milan,IT,HR,L1,HR L1,Cat A,115,Permanent,Onsite,1.0,2080,26900,0,0,0,0,0,26900,12.932692,12.932692,0,1,Men
W01880,PL · Kraków,PL,Tech,L2,Tech L2,Cat B,185,Permanent,Hybrid,1.0,2080,32800,0,0,0,0,0,32800,15.769231,15.769231,0,3,Women
W01881,PL · Kraków,PL,HR,L2,HR L2,Cat B,185,Permanent,Onsite,1.0,2080,27100,0,0,0,0,0,27100,13.028846,13.028846,0,2,Men
W01883,PL · Kraków,PL,Customer Service,L2,Customer Service L2,Cat C,210,Permanent,Hybrid,1.0,2080,28150,0,0,0,0,0,28150,13.533654,13.533654,0,2,Men
W01885,DE · Munich,DE,Customer Service,L3,Customer Service L3,Cat D,280,Permanent,Hybrid,1.0,2080,53750,3050,0,0,0,3050,56800,25.841346,27.307692,1,3,Women
W01886,IT · Milan,IT,Operations,L1,Operations L1,Cat B,190,Permanent,Onsite,1.0,2080,25000,0,0,1320,0,1320,26320,12.019231,12.653846,1,1,Women
W01887,DE · Munich,DE,Customer Service,L3,Customer Service L3,Cat D,280,Permanent,Hybrid,1.0,2080,57500,3670,0,0,0,3670,61170,27.644231,29.408654,1,3,Women
W01888,PL · Kraków,PL,Sales,L2,Sales L2,Cat C,215,Permanent,Onsite,1.0,2080,26150,0,3950,0,0,3950,30100,12.572115,14.471154,1,2,Men
W01889,IT · Milan,IT,Customer Service,L4,Customer Service L4,Cat E,320,Permanent,Onsite,1.0,2080,53150,4150,0,0,0,4150,57300,25.552885,27.548077,1,4,Men
W01891,IT · Milan,IT,Customer Service,L3,Customer Service L3,Cat D,280,Permanent,Hybrid,1.0,2080,36600,890,0,0,0,890,37490,17.596154,18.024038,1,3,Women
W01892,ES · Barcelona,ES,Operations,L2,Operations L2,Cat C,225,Permanent,Remote,0.8,1664,26160,0,0,0,0,0,26160,15.721154,15.721154,0,2,Women
W01893,IT · Milan,IT,Customer Service,L4,Customer Service L4,Cat E,320,Permanent,Hybrid,1.0,2080,51750,5720,0,0,0,5720,57470,24.879808,27.629808,1,4,Women
W01895,DE · Munich,DE,HR,L3,HR L3,Cat D,255,Permanent,Hybrid,1.0,2080,64300,1670,0,0,0,1670,65970,30.913462,31.716346,1,3,Women
W01896,PL · Kraków,PL,Customer Service,L5,Customer Service L5,Cat F,340,Fixed-term,Hybrid,1.0,2080,48950,5330,0,0,4200,9530,58480,23.533654,28.115385,1,4,Women
W01897,DE · Munich,DE,Operations,L1,Operations L1,Cat B,190,Permanent,Remote,1.0,2080,39950,0,0,0,0,0,39950,19.206731,19.206731,0,1,Women
W01898,DE · Munich,DE,Customer Service,L1,Customer Service L1,Cat B,175,Permanent,Hybrid,1.0,2080,33650,0,0,0,0,0,33650,16.177885,16.177885,0,1,Men
W01899,DE · Munich,DE,Customer Service,L2,Customer Service L2,Cat C,210,Permanent,Hybrid,1.0,2080,42600,0,0,0,0,0,42600,20.480769,20.480769,0,1,Men
W01900,PL · Kraków,PL,Customer Service,L5,Customer Service L5,Cat F,340,Fixed-term,Onsite,0.8,1664,47200,2870,0,0,4200,7070,54270,28.365385,32.614183,1,4,Women
W01902,PL · Kraków,PL,Customer Service,L5,Customer Service L5,Cat F,340,Fixed-term,Hybrid,1.0,2080,49000,7900,0,0,4200,12100,61100,23.557692,29.375,1,4,Women
W01903,IT · Milan,IT,Customer Service,L2,Customer Service L2,Cat C,210,Permanent,Onsite,0.8,1664,27120,0,0,1056,0,1056,28176,16.298077,16.932692,1,2,Women
W01904,IT · Milan,IT,Tech,L1,Tech L1,Cat A,150,Fixed-term,Hybrid,1.0,2080,33850,0,0,0,0,0,33850,16.274038,16.274038,0,2,Men
W01905,PL · Kraków,PL,Operations,L1,Operations L1,Cat B,190,Permanent,Hybrid,1.0,2080,16650,0,0,0,0,0,16650,8.004808,8.004808,0,1,Women
W01906,PL · Kraków,PL,Operations,L4,Operations L4,Cat E,335,Permanent,Hybrid,1.0,2080,43800,0,0,0,0,0,43800,21.057692,21.057692,0,4,Men
W01907,DE · Munich,DE,Operations,L4,Operations L4,Cat E,335,Permanent,Hybrid,1.0,2080,75150,6340,0,0,0,6340,81490,36.129808,39.177885,1,4,Women
W01909,ES · Barcelona,ES,Customer Service,L2,Customer Service L2,Cat C,210,Permanent,Onsite,1.0,2080,24350,0,0,1200,0,1200,25550,11.706731,12.283654,1,1,Women
W01910,ES · Barcelona,ES,Tech,L4,Tech L4,Cat E,325,Permanent,Onsite,1.0,2080,65300,5370,0,0,0,5370,70670,31.394231,33.975962,1,4,Men
W01911,ES · Barcelona,ES,Customer Service,L1,Customer Service L1,Cat B,175,Fixed-term,Remote,1.0,2080,23000,0,0,0,0,0,23000,11.057692,11.057692,0,1,Women
W01912,DE · Munich,DE,Tech,L6,Tech L6,Cat G,410,Fixed-term,Onsite,1.0,2080,183300,35240,0,0,7200,42440,225740,88.125,108.528846,1,4,Men
W01914,PL · Kraków,PL,Finance,L6,Finance L6,Cat G,410,Permanent,Onsite,1.0,2080,96150,9360,0,0,4200,13560,109710,46.225962,52.745192,1,4,Men
W01915,IT · Milan,IT,Tech,L4,Tech L4,Cat E,325,Permanent,Remote,1.0,2080,78450,7230,0,0,0,7230,85680,37.716346,41.192308,1,4,Men
W01916,DE · Munich,DE,Operations,L3,Operations L3,Cat D,295,Permanent,Remote,0.8,1664,43240,0,0,0,0,0,43240,25.985577,25.985577,0,3,Women
W01917,PL · Kraków,PL,HR,L1,HR L1,Cat A,115,Fixed-term,Remote,1.0,2080,17050,0,0,0,0,0,17050,8.197115,8.197115,0,1,Women
W01918,DE · Munich,DE,Finance,L4,Finance L4,Cat E,325,Permanent,Onsite,1.0,2080,79850,6590,0,0,0,6590,86440,38.389423,41.557692,1,4,Women
W01919,PL · Kraków,PL,Customer Service,L2,Customer Service L2,Cat C,210,Fixed-term,Onsite,1.0,2080,21700,0,0,840,0,840,22540,10.432692,10.836538,1,1,Women
W01920,IT · Milan,IT,Tech,L1,Tech L1,Cat A,150,Permanent,Onsite,1.0,2080,28250,0,0,0,0,0,28250,13.581731,13.581731,0,1,Men
W01921,DE · Munich,DE,Customer Service,L3,Customer Service L3,Cat D,280,Permanent,Hybrid,1.0,2080,51450,2360,0,0,0,2360,53810,24.735577,25.870192,1,3,Men
W01922,DE · Munich,DE,Tech,L4,Tech L4,Cat E,325,Permanent,Hybrid,1.0,2080,103600,9840,0,0,0,9840,113440,49.807692,54.538462,1,4,Men
W01923,PL · Kraków,PL,Operations,L3,Operations L3,Cat D,295,Permanent,Hybrid,1.0,2080,34400,1760,0,0,0,1760,36160,16.538462,17.384615,1,3,Women
W01924,PL · Kraków,PL,Customer Service,L2,Customer Service L2,Cat C,210,Permanent,Onsite,1.0,2080,23350,0,0,840,0,840,24190,11.225962,11.629808,1,2,Women
W01926,PL · Kraków,PL,Finance,L1,Finance L1,Cat A,115,Permanent,Hybrid,1.0,2080,21450,0,0,0,0,0,21450,10.3125,10.3125,0,1,Women
W01927,PL · Kraków,PL,Operations,L2,Operations L2,Cat C,225,Fixed-term,Remote,1.0,2080,24550,0,0,0,0,0,24550,11.802885,11.802885,0,2,Women
W01928,PL · Kraków,PL,Operations,L2,Operations L2,Cat C,225,Permanent,Remote,1.0,2080,24650,0,0,0,0,0,24650,11.850962,11.850962,0,2,Men
W01930,DE · Munich,DE,Tech,L2,Tech L2,Cat B,185,Permanent,Onsite,1.0,2080,58150,0,0,0,0,0,58150,27.956731,27.956731,0,3,Women
W01931,DE · Munich,DE,Operations,L1,Operations L1,Cat B,190,Permanent,Hybrid,1.0,2080,31050,0,0,0,0,0,31050,14.927885,14.927885,0,1,Men
W01932,PL · Kraków,PL,Tech,L3,Tech L3,Cat D,255,Permanent,Hybrid,1.0,2080,43000,2480,0,0,0,2480,45480,20.673077,21.865385,1,4,Men
W01933,IT · Milan,IT,Tech,L1,Tech L1,Cat A,150,Fixed-term,Hybrid,1.0,2080,28650,0,0,0,0,0,28650,13.774038,13.774038,0,1,Women
W01934,IT · Milan,IT,Tech,L4,Tech L4,Cat E,325,Permanent,Onsite,1.0,2080,74300,7640,0,0,0,7640,81940,35.721154,39.394231,1,4,Women
W01935,PL · Kraków,PL,Finance,L3,Finance L3,Cat D,255,Permanent,Hybrid,1.0,2080,34200,1770,0,0,0,1770,35970,16.442308,17.293269,1,3,Women
W01936,IT · Milan,IT,Finance,L2,Finance L2,Cat B,185,Permanent,Remote,1.0,2080,37500,0,0,0,0,0,37500,18.028846,18.028846,0,3,Men
W01938,IT · Milan,IT,Customer Service,L4,Customer Service L4,Cat E,320,Permanent,Hybrid,1.0,2080,39400,3100,0,0,0,3100,42500,18.942308,20.432692,1,3,Men
W01939,DE · Munich,DE,Customer Service,L1,Customer Service L1,Cat B,175,Permanent,Hybrid,1.0,2080,40650,0,0,0,0,0,40650,19.543269,19.543269,0,1,Men
W01940,IT · Milan,IT,Sales,L2,Sales L2,Cat C,215,Permanent,Hybrid,1.0,2080,31550,0,3990,0,0,3990,35540,15.168269,17.086538,1,2,Men
W01941,IT · Milan,IT,Finance,L3,Finance L3,Cat D,255,Permanent,Onsite,1.0,2080,37000,2560,0,0,0,2560,39560,17.788462,19.019231,1,3,Men
W01942,PL · Kraków,PL,Operations,L1,Operations L1,Cat B,190,Fixed-term,Hybrid,1.0,2080,20650,0,0,0,0,0,20650,9.927885,9.927885,0,1,Men
W01943,IT · Milan,IT,HR,L2,HR L2,Cat B,185,Permanent,Hybrid,1.0,2080,35800,0,0,0,0,0,35800,17.211538,17.211538,0,2,Men
W01944,PL · Kraków,PL,Customer Service,L3,Customer Service L3,Cat D,280,Fixed-term,Onsite,1.0,2080,27700,1840,0,840,0,2680,30380,13.317308,14.605769,1,3,Men
W01945,PL · Kraków,PL,Operations,L6,Operations L6,Cat G,410,Permanent,Hybrid,0.8,1664,64160,12120,0,0,4200,16320,80480,38.557692,48.365385,1,4,Women
W01947,PL · Kraków,PL,Operations,L3,Operations L3,Cat D,295,Permanent,Hybrid,1.0,2080,32700,1620,0,0,0,1620,34320,15.721154,16.5,1,3,Women
W01948,DE · Munich,DE,Customer Service,L3,Customer Service L3,Cat D,280,Permanent,Hybrid,1.0,2080,56950,0,0,0,0,0,56950,27.379808,27.379808,0,3,Women
W01949,PL · Kraków,PL,Operations,L1,Operations L1,Cat B,190,Permanent,Onsite,1.0,2080,18950,0,0,840,0,840,19790,9.110577,9.514423,1,1,Women
W01950,PL · Kraków,PL,Customer Service,L5,Customer Service L5,Cat F,340,Permanent,Hybrid,1.0,2080,59100,7160,0,0,4200,11360,70460,28.413462,33.875,1,4,Men
W01951,PL · Kraków,PL,Sales,L2,Sales L2,Cat C,215,Permanent,Hybrid,1.0,2080,25950,0,2980,0,0,2980,28930,12.475962,13.908654,1,2,Women
W01952,IT · Milan,IT,HR,L3,HR L3,Cat D,255,Permanent,Hybrid,1.0,2080,43050,2170,0,0,0,2170,45220,20.697115,21.740385,1,3,Men
W01953,ES · Barcelona,ES,Operations,L1,Operations L1,Cat B,190,Permanent,Hybrid,1.0,2080,24350,0,0,0,0,0,24350,11.706731,11.706731,0,1,Women
W01954,PL · Kraków,PL,Operations,L5,Operations L5,Cat F,340,Permanent,Remote,1.0,2080,48050,5740,0,0,4200,9940,57990,23.100962,27.879808,1,4,Men
W01955,IT · Milan,IT,Tech,L2,Tech L2,Cat B,185,Permanent,Hybrid,1.0,2080,43350,0,0,0,0,0,43350,20.841346,20.841346,0,3,Men
W01956,ES · Barcelona,ES,Operations,L2,Operations L2,Cat C,225,Fixed-term,Remote,1.0,2080,30900,0,0,0,0,0,30900,14.855769,14.855769,0,2,Men
W01957,IT · Milan,IT,Customer Service,L3,Customer Service L3,Cat D,280,Fixed-term,Hybrid,1.0,2080,38500,1010,0,0,0,1010,39510,18.509615,18.995192,1,3,Women
W01958,PL · Kraków,PL,Finance,L2,Finance L2,Cat B,185,Permanent,Onsite,0.8,1664,19840,0,0,0,0,0,19840,11.923077,11.923077,0,2,Women
W01960,DE · Munich,DE,Customer Service,L5,Customer Service L5,Cat F,340,Fixed-term,Onsite,1.0,2080,102650,6400,0,0,7200,13600,116250,49.350962,55.889423,1,4,Women
W01961,IT · Milan,IT,Tech,L3,Tech L3,Cat D,255,Permanent,Hybrid,1.0,2080,59500,2940,0,0,0,2940,62440,28.605769,30.019231,1,4,Men
W01963,IT · Milan,IT,Operations,L4,Operations L4,Cat E,335,Permanent,Hybrid,1.0,2080,47900,4840,0,0,0,4840,52740,23.028846,25.355769,1,4,Women
W01964,PL · Kraków,PL,Customer Service,L1,Customer Service L1,Cat B,175,Permanent,Onsite,1.0,2080,18700,0,0,840,0,840,19540,8.990385,9.394231,1,1,Women
W01965,ES · Barcelona,ES,Customer Service,L3,Customer Service L3,Cat D,280,Permanent,Hybrid,1.0,2080,34450,1700,0,0,0,1700,36150,16.5625,17.379808,1,3,Women
W01967,IT · Milan,IT,Operations,L1,Operations L1,Cat B,190,Permanent,Remote,0.8,1664,20760,0,0,0,0,0,20760,12.475962,12.475962,0,1,Women
W01968,IT · Milan,IT,Customer Service,L4,Customer Service L4,Cat E,320,Permanent,Hybrid,1.0,2080,52550,4180,0,0,0,4180,56730,25.264423,27.274038,1,4,Men
W01970,DE · Munich,DE,Tech,L2,Tech L2,Cat B,185,Fixed-term,Hybrid,1.0,2080,59050,0,0,0,0,0,59050,28.389423,28.389423,0,3,Women
W01971,PL · Kraków,PL,Operations,L4,Operations L4,Cat E,335,Fixed-term,Hybrid,1.0,2080,41500,3810,0,0,0,3810,45310,19.951923,21.783654,1,4,Men
W01972,IT · Milan,IT,Finance,L3,Finance L3,Cat D,255,Permanent,Remote,1.0,2080,44650,2860,0,0,0,2860,47510,21.466346,22.841346,1,3,Men
W01973,IT · Milan,IT,Tech,L2,Tech L2,Cat B,185,Permanent,Onsite,1.0,2080,36150,0,0,0,0,0,36150,17.379808,17.379808,0,2,Women
W01974,IT · Milan,IT,Finance,L3,Finance L3,Cat D,255,Permanent,Hybrid,1.0,2080,44800,2150,0,0,0,2150,46950,21.538462,22.572115,1,3,Men
W01975,PL · Kraków,PL,Tech,L1,Tech L1,Cat A,150,Fixed-term,Hybrid,1.0,2080,25950,0,0,0,0,0,25950,12.475962,12.475962,0,2,Women
W01976,ES · Barcelona,ES,Tech,L1,Tech L1,Cat A,150,Permanent,Hybrid,1.0,2080,36050,0,0,0,0,0,36050,17.331731,17.331731,0,3,Women
W01977,IT · Milan,IT,Customer Service,L4,Customer Service L4,Cat E,320,Permanent,Onsite,1.0,2080,49150,4980,0,0,0,4980,54130,23.629808,26.024038,1,4,Men
W01978,IT · Milan,IT,Customer Service,L2,Customer Service L2,Cat C,210,Fixed-term,Onsite,1.0,2080,32600,0,0,1320,0,1320,33920,15.673077,16.307692,1,2,Men
W01979,PL · Kraków,PL,Customer Service,L1,Customer Service L1,Cat B,175,Permanent,Onsite,1.0,2080,17750,0,0,840,0,840,18590,8.533654,8.9375,1,1,Men
W01980,ES · Barcelona,ES,Tech,L4,Tech L4,Cat E,325,Permanent,Hybrid,1.0,2080,67650,6950,0,0,0,6950,74600,32.524038,35.865385,1,4,Men
W01981,IT · Milan,IT,Tech,L1,Tech L1,Cat A,150,Permanent,Hybrid,1.0,2080,23200,0,0,0,0,0,23200,11.153846,11.153846,0,1,Women
W01982,PL · Kraków,PL,Tech,L5,Tech L5,Cat F,340,Permanent,Hybrid,1.0,2080,70300,8680,0,0,4200,12880,83180,33.798077,39.990385,1,4,Men
W01983,IT · Milan,IT,Operations,L2,Operations L2,Cat C,225,Permanent,Hybrid,1.0,2080,29350,0,0,0,0,0,29350,14.110577,14.110577,0,2,Women
W01985,ES · Barcelona,ES,Operations,L1,Operations L1,Cat B,190,Permanent,Hybrid,1.0,2080,27150,0,0,0,0,0,27150,13.052885,13.052885,0,1,Women
W01986,PL · Kraków,PL,HR,L2,HR L2,Cat B,185,Fixed-term,Hybrid,1.0,2080,24750,0,0,0,0,0,24750,11.899038,11.899038,0,2,Women
W01989,DE · Munich,DE,Operations,L2,Operations L2,Cat C,225,Permanent,Remote,1.0,2080,52300,0,0,0,0,0,52300,25.144231,25.144231,0,2,Men
W01990,IT · Milan,IT,Tech,L1,Tech L1,Cat A,150,Permanent,Hybrid,1.0,2080,33800,0,0,0,0,0,33800,16.25,16.25,0,2,Women
W01991,ES · Barcelona,ES,Operations,L4,Operations L4,Cat E,335,Fixed-term,Hybrid,1.0,2080,47050,1860,0,0,0,1860,48910,22.620192,23.514423,1,4,Women
W01992,DE · Munich,DE,HR,L2,HR L2,Cat B,185,Fixed-term,Hybrid,1.0,2080,45400,0,0,0,0,0,45400,21.826923,21.826923,0,2,Men
W01993,PL · Kraków,PL,Customer Service,L5,Customer Service L5,Cat F,340,Permanent,Hybrid,1.0,2080,52800,2930,0,0,4200,7130,59930,25.384615,28.8125,1,4,Men
W01994,ES · Barcelona,ES,Tech,L3,Tech L3,Cat D,255,Permanent,Onsite,1.0,2080,48000,1270,0,0,0,1270,49270,23.076923,23.6875,1,4,Men
W01995,IT · Milan,IT,Customer Service,L3,Customer Service L3,Cat D,280,Permanent,Hybrid,1.0,2080,39700,980,0,0,0,980,40680,19.086538,19.557692,1,3,Men
W01996,PL · Kraków,PL,Sales,L2,Sales L2,Cat C,215,Permanent,Hybrid,0.8,1664,23440,0,2950,0,0,2950,26390,14.086538,15.859375,1,3,Men
W01997,PL · Kraków,PL,Operations,L1,Operations L1,Cat B,190,Fixed-term,Hybrid,1.0,2080,17700,0,0,0,0,0,17700,8.509615,8.509615,0,1,Women
W01998,DE · Munich,DE,Customer Service,L1,Customer Service L1,Cat B,175,Permanent,Hybrid,1.0,2080,36900,0,0,0,0,0,36900,17.740385,17.740385,0,1,Men
W01999,PL · Kraków,PL,Finance,L1,Finance L1,Cat A,115,Fixed-term,Hybrid,1.0,2080,24350,0,0,0,0,0,24350,11.706731,11.706731,0,2,Women
W02000,PL · Kraków,PL,Sales,L2,Sales L2,Cat C,215,Permanent,Onsite,0.8,1664,19880,0,2440,0,0,2440,22320,11.947115,13.413462,1,2,Women
W02001,PL · Kraków,PL,Customer Service,L2,Customer Service L2,Cat C,210,Permanent,Remote,1.0,2080,25250,0,0,0,0,0,25250,12.139423,12.139423,0,2,Women
W02002,PL · Kraków,PL,Sales,L1,Sales L1,Cat A,145,Permanent,Hybrid,1.0,2080,22000,0,3440,0,0,3440,25440,10.576923,12.230769,1,2,Women
W02003,IT · Milan,IT,HR,L5,HR L5,Cat F,340,Fixed-term,Hybrid,1.0,2080,81500,9640,0,0,6000,15640,97140,39.182692,46.701923,1,4,Men
W02004,ES · Barcelona,ES,Operations,L3,Operations L3,Cat D,295,Permanent,Hybrid,1.0,2080,41800,2110,0,0,0,2110,43910,20.096154,21.110577,1,3,Women
W02005,PL · Kraków,PL,Finance,L3,Finance L3,Cat D,255,Fixed-term,Onsite,1.0,2080,31800,1910,0,0,0,1910,33710,15.288462,16.206731,1,3,Men
W02006,IT · Milan,IT,Operations,L1,Operations L1,Cat B,190,Permanent,Hybrid,0.8,1664,14440,0,0,0,0,0,14440,8.677885,8.677885,0,1,Men
W02007,PL · Kraków,PL,Sales,L3,Sales L3,Cat D,285,Permanent,Hybrid,1.0,2080,30100,1430,5360,0,0,6790,36890,14.471154,17.735577,1,3,Women
W02008,PL · Kraków,PL,Customer Service,L4,Customer Service L4,Cat E,320,Permanent,Onsite,1.0,2080,33900,1370,0,0,0,1370,35270,16.298077,16.956731,1,3,Women
W02009,PL · Kraków,PL,Sales,L3,Sales L3,Cat D,285,Permanent,Onsite,1.0,2080,37000,900,4850,0,0,5750,42750,17.788462,20.552885,1,4,Women
W02010,PL · Kraków,PL,HR,L5,HR L5,Cat F,340,Permanent,Onsite,1.0,2080,64300,7500,0,0,4200,11700,76000,30.913462,36.538462,1,4,Men
W02011,ES · Barcelona,ES,Finance,L6,Finance L6,Cat G,410,Fixed-term,Hybrid,1.0,2080,105300,25840,0,0,5400,31240,136540,50.625,65.644231,1,4,Men
W02012,IT · Milan,IT,Customer Service,L4,Customer Service L4,Cat E,320,Permanent,Onsite,1.0,2080,49600,4810,0,0,0,4810,54410,23.846154,26.158654,1,4,Men
W02013,PL · Kraków,PL,Operations,L2,Operations L2,Cat C,225,Permanent,Hybrid,1.0,2080,24250,0,0,0,0,0,24250,11.658654,11.658654,0,2,Women
W02014,ES · Barcelona,ES,HR,L1,HR L1,Cat A,115,Permanent,Hybrid,1.0,2080,25250,0,0,0,0,0,25250,12.139423,12.139423,0,1,Women
W02015,IT · Milan,IT,Finance,L4,Finance L4,Cat E,325,Permanent,Hybrid,1.0,2080,57450,4620,0,0,0,4620,62070,27.620192,29.841346,1,4,Women
W02016,DE · Munich,DE,Operations,L2,Operations L2,Cat C,225,Permanent,Hybrid,1.0,2080,45300,0,0,0,0,0,45300,21.778846,21.778846,0,2,Women
W02017,IT · Milan,IT,Sales,L1,Sales L1,Cat A,145,Permanent,Hybrid,0.8,1664,24560,0,3940,0,0,3940,28500,14.759615,17.127404,1,2,Women
W02018,IT · Milan,IT,HR,L1,HR L1,Cat A,115,Fixed-term,Onsite,1.0,2080,26550,0,0,0,0,0,26550,12.764423,12.764423,0,1,Men
W02019,DE · Munich,DE,Customer Service,L3,Customer Service L3,Cat D,280,Permanent,Onsite,1.0,2080,57350,2950,0,1800,0,4750,62100,27.572115,29.855769,1,3,Women
W02021,IT · Milan,IT,Customer Service,L3,Customer Service L3,Cat D,280,Permanent,Onsite,1.0,2080,35450,1860,0,1320,0,3180,38630,17.043269,18.572115,1,3,Men
W02024,DE · Munich,DE,Tech,L3,Tech L3,Cat D,255,Permanent,Onsite,1.0,2080,75100,4880,0,0,0,4880,79980,36.105769,38.451923,1,4,Men
W02025,PL · Kraków,PL,Sales,L2,Sales L2,Cat C,215,Permanent,Onsite,1.0,2080,29100,0,4010,0,0,4010,33110,13.990385,15.918269,1,3,Women
W02026,DE · Munich,DE,Sales,L2,Sales L2,Cat C,215,Permanent,Onsite,1.0,2080,54050,0,7490,0,0,7490,61540,25.985577,29.586538,1,3,Women
W02027,PL · Kraków,PL,Customer Service,L3,Customer Service L3,Cat D,280,Permanent,Hybrid,1.0,2080,30500,2080,0,0,0,2080,32580,14.663462,15.663462,1,3,Men
W02028,ES · Barcelona,ES,Customer Service,L3,Customer Service L3,Cat D,280,Permanent,Hybrid,1.0,2080,39350,2060,0,0,0,2060,41410,18.918269,19.908654,1,3,Men
W02029,PL · Kraków,PL,Operations,L1,Operations L1,Cat B,190,Permanent,Hybrid,1.0,2080,15050,0,0,0,0,0,15050,7.235577,7.235577,0,1,Men
W02031,DE · Munich,DE,Operations,L6,Operations L6,Cat G,410,Permanent,Hybrid,0.8,1664,122200,0,0,0,7200,7200,129400,73.4375,77.764423,1,4,Women
W02032,IT · Milan,IT,Customer Service,L1,Customer Service L1,Cat B,175,Permanent,Remote,1.0,2080,24750,0,0,0,0,0,24750,11.899038,11.899038,0,1,Women
W02033,ES · Barcelona,ES,Sales,L3,Sales L3,Cat D,285,Permanent,Onsite,1.0,2080,36600,990,6430,0,0,7420,44020,17.596154,21.163462,1,3,Men
W02035,PL · Kraków,PL,Finance,L1,Finance L1,Cat A,115,Permanent,Onsite,1.0,2080,22250,0,0,0,0,0,22250,10.697115,10.697115,0,1,Women
W02036,PL · Kraków,PL,Operations,L4,Operations L4,Cat E,335,Fixed-term,Hybrid,1.0,2080,40800,4540,0,0,0,4540,45340,19.615385,21.798077,1,4,Women
W02037,DE · Munich,DE,Operations,L1,Operations L1,Cat B,190,Fixed-term,Onsite,0.8,1664,28560,0,0,1440,0,1440,30000,17.163462,18.028846,1,1,Women
W02038,PL · Kraków,PL,Operations,L2,Operations L2,Cat C,225,Permanent,Remote,1.0,2080,25100,0,0,0,0,0,25100,12.067308,12.067308,0,2,Men
W02039,PL · Kraków,PL,Operations,L1,Operations L1,Cat B,190,Fixed-term,Hybrid,1.0,2080,18400,0,0,0,0,0,18400,8.846154,8.846154,0,1,Women
W02040,IT · Milan,IT,Operations,L3,Operations L3,Cat D,295,Permanent,Remote,1.0,2080,41400,2830,0,0,0,2830,44230,19.903846,21.264423,1,3,Women
W02041,PL · Kraków,PL,Finance,L1,Finance L1,Cat A,115,Permanent,Hybrid,1.0,2080,21750,0,0,0,0,0,21750,10.456731,10.456731,0,1,Men
W02042,DE · Munich,DE,Operations,L6,Operations L6,Cat G,410,Permanent,Remote,1.0,2080,150550,15590,0,0,7200,22790,173340,72.379808,83.336538,1,4,Men
W02043,IT · Milan,IT,Finance,L1,Finance L1,Cat A,115,Fixed-term,Hybrid,1.0,2080,28000,0,0,0,0,0,28000,13.461538,13.461538,0,1,Women
W02044,PL · Kraków,PL,Sales,L1,Sales L1,Cat A,145,Permanent,Hybrid,1.0,2080,25150,0,4310,0,0,4310,29460,12.091346,14.163462,1,2,Women
W02045,ES · Barcelona,ES,Operations,L2,Operations L2,Cat C,225,Fixed-term,Hybrid,1.0,2080,28650,0,0,0,0,0,28650,13.774038,13.774038,0,2,Women
W02046,IT · Milan,IT,Tech,L4,Tech L4,Cat E,325,Permanent,Onsite,1.0,2080,63050,4780,0,0,0,4780,67830,30.3125,32.610577,1,4,Women
W02047,IT · Milan,IT,Finance,L1,Finance L1,Cat A,115,Permanent,Hybrid,1.0,2080,27450,0,0,0,0,0,27450,13.197115,13.197115,0,1,Women
W02048,IT · Milan,IT,Tech,L2,Tech L2,Cat B,185,Fixed-term,Onsite,1.0,2080,41450,0,0,0,0,0,41450,19.927885,19.927885,0,3,Men
W02050,IT · Milan,IT,Customer Service,L2,Customer Service L2,Cat C,210,Permanent,Hybrid,1.0,2080,25900,0,0,0,0,0,25900,12.451923,12.451923,0,1,Women
W02051,DE · Munich,DE,Operations,L2,Operations L2,Cat C,225,Permanent,Hybrid,1.0,2080,44850,0,0,0,0,0,44850,21.5625,21.5625,0,2,Women
W02052,PL · Kraków,PL,Operations,L2,Operations L2,Cat C,225,Permanent,Remote,1.0,2080,27700,0,0,0,0,0,27700,13.317308,13.317308,0,2,Men
W02053,IT · Milan,IT,Sales,L1,Sales L1,Cat A,145,Permanent,Hybrid,1.0,2080,23750,0,1680,0,0,1680,25430,11.418269,12.225962,1,1,Women
W02055,PL · Kraków,PL,Operations,L3,Operations L3,Cat D,295,Permanent,Hybrid,1.0,2080,31600,2080,0,0,0,2080,33680,15.192308,16.192308,1,3,Men
W02056,DE · Munich,DE,Customer Service,L2,Customer Service L2,Cat C,210,Permanent,Onsite,1.0,2080,39550,0,0,1800,0,1800,41350,19.014423,19.879808,1,1,Women
W02057,IT · Milan,IT,HR,L2,HR L2,Cat B,185,Fixed-term,Hybrid,1.0,2080,38550,0,0,0,0,0,38550,18.533654,18.533654,0,3,Men
W02058,PL · Kraków,PL,Customer Service,L2,Customer Service L2,Cat C,210,Permanent,Onsite,1.0,2080,22400,0,0,840,0,840,23240,10.769231,11.173077,1,1,Women
W02060,DE · Munich,DE,Tech,L1,Tech L1,Cat A,150,Permanent,Hybrid,1.0,2080,48650,0,0,0,0,0,48650,23.389423,23.389423,0,2,Men
W02061,PL · Kraków,PL,Operations,L1,Operations L1,Cat B,190,Fixed-term,Onsite,1.0,2080,19250,0,0,840,0,840,20090,9.254808,9.658654,1,1,Men
W02063,ES · Barcelona,ES,HR,L3,HR L3,Cat D,255,Permanent,Onsite,1.0,2080,39300,1990,0,0,0,1990,41290,18.894231,19.850962,1,3,Women
W02064,IT · Milan,IT,Tech,L3,Tech L3,Cat D,255,Permanent,Remote,1.0,2080,54900,1390,0,0,0,1390,56290,26.394231,27.0625,1,4,Men
W02065,IT · Milan,IT,Customer Service,L2,Customer Service L2,Cat C,210,Permanent,Hybrid,1.0,2080,28650,0,0,0,0,0,28650,13.774038,13.774038,0,1,Women
W02066,IT · Milan,IT,Operations,L3,Operations L3,Cat D,295,Permanent,Onsite,1.0,2080,36450,2030,0,1320,0,3350,39800,17.524038,19.134615,1,3,Men
W02067,IT · Milan,IT,Customer Service,L4,Customer Service L4,Cat E,320,Fixed-term,Onsite,1.0,2080,49550,5200,0,0,0,5200,54750,23.822115,26.322115,1,4,Men
W02068,IT · Milan,IT,Operations,L3,Operations L3,Cat D,295,Permanent,Remote,1.0,2080,32550,1540,0,0,0,1540,34090,15.649038,16.389423,1,2,Men
W02069,IT · Milan,IT,Customer Service,L2,Customer Service L2,Cat C,210,Permanent,Onsite,1.0,2080,29650,0,0,1320,0,1320,30970,14.254808,14.889423,1,2,Women
W02070,ES · Barcelona,ES,Customer Service,L2,Customer Service L2,Cat C,210,Permanent,Onsite,1.0,2080,28750,0,0,1200,0,1200,29950,13.822115,14.399038,1,2,Men
W02071,PL · Kraków,PL,Finance,L2,Finance L2,Cat B,185,Fixed-term,Onsite,1.0,2080,28800,0,0,0,0,0,28800,13.846154,13.846154,0,2,Men
W02072,DE · Munich,DE,HR,L2,HR L2,Cat B,185,Permanent,Hybrid,1.0,2080,48050,0,0,0,0,0,48050,23.100962,23.100962,0,2,Women
W02073,IT · Milan,IT,Finance,L1,Finance L1,Cat A,115,Permanent,Remote,1.0,2080,25550,0,0,0,0,0,25550,12.283654,12.283654,0,1,Men
W02074,PL · Kraków,PL,Customer Service,L3,Customer Service L3,Cat D,280,Permanent,Hybrid,1.0,2080,33500,1880,0,0,0,1880,35380,16.105769,17.009615,1,3,Men
W02075,PL · Kraków,PL,HR,L1,HR L1,Cat A,115,Permanent,Onsite,1.0,2080,22050,0,0,0,0,0,22050,10.600962,10.600962,0,1,Women
W02077,IT · Milan,IT,Operations,L2,Operations L2,Cat C,225,Permanent,Hybrid,0.8,1664,21720,0,0,0,0,0,21720,13.052885,13.052885,0,1,Women
W02078,DE · Munich,DE,Customer Service,L2,Customer Service L2,Cat C,210,Fixed-term,Onsite,1.0,2080,44000,0,0,1800,0,1800,45800,21.153846,22.019231,1,2,Women
W02079,PL · Kraków,PL,Tech,L2,Tech L2,Cat B,185,Permanent,Hybrid,1.0,2080,31000,0,0,0,0,0,31000,14.903846,14.903846,0,3,Men
W02080,IT · Milan,IT,Operations,L3,Operations L3,Cat D,295,Permanent,Remote,1.0,2080,35200,1700,0,0,0,1700,36900,16.923077,17.740385,1,2,Men
W02081,PL · Kraków,PL,HR,L3,HR L3,Cat D,255,Permanent,Hybrid,1.0,2080,30950,1850,0,0,0,1850,32800,14.879808,15.769231,1,3,Women
W02082,IT · Milan,IT,Customer Service,L5,Customer Service L5,Cat F,340,Permanent,Hybrid,1.0,2080,65050,6580,0,0,6000,12580,77630,31.274038,37.322115,1,4,Women
W02083,ES · Barcelona,ES,Tech,L3,Tech L3,Cat D,255,Permanent,Onsite,1.0,2080,46850,2340,0,0,0,2340,49190,22.524038,23.649038,1,4,Men
W02084,PL · Kraków,PL,Customer Service,L4,Customer Service L4,Cat E,320,Permanent,Hybrid,1.0,2080,40050,3320,0,0,0,3320,43370,19.254808,20.850962,1,4,Women
W02085,PL · Kraków,PL,Operations,L4,Operations L4,Cat E,335,Fixed-term,Hybrid,1.0,2080,41450,3370,0,0,0,3370,44820,19.927885,21.548077,1,4,Women
W02086,DE · Munich,DE,Operations,L3,Operations L3,Cat D,295,Permanent,Hybrid,1.0,2080,54300,3320,0,0,0,3320,57620,26.105769,27.701923,1,3,Women
W02089,IT · Milan,IT,Operations,L2,Operations L2,Cat C,225,Permanent,Remote,1.0,2080,31450,0,0,0,0,0,31450,15.120192,15.120192,0,2,Women
W02090,IT · Milan,IT,Sales,L2,Sales L2,Cat C,215,Fixed-term,Onsite,1.0,2080,35850,0,4120,0,0,4120,39970,17.235577,19.216346,1,3,Men
W02091,PL · Kraków,PL,Operations,L2,Operations L2,Cat C,225,Permanent,Hybrid,1.0,2080,24900,0,0,0,0,0,24900,11.971154,11.971154,0,2,Women
W02093,ES · Barcelona,ES,Sales,L1,Sales L1,Cat A,145,Permanent,Remote,1.0,2080,23900,0,3260,0,0,3260,27160,11.490385,13.057692,1,1,Men
W02094,PL · Kraków,PL,Operations,L1,Operations L1,Cat B,190,Permanent,Onsite,1.0,2080,16500,0,0,840,0,840,17340,7.932692,8.336538,1,1,Men
W02095,IT · Milan,IT,Sales,L3,Sales L3,Cat D,285,Fixed-term,Remote,1.0,2080,34450,1720,2610,0,0,4330,38780,16.5625,18.644231,1,3,Women
W02096,IT · Milan,IT,Finance,L2,Finance L2,Cat B,185,Permanent,Hybrid,0.8,1664,34720,0,0,0,0,0,34720,20.865385,20.865385,0,3,Women
W02097,IT · Milan,IT,Customer Service,L1,Customer Service L1,Cat B,175,Permanent,Remote,1.0,2080,19750,0,0,0,0,0,19750,9.495192,9.495192,0,1,Women
W02098,IT · Milan,IT,Sales,L3,Sales L3,Cat D,285,Permanent,Onsite,1.0,2080,45900,2560,7030,0,0,9590,55490,22.067308,26.677885,1,4,Women
W02099,PL · Kraków,PL,Finance,L1,Finance L1,Cat A,115,Fixed-term,Hybrid,1.0,2080,22500,0,0,0,0,0,22500,10.817308,10.817308,0,1,Women
W02100,IT · Milan,IT,Customer Service,L3,Customer Service L3,Cat D,280,Fixed-term,Hybrid,1.0,2080,30600,1600,0,0,0,1600,32200,14.711538,15.480769,1,2,Women
W02102,DE · Munich,DE,HR,L2,HR L2,Cat B,185,Permanent,Hybrid,1.0,2080,52200,0,0,0,0,0,52200,25.096154,25.096154,0,2,Women
W02103,DE · Munich,DE,Operations,L2,Operations L2,Cat C,225,Permanent,Hybrid,1.0,2080,44050,0,0,0,0,0,44050,21.177885,21.177885,0,2,Men
W02104,IT · Milan,IT,Operations,L1,Operations L1,Cat B,190,Permanent,Hybrid,1.0,2080,22150,0,0,0,0,0,22150,10.649038,10.649038,0,1,Women
W02105,IT · Milan,IT,Finance,L4,Finance L4,Cat E,325,Fixed-term,Hybrid,1.0,2080,62500,6640,0,0,0,6640,69140,30.048077,33.240385,1,4,Men
W02106,IT · Milan,IT,Operations,L3,Operations L3,Cat D,295,Permanent,Hybrid,1.0,2080,34350,870,0,0,0,870,35220,16.514423,16.932692,1,2,Men
W02107,ES · Barcelona,ES,Finance,L3,Finance L3,Cat D,255,Permanent,Onsite,1.0,2080,44950,2270,0,0,0,2270,47220,21.610577,22.701923,1,3,Men
W02108,IT · Milan,IT,Sales,L4,Sales L4,Cat E,320,Permanent,Hybrid,1.0,2080,42050,4490,4670,0,0,9160,51210,20.216346,24.620192,1,3,Women
W02110,ES · Barcelona,ES,Operations,L2,Operations L2,Cat C,225,Permanent,Remote,1.0,2080,32600,0,0,0,0,0,32600,15.673077,15.673077,0,2,Women
W02111,PL · Kraków,PL,Tech,L3,Tech L3,Cat D,255,Permanent,Hybrid,1.0,2080,48800,2130,0,0,0,2130,50930,23.461538,24.485577,1,4,Men
W02112,DE · Munich,DE,Customer Service,L6,Customer Service L6,Cat G,410,Permanent,Remote,1.0,2080,119700,32060,0,0,7200,39260,158960,57.548077,76.423077,1,4,Men
W02115,PL · Kraków,PL,Sales,L2,Sales L2,Cat C,215,Permanent,Hybrid,0.8,1664,21800,0,4620,0,0,4620,26420,13.100962,15.877404,1,3,Men
W02116,IT · Milan,IT,Customer Service,L2,Customer Service L2,Cat C,210,Permanent,Onsite,1.0,2080,27750,0,0,1320,0,1320,29070,13.341346,13.975962,1,2,Women
W02117,ES · Barcelona,ES,Operations,L2,Operations L2,Cat C,225,Permanent,Hybrid,1.0,2080,23050,0,0,0,0,0,23050,11.081731,11.081731,0,1,Women
W02118,IT · Milan,IT,HR,L1,HR L1,Cat A,115,Permanent,Remote,1.0,2080,31000,0,0,0,0,0,31000,14.903846,14.903846,0,2,Women
W02120,ES · Barcelona,ES,Customer Service,L4,Customer Service L4,Cat E,320,Permanent,Hybrid,1.0,2080,44100,3640,0,0,0,3640,47740,21.201923,22.951923,1,3,Men
W02121,PL · Kraków,PL,Tech,L2,Tech L2,Cat B,185,Permanent,Hybrid,1.0,2080,32900,0,0,0,0,0,32900,15.817308,15.817308,0,3,Men
W02124,ES · Barcelona,ES,Customer Service,L3,Customer Service L3,Cat D,280,Permanent,Onsite,1.0,2080,40350,2080,0,1200,0,3280,43630,19.399038,20.975962,1,3,Women
W02125,ES · Barcelona,ES,Customer Service,L2,Customer Service L2,Cat C,210,Permanent,Hybrid,1.0,2080,29200,0,0,0,0,0,29200,14.038462,14.038462,0,2,Women
W02127,PL · Kraków,PL,Tech,L2,Tech L2,Cat B,185,Permanent,Hybrid,1.0,2080,30100,0,0,0,0,0,30100,14.471154,14.471154,0,2,Women
W02128,IT · Milan,IT,Customer Service,L2,Customer Service L2,Cat C,210,Permanent,Hybrid,1.0,2080,34350,0,0,0,0,0,34350,16.514423,16.514423,0,2,Men
W02129,IT · Milan,IT,Customer Service,L3,Customer Service L3,Cat D,280,Fixed-term,Hybrid,1.0,2080,39450,950,0,0,0,950,40400,18.966346,19.423077,1,3,Men
W02130,PL · Kraków,PL,Tech,L4,Tech L4,Cat E,325,Permanent,Hybrid,1.0,2080,51950,6360,0,0,0,6360,58310,24.975962,28.033654,1,4,Men
W02131,DE · Munich,DE,Tech,L4,Tech L4,Cat E,325,Permanent,Hybrid,1.0,2080,98250,9480,0,0,0,9480,107730,47.235577,51.793269,1,4,Women
W02132,IT · Milan,IT,Operations,L2,Operations L2,Cat C,225,Permanent,Hybrid,0.8,1664,24040,0,0,0,0,0,24040,14.447115,14.447115,0,2,Men
W02133,PL · Kraków,PL,HR,L2,HR L2,Cat B,185,Permanent,Hybrid,1.0,2080,23350,0,0,0,0,0,23350,11.225962,11.225962,0,1,Women
W02134,PL · Kraków,PL,Operations,L5,Operations L5,Cat F,340,Permanent,Hybrid,1.0,2080,51500,6270,0,0,4200,10470,61970,24.759615,29.793269,1,4,Women
W02135,IT · Milan,IT,Sales,L2,Sales L2,Cat C,215,Fixed-term,Onsite,1.0,2080,32750,0,4080,0,0,4080,36830,15.745192,17.706731,1,2,Men
W02136,PL · Kraków,PL,Customer Service,L4,Customer Service L4,Cat E,320,Fixed-term,Onsite,1.0,2080,40250,1690,0,0,0,1690,41940,19.350962,20.163462,1,4,Men
W02137,DE · Munich,DE,Operations,L3,Operations L3,Cat D,295,Permanent,Onsite,1.0,2080,58800,1600,0,1800,0,3400,62200,28.269231,29.903846,1,3,Women
W02138,ES · Barcelona,ES,Customer Service,L2,Customer Service L2,Cat C,210,Permanent,Onsite,1.0,2080,25350,0,0,1200,0,1200,26550,12.1875,12.764423,1,1,Women
W02140,PL · Kraków,PL,Operations,L4,Operations L4,Cat E,335,Permanent,Onsite,0.8,1664,31040,2400,0,0,0,2400,33440,18.653846,20.096154,1,4,Women
W02142,ES · Barcelona,ES,Sales,L2,Sales L2,Cat C,215,Fixed-term,Remote,1.0,2080,28500,0,3710,0,0,3710,32210,13.701923,15.485577,1,2,Men
W02143,DE · Munich,DE,Tech,L1,Tech L1,Cat A,150,Permanent,Onsite,1.0,2080,42900,0,0,0,0,0,42900,20.625,20.625,0,2,Women
W02144,DE · Munich,DE,HR,L2,HR L2,Cat B,185,Fixed-term,Remote,1.0,2080,42150,0,0,0,0,0,42150,20.264423,20.264423,0,1,Men
W02146,DE · Munich,DE,Customer Service,L2,Customer Service L2,Cat C,210,Fixed-term,Hybrid,1.0,2080,40800,0,0,0,0,0,40800,19.615385,19.615385,0,1,Women
W02147,IT · Milan,IT,Operations,L1,Operations L1,Cat B,190,Permanent,Onsite,1.0,2080,28400,0,0,1320,0,1320,29720,13.653846,14.288462,1,2,Men
W02148,PL · Kraków,PL,Operations,L3,Operations L3,Cat D,295,Permanent,Hybrid,1.0,2080,35200,1580,0,0,0,1580,36780,16.923077,17.682692,1,3,Men
W02149,ES · Barcelona,ES,Operations,L4,Operations L4,Cat E,335,Permanent,Hybrid,1.0,2080,51550,5200,0,0,0,5200,56750,24.783654,27.283654,1,4,Men
W02151,PL · Kraków,PL,Customer Service,L2,Customer Service L2,Cat C,210,Permanent,Hybrid,1.0,2080,22850,0,0,0,0,0,22850,10.985577,10.985577,0,1,Women
W02152,PL · Kraków,PL,Operations,L5,Operations L5,Cat F,340,Permanent,Onsite,0.8,1664,53840,6120,0,0,4200,10320,64160,32.355769,38.557692,1,4,Men
W02153,IT · Milan,IT,Operations,L4,Operations L4,Cat E,335,Permanent,Onsite,1.0,2080,46450,3720,0,0,0,3720,50170,22.331731,24.120192,1,3,Men
W02155,IT · Milan,IT,Operations,L2,Operations L2,Cat C,225,Permanent,Hybrid,1.0,2080,34350,0,0,0,0,0,34350,16.514423,16.514423,0,2,Women
W02156,IT · Milan,IT,Operations,L2,Operations L2,Cat C,225,Permanent,Hybrid,1.0,2080,30400,0,0,0,0,0,30400,14.615385,14.615385,0,2,Men
W02157,ES · Barcelona,ES,Customer Service,L3,Customer Service L3,Cat D,280,Permanent,Hybrid,1.0,2080,36000,1800,0,0,0,1800,37800,17.307692,18.173077,1,3,Women
W02158,ES · Barcelona,ES,Tech,L2,Tech L2,Cat B,185,Permanent,Onsite,0.8,1664,33400,0,0,0,0,0,33400,20.072115,20.072115,0,3,Men
W02159,DE · Munich,DE,Finance,L3,Finance L3,Cat D,255,Permanent,Onsite,1.0,2080,66650,3350,0,0,0,3350,70000,32.043269,33.653846,1,3,Men
W02160,IT · Milan,IT,Finance,L5,Finance L5,Cat F,340,Permanent,Onsite,1.0,2080,75100,8740,0,0,6000,14740,89840,36.105769,43.192308,1,4,Men
W02161,IT · Milan,IT,Customer Service,L2,Customer Service L2,Cat C,210,Permanent,Hybrid,1.0,2080,28150,0,0,0,0,0,28150,13.533654,13.533654,0,1,Women
W02162,PL · Kraków,PL,HR,L4,HR L4,Cat E,325,Permanent,Onsite,1.0,2080,47200,4540,0,0,0,4540,51740,22.692308,24.875,1,4,Men
W02163,PL · Kraków,PL,HR,L1,HR L1,Cat A,115,Permanent,Hybrid,1.0,2080,20000,0,0,0,0,0,20000,9.615385,9.615385,0,1,Women
W02164,IT · Milan,IT,Operations,L3,Operations L3,Cat D,295,Fixed-term,Onsite,1.0,2080,46900,3010,0,1320,0,4330,51230,22.548077,24.629808,1,3,Men
W02166,PL · Kraków,PL,Tech,L1,Tech L1,Cat A,150,Permanent,Hybrid,1.0,2080,26900,0,0,0,0,0,26900,12.932692,12.932692,0,2,Women
W02167,PL · Kraków,PL,Customer Service,L1,Customer Service L1,Cat B,175,Permanent,Remote,1.0,2080,17300,0,0,0,0,0,17300,8.317308,8.317308,0,1,Women
W02168,ES · Barcelona,ES,Operations,L1,Operations L1,Cat B,190,Permanent,Hybrid,1.0,2080,25350,0,0,0,0,0,25350,12.1875,12.1875,0,1,Men
W02169,ES · Barcelona,ES,Sales,L1,Sales L1,Cat A,145,Permanent,Hybrid,1.0,2080,25550,0,3110,0,0,3110,28660,12.283654,13.778846,1,2,Women
W02170,DE · Munich,DE,Sales,L2,Sales L2,Cat C,215,Permanent,Hybrid,1.0,2080,49800,0,5720,0,0,5720,55520,23.942308,26.692308,1,3,Women
W02171,ES · Barcelona,ES,Sales,L4,Sales L4,Cat E,320,Permanent,Hybrid,1.0,2080,58000,2460,9310,0,0,11770,69770,27.884615,33.543269,1,4,Men
W02172,ES · Barcelona,ES,Operations,L3,Operations L3,Cat D,295,Permanent,Onsite,1.0,2080,38750,910,0,1200,0,2110,40860,18.629808,19.644231,1,3,Women
W02173,DE · Munich,DE,Customer Service,L2,Customer Service L2,Cat C,210,Permanent,Remote,1.0,2080,38100,0,0,0,0,0,38100,18.317308,18.317308,0,1,Women
W02174,PL · Kraków,PL,Finance,L2,Finance L2,Cat B,185,Permanent,Hybrid,1.0,2080,29500,0,0,0,0,0,29500,14.182692,14.182692,0,2,Women
W02175,PL · Kraków,PL,HR,L1,HR L1,Cat A,115,Permanent,Onsite,1.0,2080,24400,0,0,0,0,0,24400,11.730769,11.730769,0,2,Women
W02176,DE · Munich,DE,Customer Service,L1,Customer Service L1,Cat B,175,Permanent,Onsite,1.0,2080,26800,0,0,1800,0,1800,28600,12.884615,13.75,1,1,Women
W02177,PL · Kraków,PL,Tech,L1,Tech L1,Cat A,150,Permanent,Hybrid,1.0,2080,26500,0,0,0,0,0,26500,12.740385,12.740385,0,2,Men
W02178,ES · Barcelona,ES,Customer Service,L3,Customer Service L3,Cat D,280,Fixed-term,Hybrid,1.0,2080,33500,1830,0,0,0,1830,35330,16.105769,16.985577,1,3,Women
W02179,IT · Milan,IT,Customer Service,L1,Customer Service L1,Cat B,175,Permanent,Onsite,1.0,2080,20250,0,0,1320,0,1320,21570,9.735577,10.370192,1,1,Men
W02180,IT · Milan,IT,Tech,L4,Tech L4,Cat E,325,Permanent,Onsite,1.0,2080,70200,8530,0,0,0,8530,78730,33.75,37.850962,1,4,Women
W02181,IT · Milan,IT,Tech,L2,Tech L2,Cat B,185,Permanent,Onsite,1.0,2080,41200,0,0,0,0,0,41200,19.807692,19.807692,0,3,Women
W02182,IT · Milan,IT,Finance,L2,Finance L2,Cat B,185,Permanent,Hybrid,1.0,2080,34100,0,0,0,0,0,34100,16.394231,16.394231,0,2,Men
W02183,PL · Kraków,PL,Customer Service,L3,Customer Service L3,Cat D,280,Fixed-term,Onsite,0.8,1664,22440,1000,0,672,0,1672,24112,13.485577,14.490385,1,3,Women
W02184,PL · Kraków,PL,Customer Service,L4,Customer Service L4,Cat E,320,Fixed-term,Onsite,1.0,2080,37950,3250,0,0,0,3250,41200,18.245192,19.807692,1,3,Men
W02186,DE · Munich,DE,Customer Service,L3,Customer Service L3,Cat D,280,Permanent,Onsite,1.0,2080,55900,3610,0,1800,0,5410,61310,26.875,29.475962,1,3,Men
W02187,DE · Munich,DE,HR,L2,HR L2,Cat B,185,Permanent,Onsite,0.8,1664,41160,0,0,0,0,0,41160,24.735577,24.735577,0,2,Women
W02188,PL · Kraków,PL,Sales,L1,Sales L1,Cat A,145,Permanent,Hybrid,1.0,2080,22700,0,2380,0,0,2380,25080,10.913462,12.057692,1,2,Women
W02189,PL · Kraków,PL,Finance,L3,Finance L3,Cat D,255,Permanent,Remote,1.0,2080,38000,1960,0,0,0,1960,39960,18.269231,19.211538,1,3,Men
W02190,IT · Milan,IT,HR,L2,HR L2,Cat B,185,Fixed-term,Remote,1.0,2080,33400,0,0,0,0,0,33400,16.057692,16.057692,0,2,Men
W02191,IT · Milan,IT,Sales,L4,Sales L4,Cat E,320,Permanent,Hybrid,1.0,2080,58150,5880,7540,0,0,13420,71570,27.956731,34.408654,1,4,Men
W02192,DE · Munich,DE,Sales,L5,Sales L5,Cat F,340,Permanent,Hybrid,1.0,2080,117000,14150,13070,0,7200,34420,151420,56.25,72.798077,1,4,Men
W02193,DE · Munich,DE,Operations,L1,Operations L1,Cat B,190,Permanent,Hybrid,1.0,2080,34900,0,0,0,0,0,34900,16.778846,16.778846,0,1,Women
W02194,DE · Munich,DE,Sales,L4,Sales L4,Cat E,320,Permanent,Hybrid,1.0,2080,82800,8410,12180,0,0,20590,103390,39.807692,49.706731,1,4,Men
W02195,PL · Kraków,PL,Customer Service,L2,Customer Service L2,Cat C,210,Fixed-term,Hybrid,1.0,2080,22350,0,0,0,0,0,22350,10.745192,10.745192,0,1,Women
W02196,DE · Munich,DE,HR,L4,HR L4,Cat E,325,Permanent,Remote,1.0,2080,74250,5350,0,0,0,5350,79600,35.697115,38.269231,1,4,Women
W02197,DE · Munich,DE,Customer Service,L4,Customer Service L4,Cat E,320,Fixed-term,Onsite,1.0,2080,70900,6410,0,0,0,6410,77310,34.086538,37.168269,1,4,Women
W02198,IT · Milan,IT,Customer Service,L3,Customer Service L3,Cat D,280,Permanent,Hybrid,0.8,1664,30080,1360,0,0,0,1360,31440,18.076923,18.894231,1,3,Men
W02199,IT · Milan,IT,Tech,L3,Tech L3,Cat D,255,Permanent,Onsite,1.0,2080,60400,3080,0,0,0,3080,63480,29.038462,30.519231,1,4,Men
W02200,PL · Kraków,PL,Sales,L1,Sales L1,Cat A,145,Permanent,Remote,1.0,2080,23050,0,4520,0,0,4520,27570,11.081731,13.254808,1,2,Men
W02201,PL · Kraków,PL,Tech,L2,Tech L2,Cat B,185,Permanent,Onsite,1.0,2080,29750,0,0,0,0,0,29750,14.302885,14.302885,0,2,Men
W02202,PL · Kraków,PL,Customer Service,L5,Customer Service L5,Cat F,340,Permanent,Hybrid,1.0,2080,59400,8370,0,0,4200,12570,71970,28.557692,34.600962,1,4,Men
W02203,ES · Barcelona,ES,Operations,L3,Operations L3,Cat D,295,Permanent,Hybrid,1.0,2080,39050,2380,0,0,0,2380,41430,18.774038,19.918269,1,3,Men
W02204,ES · Barcelona,ES,Operations,L1,Operations L1,Cat B,190,Permanent,Hybrid,1.0,2080,25400,0,0,0,0,0,25400,12.211538,12.211538,0,1,Men
W02205,DE · Munich,DE,Operations,L2,Operations L2,Cat C,225,Permanent,Hybrid,1.0,2080,48800,0,0,0,0,0,48800,23.461538,23.461538,0,2,Men
W02206,IT · Milan,IT,Sales,L3,Sales L3,Cat D,285,Fixed-term,Hybrid,1.0,2080,35800,870,4140,0,0,5010,40810,17.211538,19.620192,1,3,Women
W02207,ES · Barcelona,ES,Tech,L6,Tech L6,Cat G,410,Permanent,Onsite,1.0,2080,115200,24320,0,0,5400,29720,144920,55.384615,69.673077,1,4,Women
W02208,DE · Munich,DE,Sales,L1,Sales L1,Cat A,145,Permanent,Hybrid,1.0,2080,40950,0,5510,0,0,5510,46460,19.6875,22.336538,1,2,Women
W02209,IT · Milan,IT,Finance,L1,Finance L1,Cat A,115,Fixed-term,Hybrid,1.0,2080,24650,0,0,0,0,0,24650,11.850962,11.850962,0,1,Men
W02211,IT · Milan,IT,Finance,L1,Finance L1,Cat A,115,Permanent,Hybrid,1.0,2080,28450,0,0,0,0,0,28450,13.677885,13.677885,0,1,Women
W02212,IT · Milan,IT,Customer Service,L6,Customer Service L6,Cat G,410,Permanent,Onsite,1.0,2080,88300,22150,0,0,6000,28150,116450,42.451923,55.985577,1,4,Men
W02213,ES · Barcelona,ES,Operations,L3,Operations L3,Cat D,295,Permanent,Hybrid,0.8,1664,24440,1180,0,0,0,1180,25620,14.6875,15.396635,1,2,Women
W02214,ES · Barcelona,ES,Finance,L2,Finance L2,Cat B,185,Permanent,Onsite,1.0,2080,36350,0,0,0,0,0,36350,17.475962,17.475962,0,3,Men
W02215,IT · Milan,IT,Finance,L2,Finance L2,Cat B,185,Permanent,Hybrid,1.0,2080,34000,0,0,0,0,0,34000,16.346154,16.346154,0,2,Women
W02217,PL · Kraków,PL,Customer Service,L3,Customer Service L3,Cat D,280,Permanent,Hybrid,1.0,2080,33450,1810,0,0,0,1810,35260,16.081731,16.951923,1,3,Women
W02218,PL · Kraków,PL,Customer Service,L1,Customer Service L1,Cat B,175,Permanent,Hybrid,1.0,2080,19650,0,0,0,0,0,19650,9.447115,9.447115,0,1,Women
W02219,PL · Kraków,PL,Sales,L2,Sales L2,Cat C,215,Permanent,Onsite,1.0,2080,29000,0,5660,0,0,5660,34660,13.942308,16.663462,1,3,Men
W02220,ES · Barcelona,ES,Sales,L3,Sales L3,Cat D,285,Permanent,Remote,1.0,2080,52200,3290,7120,0,0,10410,62610,25.096154,30.100962,1,4,Men
W02221,DE · Munich,DE,HR,L2,HR L2,Cat B,185,Permanent,Hybrid,1.0,2080,45400,0,0,0,0,0,45400,21.826923,21.826923,0,2,Women
W02222,IT · Milan,IT,Finance,L2,Finance L2,Cat B,185,Permanent,Onsite,0.8,1664,27360,0,0,0,0,0,27360,16.442308,16.442308,0,2,Men
W02223,IT · Milan,IT,Customer Service,L3,Customer Service L3,Cat D,280,Fixed-term,Hybrid,0.8,1664,26480,2070,0,0,0,2070,28550,15.913462,17.157452,1,2,Women
W02224,IT · Milan,IT,Customer Service,L2,Customer Service L2,Cat C,210,Permanent,Onsite,1.0,2080,30200,0,0,1320,0,1320,31520,14.519231,15.153846,1,2,Women
W02225,PL · Kraków,PL,Customer Service,L2,Customer Service L2,Cat C,210,Permanent,Hybrid,1.0,2080,21950,0,0,0,0,0,21950,10.552885,10.552885,0,1,Women
W02227,ES · Barcelona,ES,HR,L3,HR L3,Cat D,255,Permanent,Hybrid,1.0,2080,34500,1730,0,0,0,1730,36230,16.586538,17.418269,1,3,Men
W02228,ES · Barcelona,ES,Customer Service,L2,Customer Service L2,Cat C,210,Permanent,Onsite,1.0,2080,26400,0,0,1200,0,1200,27600,12.692308,13.269231,1,1,Men
W02229,ES · Barcelona,ES,Finance,L4,Finance L4,Cat E,325,Permanent,Onsite,1.0,2080,65150,5010,0,0,0,5010,70160,31.322115,33.730769,1,4,Men
W02230,DE · Munich,DE,Customer Service,L4,Customer Service L4,Cat E,320,Permanent,Remote,1.0,2080,74250,5570,0,0,0,5570,79820,35.697115,38.375,1,4,Men
W02231,DE · Munich,DE,Tech,L4,Tech L4,Cat E,325,Permanent,Hybrid,1.0,2080,104500,9040,0,0,0,9040,113540,50.240385,54.586538,1,4,Men
W02232,IT · Milan,IT,Customer Service,L1,Customer Service L1,Cat B,175,Permanent,Hybrid,1.0,2080,22850,0,0,0,0,0,22850,10.985577,10.985577,0,1,Women
W02233,IT · Milan,IT,Operations,L2,Operations L2,Cat C,225,Permanent,Remote,1.0,2080,31600,0,0,0,0,0,31600,15.192308,15.192308,0,2,Women
W02234,IT · Milan,IT,Tech,L4,Tech L4,Cat E,325,Permanent,Onsite,1.0,2080,55950,4390,0,0,0,4390,60340,26.899038,29.009615,1,4,Men
W02235,IT · Milan,IT,Sales,L4,Sales L4,Cat E,320,Permanent,Remote,1.0,2080,51500,4000,12310,0,0,16310,67810,24.759615,32.600962,1,4,Men
W02236,ES · Barcelona,ES,Operations,L4,Operations L4,Cat E,335,Permanent,Hybrid,1.0,2080,43550,3160,0,0,0,3160,46710,20.9375,22.456731,1,3,Women
W02238,DE · Munich,DE,Customer Service,L2,Customer Service L2,Cat C,210,Permanent,Remote,1.0,2080,39400,0,0,0,0,0,39400,18.942308,18.942308,0,1,Women
W02239,DE · Munich,DE,Tech,L4,Tech L4,Cat E,325,Permanent,Onsite,1.0,2080,116950,8940,0,0,0,8940,125890,56.225962,60.524038,1,4,Women
W02240,DE · Munich,DE,Operations,L1,Operations L1,Cat B,190,Permanent,Remote,1.0,2080,36600,0,0,0,0,0,36600,17.596154,17.596154,0,1,Women
W02241,DE · Munich,DE,Sales,L2,Sales L2,Cat C,215,Permanent,Hybrid,1.0,2080,40900,0,5430,0,0,5430,46330,19.663462,22.274038,1,2,Women
W02242,DE · Munich,DE,Finance,L3,Finance L3,Cat D,255,Permanent,Onsite,1.0,2080,66900,3620,0,0,0,3620,70520,32.163462,33.903846,1,3,Women
W02243,PL · Kraków,PL,Operations,L3,Operations L3,Cat D,295,Permanent,Hybrid,1.0,2080,31750,1540,0,0,0,1540,33290,15.264423,16.004808,1,3,Women
W02244,PL · Kraków,PL,Operations,L5,Operations L5,Cat F,340,Permanent,Hybrid,1.0,2080,44650,5360,0,0,4200,9560,54210,21.466346,26.0625,1,4,Men
W02245,ES · Barcelona,ES,Finance,L2,Finance L2,Cat B,185,Permanent,Hybrid,1.0,2080,34600,0,0,0,0,0,34600,16.634615,16.634615,0,2,Women
W02246,PL · Kraków,PL,Sales,L1,Sales L1,Cat A,145,Permanent,Hybrid,1.0,2080,14750,0,2390,0,0,2390,17140,7.091346,8.240385,1,1,Men
W02247,PL · Kraków,PL,Customer Service,L4,Customer Service L4,Cat E,320,Permanent,Hybrid,1.0,2080,39650,2820,0,0,0,2820,42470,19.0625,20.418269,1,4,Men
W02248,IT · Milan,IT,Tech,L4,Tech L4,Cat E,325,Permanent,Onsite,1.0,2080,80450,0,0,0,0,0,80450,38.677885,38.677885,0,4,Men
W02249,PL · Kraków,PL,Finance,L5,Finance L5,Cat F,340,Permanent,Hybrid,1.0,2080,63800,7350,0,0,4200,11550,75350,30.673077,36.225962,1,4,Men
W02251,IT · Milan,IT,Customer Service,L4,Customer Service L4,Cat E,320,Permanent,Hybrid,1.0,2080,50050,4320,0,0,0,4320,54370,24.0625,26.139423,1,4,Men
W02252,PL · Kraków,PL,Customer Service,L5,Customer Service L5,Cat F,340,Permanent,Remote,1.0,2080,52750,6520,0,0,4200,10720,63470,25.360577,30.514423,1,4,Women
W02253,IT · Milan,IT,Finance,L4,Finance L4,Cat E,325,Permanent,Remote,0.8,1664,51920,4460,0,0,0,4460,56380,31.201923,33.882212,1,4,Women
W02256,IT · Milan,IT,HR,L2,HR L2,Cat B,185,Permanent,Hybrid,1.0,2080,28400,0,0,0,0,0,28400,13.653846,13.653846,0,1,Women
W02257,PL · Kraków,PL,Operations,L4,Operations L4,Cat E,335,Permanent,Hybrid,1.0,2080,38900,3850,0,0,0,3850,42750,18.701923,20.552885,1,4,Women
W02258,PL · Kraków,PL,Operations,L2,Operations L2,Cat C,225,Fixed-term,Hybrid,1.0,2080,26200,0,0,0,0,0,26200,12.596154,12.596154,0,2,Men
W02259,PL · Kraków,PL,Tech,L4,Tech L4,Cat E,325,Permanent,Remote,1.0,2080,62900,6630,0,0,0,6630,69530,30.240385,33.427885,1,4,Men
W02260,IT · Milan,IT,Operations,L1,Operations L1,Cat B,190,Permanent,Onsite,1.0,2080,21950,0,0,1320,0,1320,23270,10.552885,11.1875,1,1,Women
W02261,DE · Munich,DE,Customer Service,L1,Customer Service L1,Cat B,175,Permanent,Hybrid,1.0,2080,31700,0,0,0,0,0,31700,15.240385,15.240385,0,1,Men
W02262,DE · Munich,DE,Operations,L2,Operations L2,Cat C,225,Permanent,Hybrid,1.0,2080,40600,0,0,0,0,0,40600,19.519231,19.519231,0,1,Women
W02263,ES · Barcelona,ES,Customer Service,L2,Customer Service L2,Cat C,210,Permanent,Onsite,1.0,2080,27600,0,0,1200,0,1200,28800,13.269231,13.846154,1,2,Women
W02264,PL · Kraków,PL,Customer Service,L3,Customer Service L3,Cat D,280,Permanent,Onsite,1.0,2080,29400,2180,0,840,0,3020,32420,14.134615,15.586538,1,3,Women
W02265,IT · Milan,IT,Operations,L3,Operations L3,Cat D,295,Permanent,Onsite,1.0,2080,35050,2830,0,1320,0,4150,39200,16.850962,18.846154,1,3,Women
W02267,DE · Munich,DE,Operations,L1,Operations L1,Cat B,190,Permanent,Hybrid,1.0,2080,36950,0,0,0,0,0,36950,17.764423,17.764423,0,1,Women
W02268,PL · Kraków,PL,Finance,L1,Finance L1,Cat A,115,Permanent,Onsite,1.0,2080,23000,0,0,0,0,0,23000,11.057692,11.057692,0,1,Men
W02269,ES · Barcelona,ES,Operations,L2,Operations L2,Cat C,225,Permanent,Remote,1.0,2080,29650,0,0,0,0,0,29650,14.254808,14.254808,0,2,Men
W02270,ES · Barcelona,ES,Tech,L2,Tech L2,Cat B,185,Fixed-term,Hybrid,1.0,2080,31150,0,0,0,0,0,31150,14.975962,14.975962,0,2,Women
W02271,DE · Munich,DE,Customer Service,L2,Customer Service L2,Cat C,210,Permanent,Hybrid,1.0,2080,41250,0,0,0,0,0,41250,19.831731,19.831731,0,1,Men
W02272,PL · Kraków,PL,Tech,L1,Tech L1,Cat A,150,Fixed-term,Hybrid,1.0,2080,25350,0,0,0,0,0,25350,12.1875,12.1875,0,2,Women
W02273,IT · Milan,IT,Finance,L4,Finance L4,Cat E,325,Permanent,Onsite,1.0,2080,68100,5720,0,0,0,5720,73820,32.740385,35.490385,1,4,Men
W02274,DE · Munich,DE,Operations,L2,Operations L2,Cat C,225,Fixed-term,Hybrid,1.0,2080,43600,0,0,0,0,0,43600,20.961538,20.961538,0,2,Women
W02275,DE · Munich,DE,HR,L2,HR L2,Cat B,185,Fixed-term,Hybrid,1.0,2080,48300,0,0,0,0,0,48300,23.221154,23.221154,0,2,Men
W02276,ES · Barcelona,ES,Customer Service,L1,Customer Service L1,Cat B,175,Permanent,Hybrid,1.0,2080,24300,0,0,0,0,0,24300,11.682692,11.682692,0,1,Men
W02277,ES · Barcelona,ES,Tech,L2,Tech L2,Cat B,185,Permanent,Hybrid,1.0,2080,38400,0,0,0,0,0,38400,18.461538,18.461538,0,3,Men
W02278,DE · Munich,DE,Finance,L1,Finance L1,Cat A,115,Permanent,Remote,1.0,2080,40750,0,0,0,0,0,40750,19.591346,19.591346,0,1,Women
W02279,PL · Kraków,PL,Sales,L1,Sales L1,Cat A,145,Permanent,Hybrid,1.0,2080,26750,0,2550,0,0,2550,29300,12.860577,14.086538,1,2,Women
W02280,DE · Munich,DE,Sales,L5,Sales L5,Cat F,340,Permanent,Hybrid,1.0,2080,108600,12830,13210,0,7200,33240,141840,52.211538,68.192308,1,4,Women
W02281,DE · Munich,DE,Operations,L3,Operations L3,Cat D,295,Permanent,Hybrid,1.0,2080,53350,3520,0,0,0,3520,56870,25.649038,27.341346,1,3,Women
W02282,ES · Barcelona,ES,Operations,L2,Operations L2,Cat C,225,Permanent,Hybrid,1.0,2080,30600,0,0,0,0,0,30600,14.711538,14.711538,0,2,Women
W02283,IT · Milan,IT,Tech,L2,Tech L2,Cat B,185,Permanent,Hybrid,1.0,2080,39800,0,0,0,0,0,39800,19.134615,19.134615,0,3,Men
W02285,DE · Munich,DE,Finance,L4,Finance L4,Cat E,325,Permanent,Hybrid,1.0,2080,93950,7800,0,0,0,7800,101750,45.168269,48.918269,1,4,Men
W02286,PL · Kraków,PL,Customer Service,L3,Customer Service L3,Cat D,280,Permanent,Hybrid,1.0,2080,31200,1740,0,0,0,1740,32940,15.0,15.836538,1,3,Women
W02288,DE · Munich,DE,Operations,L1,Operations L1,Cat B,190,Permanent,Onsite,1.0,2080,32250,0,0,1800,0,1800,34050,15.504808,16.370192,1,1,Men
W02289,IT · Milan,IT,Operations,L5,Operations L5,Cat F,340,Fixed-term,Onsite,1.0,2080,78300,13210,0,0,6000,19210,97510,37.644231,46.879808,1,4,Men
W02290,PL · Kraków,PL,Tech,L1,Tech L1,Cat A,150,Permanent,Hybrid,1.0,2080,23750,0,0,0,0,0,23750,11.418269,11.418269,0,2,Men
W02291,IT · Milan,IT,HR,L1,HR L1,Cat A,115,Permanent,Onsite,0.8,1664,21520,0,0,0,0,0,21520,12.932692,12.932692,0,1,Women
W02292,IT · Milan,IT,Operations,L2,Operations L2,Cat C,225,Permanent,Remote,1.0,2080,24600,0,0,0,0,0,24600,11.826923,11.826923,0,1,Men
W02293,PL · Kraków,PL,Tech,L3,Tech L3,Cat D,255,Permanent,Hybrid,1.0,2080,40950,1930,0,0,0,1930,42880,19.6875,20.615385,1,4,Women
W02294,PL · Kraków,PL,Tech,L2,Tech L2,Cat B,185,Permanent,Hybrid,1.0,2080,30400,0,0,0,0,0,30400,14.615385,14.615385,0,3,Men
W02295,ES · Barcelona,ES,Customer Service,L2,Customer Service L2,Cat C,210,Fixed-term,Hybrid,1.0,2080,29900,0,0,0,0,0,29900,14.375,14.375,0,2,Women
W02296,IT · Milan,IT,Sales,L1,Sales L1,Cat A,145,Permanent,Onsite,1.0,2080,26300,0,3170,0,0,3170,29470,12.644231,14.168269,1,2,Women
W02297,DE · Munich,DE,Finance,L2,Finance L2,Cat B,185,Permanent,Hybrid,1.0,2080,47950,0,0,0,0,0,47950,23.052885,23.052885,0,2,Men
W02298,IT · Milan,IT,Tech,L1,Tech L1,Cat A,150,Permanent,Hybrid,1.0,2080,29550,0,0,0,0,0,29550,14.206731,14.206731,0,2,Men
W02299,PL · Kraków,PL,Finance,L1,Finance L1,Cat A,115,Permanent,Hybrid,1.0,2080,23700,0,0,0,0,0,23700,11.394231,11.394231,0,2,Women
W02300,IT · Milan,IT,Operations,L2,Operations L2,Cat C,225,Permanent,Remote,1.0,2080,27800,0,0,0,0,0,27800,13.365385,13.365385,0,1,Men
W02301,DE · Munich,DE,Customer Service,L6,Customer Service L6,Cat G,410,Permanent,Onsite,1.0,2080,116700,25300,0,0,7200,32500,149200,56.105769,71.730769,1,4,Women
W02302,ES · Barcelona,ES,Customer Service,L2,Customer Service L2,Cat C,210,Permanent,Hybrid,1.0,2080,22400,0,0,0,0,0,22400,10.769231,10.769231,0,1,Women
W02303,IT · Milan,IT,HR,L1,HR L1,Cat A,115,Fixed-term,Onsite,1.0,2080,30200,0,0,0,0,0,30200,14.519231,14.519231,0,2,Men
W02304,DE · Munich,DE,Sales,L4,Sales L4,Cat E,320,Permanent,Remote,1.0,2080,75400,8240,13210,0,0,21450,96850,36.25,46.5625,1,4,Women
W02305,IT · Milan,IT,Sales,L2,Sales L2,Cat C,215,Permanent,Hybrid,1.0,2080,33500,0,5720,0,0,5720,39220,16.105769,18.855769,1,3,Men
W02306,PL · Kraków,PL,Operations,L2,Operations L2,Cat C,225,Permanent,Onsite,1.0,2080,28400,0,0,840,0,840,29240,13.653846,14.057692,1,2,Men
W02307,IT · Milan,IT,Tech,L2,Tech L2,Cat B,185,Permanent,Remote,1.0,2080,43550,0,0,0,0,0,43550,20.9375,20.9375,0,3,Women
W02308,IT · Milan,IT,Operations,L3,Operations L3,Cat D,295,Permanent,Hybrid,1.0,2080,42800,1150,0,0,0,1150,43950,20.576923,21.129808,1,3,Women
W02309,IT · Milan,IT,Operations,L3,Operations L3,Cat D,295,Permanent,Onsite,0.8,1664,31960,1680,0,1056,0,2736,34696,19.206731,20.850962,1,3,Women
W02310,PL · Kraków,PL,Tech,L1,Tech L1,Cat A,150,Permanent,Remote,1.0,2080,25500,0,0,0,0,0,25500,12.259615,12.259615,0,2,Women
W02311,PL · Kraków,PL,Customer Service,L2,Customer Service L2,Cat C,210,Permanent,Onsite,1.0,2080,25450,0,0,840,0,840,26290,12.235577,12.639423,1,2,Women
W02312,DE · Munich,DE,Operations,L4,Operations L4,Cat E,335,Fixed-term,Hybrid,1.0,2080,65750,7650,0,0,0,7650,73400,31.610577,35.288462,1,3,Men
W02313,DE · Munich,DE,Sales,L1,Sales L1,Cat A,145,Permanent,Remote,1.0,2080,43850,0,4230,0,0,4230,48080,21.081731,23.115385,1,2,Women
W02315,PL · Kraków,PL,Customer Service,L4,Customer Service L4,Cat E,320,Permanent,Onsite,1.0,2080,35950,3600,0,0,0,3600,39550,17.283654,19.014423,1,3,Men
W02316,PL · Kraków,PL,HR,L1,HR L1,Cat A,115,Fixed-term,Remote,1.0,2080,19300,0,0,0,0,0,19300,9.278846,9.278846,0,1,Men
W02318,DE · Munich,DE,Customer Service,L2,Customer Service L2,Cat C,210,Fixed-term,Onsite,1.0,2080,43050,0,0,1800,0,1800,44850,20.697115,21.5625,1,2,Men
W02319,IT · Milan,IT,HR,L3,HR L3,Cat D,255,Fixed-term,Remote,1.0,2080,45600,2350,0,0,0,2350,47950,21.923077,23.052885,1,3,Men
W02320,ES · Barcelona,ES,Customer Service,L3,Customer Service L3,Cat D,280,Fixed-term,Remote,1.0,2080,31500,1780,0,0,0,1780,33280,15.144231,16.0,1,2,Men
W02321,ES · Barcelona,ES,Operations,L3,Operations L3,Cat D,295,Permanent,Hybrid,1.0,2080,39900,0,0,0,0,0,39900,19.182692,19.182692,0,3,Women
W02323,DE · Munich,DE,Operations,L2,Operations L2,Cat C,225,Permanent,Hybrid,1.0,2080,37600,0,0,0,0,0,37600,18.076923,18.076923,0,1,Men
W02324,PL · Kraków,PL,Customer Service,L2,Customer Service L2,Cat C,210,Permanent,Hybrid,0.8,1664,17880,0,0,0,0,0,17880,10.745192,10.745192,0,1,Women
W02326,DE · Munich,DE,Operations,L2,Operations L2,Cat C,225,Permanent,Hybrid,1.0,2080,37650,0,0,0,0,0,37650,18.100962,18.100962,0,1,Women
W02327,DE · Munich,DE,Tech,L2,Tech L2,Cat B,185,Permanent,Hybrid,1.0,2080,52700,0,0,0,0,0,52700,25.336538,25.336538,0,2,Women
W02328,IT · Milan,IT,Customer Service,L2,Customer Service L2,Cat C,210,Fixed-term,Hybrid,0.8,1664,28800,0,0,0,0,0,28800,17.307692,17.307692,0,2,Women
W02329,PL · Kraków,PL,Operations,L2,Operations L2,Cat C,225,Permanent,Onsite,1.0,2080,21450,0,0,840,0,840,22290,10.3125,10.716346,1,1,Men
W02330,IT · Milan,IT,Operations,L4,Operations L4,Cat E,335,Permanent,Hybrid,1.0,2080,43300,1770,0,0,0,1770,45070,20.817308,21.668269,1,3,Women
W02331,PL · Kraków,PL,Tech,L4,Tech L4,Cat E,325,Permanent,Remote,1.0,2080,54850,2110,0,0,0,2110,56960,26.370192,27.384615,1,4,Men
W02332,PL · Kraków,PL,Customer Service,L2,Customer Service L2,Cat C,210,Permanent,Hybrid,1.0,2080,24500,0,0,0,0,0,24500,11.778846,11.778846,0,2,Women
W02333,ES · Barcelona,ES,HR,L3,HR L3,Cat D,255,Permanent,Remote,1.0,2080,40950,2150,0,0,0,2150,43100,19.6875,20.721154,1,3,Men
W02334,DE · Munich,DE,Operations,L1,Operations L1,Cat B,190,Permanent,Hybrid,1.0,2080,32050,0,0,0,0,0,32050,15.408654,15.408654,0,1,Men
W02335,PL · Kraków,PL,HR,L2,HR L2,Cat B,185,Permanent,Onsite,1.0,2080,23550,0,0,0,0,0,23550,11.322115,11.322115,0,1,Women
W02336,IT · Milan,IT,Sales,L4,Sales L4,Cat E,320,Permanent,Remote,1.0,2080,58950,5110,6010,0,0,11120,70070,28.341346,33.6875,1,4,Women
W02337,PL · Kraków,PL,Operations,L1,Operations L1,Cat B,190,Fixed-term,Hybrid,1.0,2080,16050,0,0,0,0,0,16050,7.716346,7.716346,0,1,Men
W02338,DE · Munich,DE,Customer Service,L2,Customer Service L2,Cat C,210,Permanent,Hybrid,1.0,2080,40300,0,0,0,0,0,40300,19.375,19.375,0,1,Women
W02339,IT · Milan,IT,Operations,L4,Operations L4,Cat E,335,Permanent,Onsite,1.0,2080,51950,4640,0,0,0,4640,56590,24.975962,27.206731,1,4,Men
W02340,PL · Kraków,PL,Customer Service,L3,Customer Service L3,Cat D,280,Fixed-term,Hybrid,1.0,2080,34750,930,0,0,0,930,35680,16.706731,17.153846,1,3,Men
W02341,PL · Kraków,PL,Tech,L2,Tech L2,Cat B,185,Permanent,Hybrid,1.0,2080,30700,0,0,0,0,0,30700,14.759615,14.759615,0,3,Men
W02343,PL · Kraków,PL,Operations,L1,Operations L1,Cat B,190,Fixed-term,Onsite,0.8,1664,14840,0,0,672,0,672,15512,8.918269,9.322115,1,1,Women
W02344,PL · Kraków,PL,Finance,L3,Finance L3,Cat D,255,Fixed-term,Remote,1.0,2080,37050,1920,0,0,0,1920,38970,17.8125,18.735577,1,3,Women
W02345,DE · Munich,DE,Customer Service,L2,Customer Service L2,Cat C,210,Permanent,Remote,1.0,2080,41500,0,0,0,0,0,41500,19.951923,19.951923,0,1,Women
W02346,DE · Munich,DE,Sales,L3,Sales L3,Cat D,285,Permanent,Hybrid,1.0,2080,72950,3970,10000,0,0,13970,86920,35.072115,41.788462,1,4,Men
W02347,PL · Kraków,PL,Operations,L5,Operations L5,Cat F,340,Permanent,Onsite,1.0,2080,49200,6190,0,0,4200,10390,59590,23.653846,28.649038,1,4,Women
W02348,PL · Kraków,PL,Tech,L4,Tech L4,Cat E,325,Permanent,Hybrid,1.0,2080,62800,6250,0,0,0,6250,69050,30.192308,33.197115,1,4,Men
W02349,IT · Milan,IT,Customer Service,L3,Customer Service L3,Cat D,280,Permanent,Onsite,1.0,2080,39700,2060,0,1320,0,3380,43080,19.086538,20.711538,1,3,Men
W02350,DE · Munich,DE,Tech,L2,Tech L2,Cat B,185,Permanent,Onsite,1.0,2080,61500,0,0,0,0,0,61500,29.567308,29.567308,0,3,Women
W02353,ES · Barcelona,ES,Sales,L1,Sales L1,Cat A,145,Permanent,Remote,1.0,2080,23300,0,3130,0,0,3130,26430,11.201923,12.706731,1,1,Men
W02354,PL · Kraków,PL,Tech,L5,Tech L5,Cat F,340,Permanent,Hybrid,1.0,2080,70850,13290,0,0,4200,17490,88340,34.0625,42.471154,1,4,Women
W02355,IT · Milan,IT,Customer Service,L3,Customer Service L3,Cat D,280,Fixed-term,Hybrid,1.0,2080,33950,1750,0,0,0,1750,35700,16.322115,17.163462,1,2,Women
W02356,PL · Kraków,PL,Customer Service,L2,Customer Service L2,Cat C,210,Permanent,Hybrid,1.0,2080,24000,0,0,0,0,0,24000,11.538462,11.538462,0,2,Women
W02357,PL · Kraków,PL,Tech,L1,Tech L1,Cat A,150,Fixed-term,Hybrid,1.0,2080,24550,0,0,0,0,0,24550,11.802885,11.802885,0,2,Women
W02359,DE · Munich,DE,Tech,L2,Tech L2,Cat B,185,Permanent,Hybrid,1.0,2080,62950,0,0,0,0,0,62950,30.264423,30.264423,0,3,Women
W02361,DE · Munich,DE,Finance,L1,Finance L1,Cat A,115,Permanent,Hybrid,1.0,2080,40300,0,0,0,0,0,40300,19.375,19.375,0,1,Men
W02362,PL · Kraków,PL,Customer Service,L3,Customer Service L3,Cat D,280,Permanent,Hybrid,1.0,2080,30700,770,0,0,0,770,31470,14.759615,15.129808,1,3,Men
W02363,IT · Milan,IT,Operations,L5,Operations L5,Cat F,340,Permanent,Onsite,1.0,2080,76500,12600,0,0,6000,18600,95100,36.778846,45.721154,1,4,Men
W02364,IT · Milan,IT,Tech,L3,Tech L3,Cat D,255,Fixed-term,Onsite,1.0,2080,45900,1130,0,0,0,1130,47030,22.067308,22.610577,1,3,Women
W02365,PL · Kraków,PL,Finance,L3,Finance L3,Cat D,255,Permanent,Hybrid,1.0,2080,35050,860,0,0,0,860,35910,16.850962,17.264423,1,3,Men
W02366,ES · Barcelona,ES,Sales,L3,Sales L3,Cat D,285,Fixed-term,Hybrid,1.0,2080,38200,2600,5770,0,0,8370,46570,18.365385,22.389423,1,3,Women
W02368,IT · Milan,IT,Customer Service,L3,Customer Service L3,Cat D,280,Permanent,Onsite,1.0,2080,37300,1770,0,1320,0,3090,40390,17.932692,19.418269,1,3,Women
W02369,DE · Munich,DE,Tech,L3,Tech L3,Cat D,255,Permanent,Hybrid,1.0,2080,70550,3140,0,0,0,3140,73690,33.918269,35.427885,1,3,Women
W02370,PL · Kraków,PL,Operations,L1,Operations L1,Cat B,190,Permanent,Hybrid,1.0,2080,23050,0,0,0,0,0,23050,11.081731,11.081731,0,1,Women
W02371,ES · Barcelona,ES,Operations,L5,Operations L5,Cat F,340,Permanent,Onsite,1.0,2080,64600,6720,0,0,5400,12120,76720,31.057692,36.884615,1,4,Men
W02372,DE · Munich,DE,Tech,L4,Tech L4,Cat E,325,Fixed-term,Hybrid,1.0,2080,94400,9490,0,0,0,9490,103890,45.384615,49.947115,1,4,Women
W02374,DE · Munich,DE,Tech,L3,Tech L3,Cat D,255,Permanent,Hybrid,1.0,2080,76400,4360,0,0,0,4360,80760,36.730769,38.826923,1,4,Women
W02375,PL · Kraków,PL,Operations,L1,Operations L1,Cat B,190,Permanent,Remote,1.0,2080,22050,0,0,0,0,0,22050,10.600962,10.600962,0,1,Women
W02376,IT · Milan,IT,Tech,L6,Tech L6,Cat G,410,Permanent,Onsite,1.0,2080,119650,28820,0,0,6000,34820,154470,57.524038,74.264423,1,4,Women
W02377,PL · Kraków,PL,Sales,L3,Sales L3,Cat D,285,Permanent,Hybrid,1.0,2080,36400,2770,5560,0,0,8330,44730,17.5,21.504808,1,4,Men
W02378,ES · Barcelona,ES,Customer Service,L4,Customer Service L4,Cat E,320,Permanent,Onsite,1.0,2080,49800,4640,0,0,0,4640,54440,23.942308,26.173077,1,4,Men
W02379,PL · Kraków,PL,Operations,L2,Operations L2,Cat C,225,Permanent,Remote,1.0,2080,28950,0,0,0,0,0,28950,13.918269,13.918269,0,2,Men
W02380,DE · Munich,DE,Customer Service,L2,Customer Service L2,Cat C,210,Fixed-term,Hybrid,1.0,2080,46450,0,0,0,0,0,46450,22.331731,22.331731,0,2,Men
W02381,PL · Kraków,PL,Tech,L3,Tech L3,Cat D,255,Permanent,Hybrid,1.0,2080,40950,2480,0,0,0,2480,43430,19.6875,20.879808,1,4,Women
W02382,IT · Milan,IT,Customer Service,L1,Customer Service L1,Cat B,175,Permanent,Hybrid,1.0,2080,21850,0,0,0,0,0,21850,10.504808,10.504808,0,1,Women
W02384,IT · Milan,IT,Operations,L2,Operations L2,Cat C,225,Permanent,Onsite,1.0,2080,31350,0,0,1320,0,1320,32670,15.072115,15.706731,1,2,Men
W02385,PL · Kraków,PL,HR,L1,HR L1,Cat A,115,Permanent,Onsite,1.0,2080,19450,0,0,0,0,0,19450,9.350962,9.350962,0,1,Women
W02386,DE · Munich,DE,Tech,L4,Tech L4,Cat E,325,Permanent,Onsite,1.0,2080,98000,7590,0,0,0,7590,105590,47.115385,50.764423,1,4,Men
W02387,ES · Barcelona,ES,Sales,L3,Sales L3,Cat D,285,Permanent,Onsite,1.0,2080,48500,2670,7830,0,0,10500,59000,23.317308,28.365385,1,4,Women
W02388,IT · Milan,IT,Customer Service,L2,Customer Service L2,Cat C,210,Permanent,Remote,1.0,2080,33450,0,0,0,0,0,33450,16.081731,16.081731,0,2,Women
W02389,PL · Kraków,PL,Finance,L3,Finance L3,Cat D,255,Permanent,Hybrid,1.0,2080,39000,2050,0,0,0,2050,41050,18.75,19.735577,1,3,Women
W02390,PL · Kraków,PL,Customer Service,L2,Customer Service L2,Cat C,210,Permanent,Hybrid,1.0,2080,21550,0,0,0,0,0,21550,10.360577,10.360577,0,1,Women
W02391,PL · Kraków,PL,Customer Service,L3,Customer Service L3,Cat D,280,Permanent,Remote,1.0,2080,27450,1780,0,0,0,1780,29230,13.197115,14.052885,1,2,Women
W02392,PL · Kraków,PL,Customer Service,L2,Customer Service L2,Cat C,210,Permanent,Onsite,1.0,2080,23650,0,0,840,0,840,24490,11.370192,11.774038,1,2,Men
W02393,DE · Munich,DE,Sales,L1,Sales L1,Cat A,145,Permanent,Remote,1.0,2080,38600,0,6270,0,0,6270,44870,18.557692,21.572115,1,2,Men
W02394,IT · Milan,IT,Operations,L6,Operations L6,Cat G,410,Fixed-term,Hybrid,1.0,2080,101900,24370,0,0,6000,30370,132270,48.990385,63.591346,1,4,Men
W02397,PL · Kraków,PL,Sales,L4,Sales L4,Cat E,320,Permanent,Remote,1.0,2080,44850,3680,3500,0,0,7180,52030,21.5625,25.014423,1,4,Women
W02398,DE · Munich,DE,Finance,L2,Finance L2,Cat B,185,Fixed-term,Hybrid,1.0,2080,45000,0,0,0,0,0,45000,21.634615,21.634615,0,2,Women
W02399,IT · Milan,IT,Operations,L1,Operations L1,Cat B,190,Permanent,Onsite,1.0,2080,23200,0,0,1320,0,1320,24520,11.153846,11.788462,1,1,Women
W02400,DE · Munich,DE,HR,L2,HR L2,Cat B,185,Fixed-term,Hybrid,1.0,2080,40500,0,0,0,0,0,40500,19.471154,19.471154,0,1,Women
W02401,IT · Milan,IT,Operations,L1,Operations L1,Cat B,190,Permanent,Hybrid,1.0,2080,25850,0,0,0,0,0,25850,12.427885,12.427885,0,1,Women
W02403,DE · Munich,DE,HR,L4,HR L4,Cat E,325,Permanent,Hybrid,1.0,2080,83100,6590,0,0,0,6590,89690,39.951923,43.120192,1,4,Women
W02404,PL · Kraków,PL,Customer Service,L1,Customer Service L1,Cat B,175,Permanent,Hybrid,0.8,1664,16600,0,0,0,0,0,16600,9.975962,9.975962,0,1,Men
W02405,IT · Milan,IT,Finance,L2,Finance L2,Cat B,185,Permanent,Remote,0.8,1664,28640,0,0,0,0,0,28640,17.211538,17.211538,0,2,Men
W02406,IT · Milan,IT,Tech,L1,Tech L1,Cat A,150,Permanent,Onsite,1.0,2080,36950,0,0,0,0,0,36950,17.764423,17.764423,0,2,Men
W02407,ES · Barcelona,ES,Customer Service,L1,Customer Service L1,Cat B,175,Permanent,Hybrid,1.0,2080,22300,0,0,0,0,0,22300,10.721154,10.721154,0,1,Men
W02408,DE · Munich,DE,Finance,L2,Finance L2,Cat B,185,Permanent,Hybrid,1.0,2080,56250,0,0,0,0,0,56250,27.043269,27.043269,0,3,Women
W02409,PL · Kraków,PL,Operations,L2,Operations L2,Cat C,225,Permanent,Remote,1.0,2080,20850,0,0,0,0,0,20850,10.024038,10.024038,0,1,Women
W02410,DE · Munich,DE,Tech,L1,Tech L1,Cat A,150,Permanent,Onsite,1.0,2080,45600,0,0,0,0,0,45600,21.923077,21.923077,0,2,Women
W02411,PL · Kraków,PL,Customer Service,L1,Customer Service L1,Cat B,175,Permanent,Onsite,1.0,2080,16950,0,0,840,0,840,17790,8.149038,8.552885,1,1,Men
W02413,IT · Milan,IT,Tech,L1,Tech L1,Cat A,150,Fixed-term,Hybrid,1.0,2080,32500,0,0,0,0,0,32500,15.625,15.625,0,2,Men
W02416,IT · Milan,IT,Operations,L2,Operations L2,Cat C,225,Permanent,Hybrid,1.0,2080,29100,0,0,0,0,0,29100,13.990385,13.990385,0,2,Men
W02418,PL · Kraków,PL,Operations,L1,Operations L1,Cat B,190,Fixed-term,Onsite,1.0,2080,17750,0,0,840,0,840,18590,8.533654,8.9375,1,1,Women
W02421,ES · Barcelona,ES,Sales,L1,Sales L1,Cat A,145,Permanent,Hybrid,1.0,2080,27250,0,4230,0,0,4230,31480,13.100962,15.134615,1,2,Men
W02422,IT · Milan,IT,Tech,L4,Tech L4,Cat E,325,Permanent,Onsite,1.0,2080,75100,5880,0,0,0,5880,80980,36.105769,38.932692,1,4,Men
W02423,IT · Milan,IT,Tech,L2,Tech L2,Cat B,185,Permanent,Onsite,1.0,2080,36200,0,0,0,0,0,36200,17.403846,17.403846,0,2,Men
W02424,DE · Munich,DE,Customer Service,L3,Customer Service L3,Cat D,280,Permanent,Hybrid,1.0,2080,58950,3960,0,0,0,3960,62910,28.341346,30.245192,1,3,Men
W02425,DE · Munich,DE,Sales,L1,Sales L1,Cat A,145,Permanent,Onsite,1.0,2080,41300,0,8800,0,0,8800,50100,19.855769,24.086538,1,2,Men
W02426,IT · Milan,IT,Sales,L3,Sales L3,Cat D,285,Fixed-term,Onsite,1.0,2080,42350,1930,5250,0,0,7180,49530,20.360577,23.8125,1,3,Men
W02427,PL · Kraków,PL,Customer Service,L2,Customer Service L2,Cat C,210,Permanent,Hybrid,1.0,2080,22000,0,0,0,0,0,22000,10.576923,10.576923,0,1,Women
W02428,PL · Kraków,PL,HR,L3,HR L3,Cat D,255,Permanent,Remote,0.8,1664,30200,1470,0,0,0,1470,31670,18.149038,19.032452,1,3,Women
W02430,DE · Munich,DE,Sales,L2,Sales L2,Cat C,215,Permanent,Onsite,1.0,2080,50150,0,5910,0,0,5910,56060,24.110577,26.951923,1,3,Women
W02431,PL · Kraków,PL,Sales,L1,Sales L1,Cat A,145,Permanent,Remote,1.0,2080,23800,0,2570,0,0,2570,26370,11.442308,12.677885,1,2,Women
W02433,PL · Kraków,PL,Customer Service,L4,Customer Service L4,Cat E,320,Permanent,Remote,1.0,2080,33750,2730,0,0,0,2730,36480,16.225962,17.538462,1,3,Women
W02434,PL · Kraków,PL,Customer Service,L1,Customer Service L1,Cat B,175,Fixed-term,Remote,1.0,2080,21050,0,0,0,0,0,21050,10.120192,10.120192,0,1,Women
W02435,PL · Kraków,PL,Operations,L3,Operations L3,Cat D,295,Permanent,Hybrid,0.8,1664,27760,1390,0,0,0,1390,29150,16.682692,17.518029,1,3,Women
W02437,PL · Kraków,PL,HR,L2,HR L2,Cat B,185,Permanent,Hybrid,1.0,2080,25000,0,0,0,0,0,25000,12.019231,12.019231,0,2,Women
W02439,IT · Milan,IT,Finance,L1,Finance L1,Cat A,115,Permanent,Hybrid,1.0,2080,18850,0,0,0,0,0,18850,9.0625,9.0625,0,1,Women
W02440,PL · Kraków,PL,Finance,L1,Finance L1,Cat A,115,Permanent,Onsite,0.8,1664,17480,0,0,0,0,0,17480,10.504808,10.504808,0,1,Women
W02441,PL · Kraków,PL,Operations,L2,Operations L2,Cat C,225,Permanent,Hybrid,1.0,2080,22800,0,0,0,0,0,22800,10.961538,10.961538,0,1,Men
W02442,ES · Barcelona,ES,Sales,L5,Sales L5,Cat F,340,Permanent,Onsite,1.0,2080,70000,8480,12690,0,5400,26570,96570,33.653846,46.427885,1,4,Men
W02443,IT · Milan,IT,Customer Service,L2,Customer Service L2,Cat C,210,Permanent,Hybrid,1.0,2080,27200,0,0,0,0,0,27200,13.076923,13.076923,0,1,Women
W02444,DE · Munich,DE,Sales,L2,Sales L2,Cat C,215,Permanent,Hybrid,1.0,2080,52000,0,5070,0,0,5070,57070,25.0,27.4375,1,3,Women
W02445,DE · Munich,DE,Customer Service,L2,Customer Service L2,Cat C,210,Fixed-term,Remote,1.0,2080,33800,0,0,0,0,0,33800,16.25,16.25,0,1,Women
W02446,DE · Munich,DE,Finance,L1,Finance L1,Cat A,115,Permanent,Onsite,1.0,2080,43700,0,0,0,0,0,43700,21.009615,21.009615,0,2,Women
W02447,IT · Milan,IT,Tech,L4,Tech L4,Cat E,325,Permanent,Hybrid,1.0,2080,68200,6630,0,0,0,6630,74830,32.788462,35.975962,1,4,Men
W02448,IT · Milan,IT,Operations,L2,Operations L2,Cat C,225,Permanent,Onsite,1.0,2080,35600,0,0,1320,0,1320,36920,17.115385,17.75,1,2,Men
W02449,IT · Milan,IT,Customer Service,L2,Customer Service L2,Cat C,210,Permanent,Onsite,1.0,2080,25650,0,0,1320,0,1320,26970,12.331731,12.966346,1,1,Men
W02450,ES · Barcelona,ES,Tech,L3,Tech L3,Cat D,255,Permanent,Onsite,1.0,2080,40800,2170,0,0,0,2170,42970,19.615385,20.658654,1,3,Men
W02451,PL · Kraków,PL,Tech,L3,Tech L3,Cat D,255,Permanent,Remote,1.0,2080,33850,1700,0,0,0,1700,35550,16.274038,17.091346,1,3,Women
W02452,DE · Munich,DE,Operations,L2,Operations L2,Cat C,225,Permanent,Hybrid,0.8,1664,35280,0,0,0,0,0,35280,21.201923,21.201923,0,2,Women
W02453,DE · Munich,DE,Finance,L1,Finance L1,Cat A,115,Permanent,Onsite,1.0,2080,51100,0,0,0,0,0,51100,24.567308,24.567308,0,2,Men
W02455,IT · Milan,IT,Tech,L1,Tech L1,Cat A,150,Permanent,Hybrid,1.0,2080,32950,0,0,0,0,0,32950,15.841346,15.841346,0,2,Men
W02456,IT · Milan,IT,Customer Service,L2,Customer Service L2,Cat C,210,Fixed-term,Hybrid,1.0,2080,29950,0,0,0,0,0,29950,14.399038,14.399038,0,2,Women
W02457,ES · Barcelona,ES,Customer Service,L5,Customer Service L5,Cat F,340,Permanent,Onsite,1.0,2080,68100,3910,0,0,5400,9310,77410,32.740385,37.216346,1,4,Men
W02458,PL · Kraków,PL,Tech,L3,Tech L3,Cat D,255,Fixed-term,Hybrid,1.0,2080,44000,2270,0,0,0,2270,46270,21.153846,22.245192,1,4,Women
W02459,PL · Kraków,PL,Customer Service,L1,Customer Service L1,Cat B,175,Permanent,Onsite,1.0,2080,16650,0,0,840,0,840,17490,8.004808,8.408654,1,1,Men
W02460,DE · Munich,DE,Tech,L1,Tech L1,Cat A,150,Permanent,Hybrid,1.0,2080,51600,0,0,0,0,0,51600,24.807692,24.807692,0,2,Men
W02462,IT · Milan,IT,Operations,L1,Operations L1,Cat B,190,Permanent,Onsite,1.0,2080,25400,0,0,1320,0,1320,26720,12.211538,12.846154,1,1,Men
W02463,IT · Milan,IT,Operations,L3,Operations L3,Cat D,295,Permanent,Hybrid,0.8,1664,34800,2250,0,0,0,2250,37050,20.913462,22.265625,1,3,Women
W02465,IT · Milan,IT,Tech,L1,Tech L1,Cat A,150,Permanent,Hybrid,1.0,2080,33450,0,0,0,0,0,33450,16.081731,16.081731,0,2,Men
W02466,DE · Munich,DE,Finance,L1,Finance L1,Cat A,115,Permanent,Onsite,1.0,2080,42050,0,0,0,0,0,42050,20.216346,20.216346,0,1,Men
W02468,DE · Munich,DE,Customer Service,L2,Customer Service L2,Cat C,210,Permanent,Onsite,1.0,2080,39700,0,0,1800,0,1800,41500,19.086538,19.951923,1,1,Women
W02469,IT · Milan,IT,Customer Service,L3,Customer Service L3,Cat D,280,Permanent,Hybrid,1.0,2080,37200,1770,0,0,0,1770,38970,17.884615,18.735577,1,3,Women
W02470,DE · Munich,DE,Customer Service,L2,Customer Service L2,Cat C,210,Permanent,Onsite,1.0,2080,43100,0,0,1800,0,1800,44900,20.721154,21.586538,1,2,Men
W02472,IT · Milan,IT,Tech,L2,Tech L2,Cat B,185,Permanent,Hybrid,1.0,2080,47600,0,0,0,0,0,47600,22.884615,22.884615,0,3,Women
W02473,DE · Munich,DE,HR,L2,HR L2,Cat B,185,Fixed-term,Remote,1.0,2080,47500,0,0,0,0,0,47500,22.836538,22.836538,0,2,Women
W02474,PL · Kraków,PL,Customer Service,L4,Customer Service L4,Cat E,320,Permanent,Onsite,1.0,2080,36100,3460,0,0,0,3460,39560,17.355769,19.019231,1,3,Women
W02475,DE · Munich,DE,Customer Service,L4,Customer Service L4,Cat E,320,Permanent,Hybrid,1.0,2080,65750,2860,0,0,0,2860,68610,31.610577,32.985577,1,3,Women
W02476,ES · Barcelona,ES,Operations,L2,Operations L2,Cat C,225,Permanent,Hybrid,1.0,2080,27100,0,0,0,0,0,27100,13.028846,13.028846,0,1,Women
W02477,PL · Kraków,PL,Tech,L3,Tech L3,Cat D,255,Fixed-term,Hybrid,1.0,2080,35850,1780,0,0,0,1780,37630,17.235577,18.091346,1,3,Men
W02478,IT · Milan,IT,Tech,L1,Tech L1,Cat A,150,Permanent,Onsite,1.0,2080,37450,0,0,0,0,0,37450,18.004808,18.004808,0,3,Women
W02479,DE · Munich,DE,Operations,L2,Operations L2,Cat C,225,Fixed-term,Hybrid,1.0,2080,39100,0,0,0,0,0,39100,18.798077,18.798077,0,1,Women
W02480,IT · Milan,IT,Customer Service,L2,Customer Service L2,Cat C,210,Permanent,Remote,1.0,2080,26300,0,0,0,0,0,26300,12.644231,12.644231,0,1,Women
W02482,PL · Kraków,PL,Customer Service,L1,Customer Service L1,Cat B,175,Fixed-term,Hybrid,1.0,2080,18050,0,0,0,0,0,18050,8.677885,8.677885,0,1,Women
W02483,DE · Munich,DE,Operations,L5,Operations L5,Cat F,340,Permanent,Remote,1.0,2080,84950,9820,0,0,7200,17020,101970,40.841346,49.024038,1,4,Women
W02484,IT · Milan,IT,Tech,L3,Tech L3,Cat D,255,Permanent,Onsite,1.0,2080,54650,2680,0,0,0,2680,57330,26.274038,27.5625,1,4,Women
W02485,IT · Milan,IT,Customer Service,L1,Customer Service L1,Cat B,175,Permanent,Onsite,1.0,2080,24450,0,0,1320,0,1320,25770,11.754808,12.389423,1,1,Women
W02486,DE · Munich,DE,Customer Service,L1,Customer Service L1,Cat B,175,Fixed-term,Hybrid,1.0,2080,32750,0,0,0,0,0,32750,15.745192,15.745192,0,1,Men
W02487,IT · Milan,IT,Operations,L1,Operations L1,Cat B,190,Fixed-term,Hybrid,1.0,2080,22000,0,0,0,0,0,22000,10.576923,10.576923,0,1,Men
W02488,PL · Kraków,PL,Operations,L5,Operations L5,Cat F,340,Permanent,Hybrid,1.0,2080,40750,6320,0,0,4200,10520,51270,19.591346,24.649038,1,4,Women
W02489,IT · Milan,IT,Operations,L1,Operations L1,Cat B,190,Permanent,Onsite,1.0,2080,24300,0,0,1320,0,1320,25620,11.682692,12.317308,1,1,Women
W02490,IT · Milan,IT,Tech,L5,Tech L5,Cat F,340,Permanent,Onsite,1.0,2080,109450,0,0,0,6000,6000,115450,52.620192,55.504808,1,4,Men
W02491,DE · Munich,DE,Customer Service,L3,Customer Service L3,Cat D,280,Permanent,Hybrid,1.0,2080,54200,3530,0,0,0,3530,57730,26.057692,27.754808,1,3,Men
W02492,PL · Kraków,PL,Sales,L4,Sales L4,Cat E,320,Fixed-term,Remote,1.0,2080,53900,2380,6140,0,0,8520,62420,25.913462,30.009615,1,4,Men
W02493,IT · Milan,IT,Customer Service,L2,Customer Service L2,Cat C,210,Permanent,Hybrid,1.0,2080,31750,0,0,0,0,0,31750,15.264423,15.264423,0,2,Men
W02494,PL · Kraków,PL,HR,L2,HR L2,Cat B,185,Permanent,Hybrid,1.0,2080,27950,0,0,0,0,0,27950,13.4375,13.4375,0,2,Women
W02495,DE · Munich,DE,Customer Service,L4,Customer Service L4,Cat E,320,Permanent,Hybrid,1.0,2080,75800,6580,0,0,0,6580,82380,36.442308,39.605769,1,4,Women
W02497,IT · Milan,IT,Customer Service,L1,Customer Service L1,Cat B,175,Permanent,Remote,1.0,2080,21100,0,0,0,0,0,21100,10.144231,10.144231,0,1,Women
W02498,DE · Munich,DE,Sales,L1,Sales L1,Cat A,145,Permanent,Hybrid,0.8,1664,33080,0,5360,0,0,5360,38440,19.879808,23.100962,1,2,Women
W02499,DE · Munich,DE,Tech,L5,Tech L5,Cat F,340,Permanent,Hybrid,1.0,2080,136850,16650,0,0,7200,23850,160700,65.793269,77.259615,1,4,Men
W02500,DE · Munich,DE,Customer Service,L3,Customer Service L3,Cat D,280,Permanent,Onsite,1.0,2080,53450,3260,0,1800,0,5060,58510,25.697115,28.129808,1,3,Women
W02501,DE · Munich,DE,Operations,L2,Operations L2,Cat C,225,Fixed-term,Hybrid,0.8,1664,33520,0,0,0,0,0,33520,20.144231,20.144231,0,1,Women
W02503,PL · Kraków,PL,Customer Service,L4,Customer Service L4,Cat E,320,Permanent,Hybrid,1.0,2080,39400,3180,0,0,0,3180,42580,18.942308,20.471154,1,4,Men
W02504,ES · Barcelona,ES,Finance,L1,Finance L1,Cat A,115,Permanent,Hybrid,1.0,2080,27200,0,0,0,0,0,27200,13.076923,13.076923,0,1,Men
W02506,DE · Munich,DE,Operations,L2,Operations L2,Cat C,225,Permanent,Hybrid,1.0,2080,45600,0,0,0,0,0,45600,21.923077,21.923077,0,2,Men
W02507,DE · Munich,DE,Operations,L3,Operations L3,Cat D,295,Permanent,Onsite,1.0,2080,60050,3340,0,1800,0,5140,65190,28.870192,31.341346,1,3,Men
W02508,ES · Barcelona,ES,Operations,L4,Operations L4,Cat E,335,Permanent,Hybrid,1.0,2080,46950,3190,0,0,0,3190,50140,22.572115,24.105769,1,4,Women
W02509,DE · Munich,DE,Sales,L1,Sales L1,Cat A,145,Permanent,Onsite,1.0,2080,40450,0,3650,0,0,3650,44100,19.447115,21.201923,1,2,Men
W02510,DE · Munich,DE,Operations,L1,Operations L1,Cat B,190,Permanent,Hybrid,1.0,2080,33300,0,0,0,0,0,33300,16.009615,16.009615,0,1,Men
W02512,DE · Munich,DE,HR,L1,HR L1,Cat A,115,Permanent,Hybrid,1.0,2080,36800,0,0,0,0,0,36800,17.692308,17.692308,0,1,Women
W02513,ES · Barcelona,ES,Sales,L1,Sales L1,Cat A,145,Permanent,Remote,1.0,2080,25750,0,2510,0,0,2510,28260,12.379808,13.586538,1,2,Women
W02514,PL · Kraków,PL,Sales,L3,Sales L3,Cat D,285,Permanent,Hybrid,1.0,2080,36750,2220,3460,0,0,5680,42430,17.668269,20.399038,1,4,Women
W02515,PL · Kraków,PL,Customer Service,L1,Customer Service L1,Cat B,175,Permanent,Remote,1.0,2080,16650,0,0,0,0,0,16650,8.004808,8.004808,0,1,Women
W02516,IT · Milan,IT,Customer Service,L1,Customer Service L1,Cat B,175,Permanent,Hybrid,1.0,2080,24350,0,0,0,0,0,24350,11.706731,11.706731,0,1,Women
W02517,IT · Milan,IT,Finance,L1,Finance L1,Cat A,115,Permanent,Onsite,1.0,2080,29300,0,0,0,0,0,29300,14.086538,14.086538,0,2,Women
W02518,PL · Kraków,PL,Customer Service,L2,Customer Service L2,Cat C,210,Permanent,Hybrid,0.8,1664,22280,0,0,0,0,0,22280,13.389423,13.389423,0,2,Men
W02519,IT · Milan,IT,Operations,L1,Operations L1,Cat B,190,Permanent,Hybrid,1.0,2080,21000,0,0,0,0,0,21000,10.096154,10.096154,0,1,Women
W02520,ES · Barcelona,ES,HR,L1,HR L1,Cat A,115,Permanent,Hybrid,0.8,1664,22000,0,0,0,0,0,22000,13.221154,13.221154,0,1,Women
W02521,DE · Munich,DE,Operations,L4,Operations L4,Cat E,335,Permanent,Hybrid,1.0,2080,62800,4980,0,0,0,4980,67780,30.192308,32.586538,1,3,Men
W02522,DE · Munich,DE,Tech,L1,Tech L1,Cat A,150,Permanent,Onsite,1.0,2080,49300,0,0,0,0,0,49300,23.701923,23.701923,0,2,Women
W02523,DE · Munich,DE,Customer Service,L3,Customer Service L3,Cat D,280,Fixed-term,Onsite,1.0,2080,47500,2320,0,1800,0,4120,51620,22.836538,24.817308,1,2,Men
W02525,IT · Milan,IT,Finance,L1,Finance L1,Cat A,115,Permanent,Hybrid,1.0,2080,25000,0,0,0,0,0,25000,12.019231,12.019231,0,1,Women
W02526,DE · Munich,DE,Tech,L1,Tech L1,Cat A,150,Permanent,Hybrid,1.0,2080,53100,0,0,0,0,0,53100,25.528846,25.528846,0,2,Men
W02527,IT · Milan,IT,Operations,L5,Operations L5,Cat F,340,Permanent,Remote,1.0,2080,80200,13970,0,0,6000,19970,100170,38.557692,48.158654,1,4,Women
W02528,ES · Barcelona,ES,Tech,L1,Tech L1,Cat A,150,Permanent,Hybrid,1.0,2080,26850,0,0,0,0,0,26850,12.908654,12.908654,0,1,Women
W02529,PL · Kraków,PL,HR,L1,HR L1,Cat A,115,Permanent,Hybrid,1.0,2080,19300,0,0,0,0,0,19300,9.278846,9.278846,0,1,Women
W02530,IT · Milan,IT,Tech,L1,Tech L1,Cat A,150,Fixed-term,Remote,0.8,1664,25640,0,0,0,0,0,25640,15.408654,15.408654,0,2,Women
W02531,IT · Milan,IT,Customer Service,L1,Customer Service L1,Cat B,175,Permanent,Hybrid,1.0,2080,17900,0,0,0,0,0,17900,8.605769,8.605769,0,1,Women
W02532,IT · Milan,IT,Operations,L2,Operations L2,Cat C,225,Fixed-term,Hybrid,1.0,2080,26000,0,0,0,0,0,26000,12.5,12.5,0,1,Women
W02533,DE · Munich,DE,Customer Service,L4,Customer Service L4,Cat E,320,Permanent,Hybrid,1.0,2080,75400,6220,0,0,0,6220,81620,36.25,39.240385,1,4,Women
W02534,IT · Milan,IT,Customer Service,L3,Customer Service L3,Cat D,280,Permanent,Hybrid,1.0,2080,35300,2220,0,0,0,2220,37520,16.971154,18.038462,1,3,Women
W02536,DE · Munich,DE,Customer Service,L1,Customer Service L1,Cat B,175,Permanent,Hybrid,1.0,2080,35100,0,0,0,0,0,35100,16.875,16.875,0,1,Men
W02537,IT · Milan,IT,Tech,L2,Tech L2,Cat B,185,Fixed-term,Hybrid,1.0,2080,41650,0,0,0,0,0,41650,20.024038,20.024038,0,3,Men
W02538,DE · Munich,DE,Finance,L1,Finance L1,Cat A,115,Permanent,Remote,1.0,2080,35450,0,0,0,0,0,35450,17.043269,17.043269,0,1,Men
W02540,DE · Munich,DE,Finance,L3,Finance L3,Cat D,255,Permanent,Hybrid,1.0,2080,61350,3610,0,0,0,3610,64960,29.495192,31.230769,1,3,Men
W02541,IT · Milan,IT,Sales,L3,Sales L3,Cat D,285,Fixed-term,Hybrid,1.0,2080,47800,2240,4550,0,0,6790,54590,22.980769,26.245192,1,4,Women
W02542,ES · Barcelona,ES,Customer Service,L3,Customer Service L3,Cat D,280,Permanent,Remote,1.0,2080,35600,1750,0,0,0,1750,37350,17.115385,17.956731,1,3,Women
W02543,DE · Munich,DE,Finance,L2,Finance L2,Cat B,185,Permanent,Onsite,1.0,2080,51800,0,0,0,0,0,51800,24.903846,24.903846,0,2,Women
W02544,ES · Barcelona,ES,Sales,L2,Sales L2,Cat C,215,Permanent,Hybrid,1.0,2080,36850,0,6990,0,0,6990,43840,17.716346,21.076923,1,3,Men
W02545,IT · Milan,IT,Customer Service,L3,Customer Service L3,Cat D,280,Permanent,Onsite,1.0,2080,38300,0,0,1320,0,1320,39620,18.413462,19.048077,1,3,Women
W02546,DE · Munich,DE,Finance,L1,Finance L1,Cat A,115,Permanent,Hybrid,1.0,2080,39950,0,0,0,0,0,39950,19.206731,19.206731,0,1,Men
W02547,DE · Munich,DE,Sales,L3,Sales L3,Cat D,285,Permanent,Hybrid,1.0,2080,60150,3440,7550,0,0,10990,71140,28.918269,34.201923,1,3,Women
W02548,PL · Kraków,PL,Customer Service,L3,Customer Service L3,Cat D,280,Permanent,Hybrid,1.0,2080,28900,2080,0,0,0,2080,30980,13.894231,14.894231,1,3,Women
W02549,IT · Milan,IT,HR,L3,HR L3,Cat D,255,Permanent,Remote,1.0,2080,41700,3170,0,0,0,3170,44870,20.048077,21.572115,1,3,Women
W02550,PL · Kraków,PL,Operations,L1,Operations L1,Cat B,190,Fixed-term,Hybrid,1.0,2080,20250,0,0,0,0,0,20250,9.735577,9.735577,0,1,Women
W02551,IT · Milan,IT,Sales,L1,Sales L1,Cat A,145,Permanent,Hybrid,1.0,2080,26050,0,3830,0,0,3830,29880,12.524038,14.365385,1,2,Women
W02553,PL · Kraków,PL,Tech,L5,Tech L5,Cat F,340,Permanent,Onsite,1.0,2080,84800,13000,0,0,4200,17200,102000,40.769231,49.038462,1,4,Men
W02554,PL · Kraków,PL,Operations,L2,Operations L2,Cat C,225,Permanent,Hybrid,1.0,2080,25700,0,0,0,0,0,25700,12.355769,12.355769,0,2,Women
W02555,DE · Munich,DE,HR,L1,HR L1,Cat A,115,Permanent,Hybrid,1.0,2080,41350,0,0,0,0,0,41350,19.879808,19.879808,0,1,Women
W02556,PL · Kraków,PL,Tech,L1,Tech L1,Cat A,150,Permanent,Onsite,1.0,2080,25300,0,0,0,0,0,25300,12.163462,12.163462,0,2,Men
W02557,ES · Barcelona,ES,Sales,L4,Sales L4,Cat E,320,Fixed-term,Onsite,1.0,2080,40950,3300,6190,0,0,9490,50440,19.6875,24.25,1,4,Men
W02558,ES · Barcelona,ES,Customer Service,L1,Customer Service L1,Cat B,175,Permanent,Hybrid,1.0,2080,25450,0,0,0,0,0,25450,12.235577,12.235577,0,1,Women
W02559,PL · Kraków,PL,Operations,L1,Operations L1,Cat B,190,Permanent,Onsite,1.0,2080,19700,0,0,840,0,840,20540,9.471154,9.875,1,1,Men
W02561,IT · Milan,IT,Operations,L5,Operations L5,Cat F,340,Permanent,Hybrid,1.0,2080,75650,4360,0,0,6000,10360,86010,36.370192,41.350962,1,4,Men
W02563,IT · Milan,IT,Finance,L2,Finance L2,Cat B,185,Fixed-term,Hybrid,1.0,2080,35450,0,0,0,0,0,35450,17.043269,17.043269,0,2,Women
W02564,DE · Munich,DE,Customer Service,L1,Customer Service L1,Cat B,175,Permanent,Hybrid,1.0,2080,40950,0,0,0,0,0,40950,19.6875,19.6875,0,1,Men
W02565,DE · Munich,DE,HR,L4,HR L4,Cat E,325,Permanent,Onsite,1.0,2080,75450,6850,0,0,0,6850,82300,36.274038,39.567308,1,4,Women
W02568,ES · Barcelona,ES,Sales,L4,Sales L4,Cat E,320,Permanent,Remote,1.0,2080,49350,3800,5210,0,0,9010,58360,23.725962,28.057692,1,4,Men
W02569,IT · Milan,IT,Operations,L5,Operations L5,Cat F,340,Permanent,Onsite,1.0,2080,75100,9010,0,0,6000,15010,90110,36.105769,43.322115,1,4,Men
W02570,IT · Milan,IT,Customer Service,L3,Customer Service L3,Cat D,280,Fixed-term,Onsite,1.0,2080,37000,1830,0,1320,0,3150,40150,17.788462,19.302885,1,3,Women
W02571,IT · Milan,IT,Tech,L3,Tech L3,Cat D,255,Permanent,Remote,1.0,2080,44950,2600,0,0,0,2600,47550,21.610577,22.860577,1,3,Men
W02573,PL · Kraków,PL,Sales,L2,Sales L2,Cat C,215,Fixed-term,Hybrid,0.8,1664,21560,0,4200,0,0,4200,25760,12.956731,15.480769,1,3,Men
W02575,IT · Milan,IT,Operations,L1,Operations L1,Cat B,190,Permanent,Remote,1.0,2080,24050,0,0,0,0,0,24050,11.5625,11.5625,0,1,Women
W02576,ES · Barcelona,ES,Sales,L2,Sales L2,Cat C,215,Permanent,Onsite,1.0,2080,40900,0,6370,0,0,6370,47270,19.663462,22.725962,1,3,Women
W02577,PL · Kraków,PL,Customer Service,L2,Customer Service L2,Cat C,210,Permanent,Hybrid,1.0,2080,23200,0,0,0,0,0,23200,11.153846,11.153846,0,1,Women
W02579,IT · Milan,IT,Operations,L4,Operations L4,Cat E,335,Permanent,Onsite,1.0,2080,50750,5010,0,0,0,5010,55760,24.399038,26.807692,1,4,Men
W02580,PL · Kraków,PL,Finance,L2,Finance L2,Cat B,185,Permanent,Hybrid,1.0,2080,29600,0,0,0,0,0,29600,14.230769,14.230769,0,2,Men
W02581,PL · Kraków,PL,Tech,L2,Tech L2,Cat B,185,Permanent,Hybrid,1.0,2080,30100,0,0,0,0,0,30100,14.471154,14.471154,0,3,Women
W02582,IT · Milan,IT,Sales,L3,Sales L3,Cat D,285,Permanent,Remote,0.8,1664,39000,1790,4190,0,0,5980,44980,23.4375,27.03125,1,4,Women
W02584,PL · Kraków,PL,Customer Service,L5,Customer Service L5,Cat F,340,Permanent,Remote,0.8,1664,44480,7410,0,0,4200,11610,56090,26.730769,33.707933,1,4,Women
W02585,PL · Kraków,PL,Operations,L3,Operations L3,Cat D,295,Permanent,Hybrid,1.0,2080,22900,580,0,0,0,580,23480,11.009615,11.288462,1,1,Men
W02587,IT · Milan,IT,Finance,L1,Finance L1,Cat A,115,Permanent,Remote,1.0,2080,30350,0,0,0,0,0,30350,14.591346,14.591346,0,2,Women
W02588,ES · Barcelona,ES,HR,L1,HR L1,Cat A,115,Permanent,Hybrid,1.0,2080,25100,0,0,0,0,0,25100,12.067308,12.067308,0,1,Women
W02589,PL · Kraków,PL,Customer Service,L5,Customer Service L5,Cat F,340,Permanent,Hybrid,1.0,2080,53350,6500,0,0,4200,10700,64050,25.649038,30.793269,1,4,Women
W02590,IT · Milan,IT,Tech,L1,Tech L1,Cat A,150,Permanent,Hybrid,1.0,2080,29200,0,0,0,0,0,29200,14.038462,14.038462,0,2,Women
W02591,IT · Milan,IT,Operations,L1,Operations L1,Cat B,190,Permanent,Remote,1.0,2080,23300,0,0,0,0,0,23300,11.201923,11.201923,0,1,Men
W02592,IT · Milan,IT,Customer Service,L4,Customer Service L4,Cat E,320,Permanent,Hybrid,1.0,2080,45150,3560,0,0,0,3560,48710,21.706731,23.418269,1,3,Women
W02593,PL · Kraków,PL,Tech,L3,Tech L3,Cat D,255,Permanent,Hybrid,1.0,2080,44100,2100,0,0,0,2100,46200,21.201923,22.211538,1,4,Men
W02594,IT · Milan,IT,Operations,L3,Operations L3,Cat D,295,Fixed-term,Onsite,1.0,2080,39200,1930,0,1320,0,3250,42450,18.846154,20.408654,1,3,Men
W02595,ES · Barcelona,ES,Operations,L5,Operations L5,Cat F,340,Fixed-term,Hybrid,1.0,2080,69300,8080,0,0,5400,13480,82780,33.317308,39.798077,1,4,Men
W02596,IT · Milan,IT,Sales,L5,Sales L5,Cat F,340,Fixed-term,Hybrid,1.0,2080,72350,9740,12480,0,6000,28220,100570,34.783654,48.350962,1,4,Men
W02597,PL · Kraków,PL,Tech,L5,Tech L5,Cat F,340,Permanent,Hybrid,1.0,2080,76650,10050,0,0,4200,14250,90900,36.850962,43.701923,1,4,Men
W02599,DE · Munich,DE,Finance,L2,Finance L2,Cat B,185,Permanent,Hybrid,1.0,2080,53550,0,0,0,0,0,53550,25.745192,25.745192,0,2,Men
W02600,PL · Kraków,PL,Customer Service,L1,Customer Service L1,Cat B,175,Permanent,Hybrid,1.0,2080,18900,0,0,0,0,0,18900,9.086538,9.086538,0,1,Women
W02601,IT · Milan,IT,Operations,L2,Operations L2,Cat C,225,Permanent,Hybrid,1.0,2080,29200,0,0,0,0,0,29200,14.038462,14.038462,0,2,Men
W02602,DE · Munich,DE,Tech,L3,Tech L3,Cat D,255,Permanent,Hybrid,1.0,2080,75700,3480,0,0,0,3480,79180,36.394231,38.067308,1,4,Men
W02603,IT · Milan,IT,Operations,L4,Operations L4,Cat E,335,Permanent,Remote,1.0,2080,49300,3570,0,0,0,3570,52870,23.701923,25.418269,1,4,Women
W02604,IT · Milan,IT,Operations,L1,Operations L1,Cat B,190,Permanent,Onsite,1.0,2080,25950,0,0,1320,0,1320,27270,12.475962,13.110577,1,1,Men
W02605,PL · Kraków,PL,Operations,L5,Operations L5,Cat F,340,Permanent,Onsite,1.0,2080,60700,3880,0,0,4200,8080,68780,29.182692,33.067308,1,4,Men
W02607,IT · Milan,IT,Tech,L2,Tech L2,Cat B,185,Permanent,Remote,1.0,2080,41850,0,0,0,0,0,41850,20.120192,20.120192,0,3,Men
W02608,PL · Kraków,PL,Customer Service,L3,Customer Service L3,Cat D,280,Permanent,Remote,0.8,1664,23480,1110,0,0,0,1110,24590,14.110577,14.777644,1,3,Women
W02609,IT · Milan,IT,Sales,L1,Sales L1,Cat A,145,Permanent,Hybrid,1.0,2080,25450,0,3480,0,0,3480,28930,12.235577,13.908654,1,2,Men
W02610,IT · Milan,IT,Sales,L2,Sales L2,Cat C,215,Permanent,Hybrid,1.0,2080,29900,0,2880,0,0,2880,32780,14.375,15.759615,1,2,Women
W02612,IT · Milan,IT,Customer Service,L3,Customer Service L3,Cat D,280,Permanent,Hybrid,1.0,2080,43950,1990,0,0,0,1990,45940,21.129808,22.086538,1,3,Women
W02613,IT · Milan,IT,Customer Service,L2,Customer Service L2,Cat C,210,Permanent,Hybrid,1.0,2080,32850,0,0,0,0,0,32850,15.793269,15.793269,0,2,Men
W02614,PL · Kraków,PL,Operations,L1,Operations L1,Cat B,190,Fixed-term,Onsite,1.0,2080,16900,0,0,840,0,840,17740,8.125,8.528846,1,1,Men
W02615,DE · Munich,DE,Operations,L2,Operations L2,Cat C,225,Permanent,Remote,1.0,2080,39900,0,0,0,0,0,39900,19.182692,19.182692,0,1,Men
W02616,ES · Barcelona,ES,Sales,L6,Sales L6,Cat G,410,Fixed-term,Remote,1.0,2080,122650,23960,20560,0,5400,49920,172570,58.966346,82.966346,1,4,Men
W02619,DE · Munich,DE,Finance,L2,Finance L2,Cat B,185,Fixed-term,Hybrid,1.0,2080,64750,0,0,0,0,0,64750,31.129808,31.129808,0,3,Men
W02620,IT · Milan,IT,Finance,L3,Finance L3,Cat D,255,Permanent,Hybrid,1.0,2080,45750,0,0,0,0,0,45750,21.995192,21.995192,0,3,Men
W02621,IT · Milan,IT,Customer Service,L2,Customer Service L2,Cat C,210,Permanent,Hybrid,1.0,2080,29800,0,0,0,0,0,29800,14.326923,14.326923,0,2,Men
W02622,PL · Kraków,PL,Tech,L3,Tech L3,Cat D,255,Permanent,Hybrid,1.0,2080,47850,3040,0,0,0,3040,50890,23.004808,24.466346,1,4,Men
W02623,ES · Barcelona,ES,Sales,L4,Sales L4,Cat E,320,Permanent,Hybrid,1.0,2080,45950,3510,5070,0,0,8580,54530,22.091346,26.216346,1,4,Men
W02624,IT · Milan,IT,Sales,L4,Sales L4,Cat E,320,Permanent,Hybrid,1.0,2080,62500,5190,10160,0,0,15350,77850,30.048077,37.427885,1,4,Women
W02625,IT · Milan,IT,Operations,L1,Operations L1,Cat B,190,Fixed-term,Hybrid,1.0,2080,27950,0,0,0,0,0,27950,13.4375,13.4375,0,1,Women
W02626,ES · Barcelona,ES,Tech,L4,Tech L4,Cat E,325,Fixed-term,Hybrid,1.0,2080,50450,5050,0,0,0,5050,55500,24.254808,26.682692,1,4,Women
W02627,IT · Milan,IT,Customer Service,L2,Customer Service L2,Cat C,210,Permanent,Hybrid,1.0,2080,27950,0,0,0,0,0,27950,13.4375,13.4375,0,1,Men
W02628,ES · Barcelona,ES,Tech,L2,Tech L2,Cat B,185,Permanent,Hybrid,1.0,2080,38950,0,0,0,0,0,38950,18.725962,18.725962,0,3,Women
W02632,DE · Munich,DE,Customer Service,L1,Customer Service L1,Cat B,175,Fixed-term,Onsite,0.8,1664,23600,0,0,1440,0,1440,25040,14.182692,15.048077,1,1,Women
W02633,PL · Kraków,PL,Sales,L2,Sales L2,Cat C,215,Fixed-term,Hybrid,1.0,2080,19350,0,3710,0,0,3710,23060,9.302885,11.086538,1,1,Men
W02634,IT · Milan,IT,Sales,L3,Sales L3,Cat D,285,Permanent,Hybrid,1.0,2080,43950,1130,3580,0,0,4710,48660,21.129808,23.394231,1,3,Women
W02638,IT · Milan,IT,Tech,L5,Tech L5,Cat F,340,Fixed-term,Hybrid,1.0,2080,86600,10710,0,0,6000,16710,103310,41.634615,49.668269,1,4,Men
W02639,ES · Barcelona,ES,Finance,L2,Finance L2,Cat B,185,Fixed-term,Onsite,1.0,2080,33800,0,0,0,0,0,33800,16.25,16.25,0,2,Men
W02640,IT · Milan,IT,Finance,L4,Finance L4,Cat E,325,Permanent,Remote,1.0,2080,57300,4530,0,0,0,4530,61830,27.548077,29.725962,1,4,Men
W02641,IT · Milan,IT,Customer Service,L4,Customer Service L4,Cat E,320,Permanent,Hybrid,1.0,2080,42450,4070,0,0,0,4070,46520,20.408654,22.365385,1,3,Women
W02642,PL · Kraków,PL,Sales,L1,Sales L1,Cat A,145,Permanent,Remote,1.0,2080,21950,0,2480,0,0,2480,24430,10.552885,11.745192,1,2,Women
W02643,DE · Munich,DE,Operations,L3,Operations L3,Cat D,295,Permanent,Onsite,1.0,2080,68200,3210,0,1800,0,5010,73210,32.788462,35.197115,1,3,Men
W02644,DE · Munich,DE,Customer Service,L2,Customer Service L2,Cat C,210,Permanent,Onsite,0.8,1664,33240,0,0,1440,0,1440,34680,19.975962,20.841346,1,2,Women
W02645,DE · Munich,DE,Operations,L2,Operations L2,Cat C,225,Permanent,Onsite,1.0,2080,36850,0,0,1800,0,1800,38650,17.716346,18.581731,1,1,Men
W02647,PL · Kraków,PL,Customer Service,L2,Customer Service L2,Cat C,210,Permanent,Hybrid,1.0,2080,17800,0,0,0,0,0,17800,8.557692,8.557692,0,1,Men
W02648,IT · Milan,IT,Operations,L5,Operations L5,Cat F,340,Permanent,Onsite,1.0,2080,67400,3750,0,0,6000,9750,77150,32.403846,37.091346,1,4,Men
W02649,DE · Munich,DE,Customer Service,L5,Customer Service L5,Cat F,340,Permanent,Hybrid,1.0,2080,98350,5510,0,0,7200,12710,111060,47.283654,53.394231,1,4,Men
W02650,IT · Milan,IT,Customer Service,L3,Customer Service L3,Cat D,280,Permanent,Onsite,1.0,2080,32250,1460,0,1320,0,2780,35030,15.504808,16.841346,1,2,Women
W02651,IT · Milan,IT,Tech,L5,Tech L5,Cat F,340,Permanent,Hybrid,1.0,2080,101250,14970,0,0,6000,20970,122220,48.677885,58.759615,1,4,Men
W02653,IT · Milan,IT,Tech,L1,Tech L1,Cat A,150,Permanent,Remote,1.0,2080,35650,0,0,0,0,0,35650,17.139423,17.139423,0,2,Men
W02654,IT · Milan,IT,Sales,L4,Sales L4,Cat E,320,Fixed-term,Onsite,1.0,2080,59200,6110,12060,0,0,18170,77370,28.461538,37.197115,1,4,Men
W02655,IT · Milan,IT,HR,L2,HR L2,Cat B,185,Fixed-term,Hybrid,1.0,2080,34300,0,0,0,0,0,34300,16.490385,16.490385,0,2,Men
W02656,ES · Barcelona,ES,Sales,L1,Sales L1,Cat A,145,Permanent,Remote,1.0,2080,28500,0,5320,0,0,5320,33820,13.701923,16.259615,1,2,Men
W02657,PL · Kraków,PL,Tech,L3,Tech L3,Cat D,255,Fixed-term,Hybrid,1.0,2080,30600,730,0,0,0,730,31330,14.711538,15.0625,1,3,Women
W02658,IT · Milan,IT,Customer Service,L3,Customer Service L3,Cat D,280,Fixed-term,Remote,1.0,2080,38850,2270,0,0,0,2270,41120,18.677885,19.769231,1,3,Men
W02659,IT · Milan,IT,Operations,L6,Operations L6,Cat G,410,Permanent,Onsite,1.0,2080,108150,34450,0,0,6000,40450,148600,51.995192,71.442308,1,4,Men
W02660,IT · Milan,IT,Customer Service,L3,Customer Service L3,Cat D,280,Permanent,Hybrid,1.0,2080,33400,830,0,0,0,830,34230,16.057692,16.456731,1,2,Women
W02661,DE · Munich,DE,Sales,L4,Sales L4,Cat E,320,Permanent,Hybrid,1.0,2080,79900,5840,11590,0,0,17430,97330,38.413462,46.793269,1,4,Men
W02662,IT · Milan,IT,Customer Service,L5,Customer Service L5,Cat F,340,Permanent,Hybrid,1.0,2080,57350,7540,0,0,6000,13540,70890,27.572115,34.081731,1,4,Women
W02663,PL · Kraków,PL,Operations,L5,Operations L5,Cat F,340,Permanent,Hybrid,1.0,2080,48250,6230,0,0,4200,10430,58680,23.197115,28.211538,1,4,Women
W02665,IT · Milan,IT,Tech,L1,Tech L1,Cat A,150,Permanent,Hybrid,1.0,2080,29750,0,0,0,0,0,29750,14.302885,14.302885,0,2,Men
W02666,DE · Munich,DE,Finance,L5,Finance L5,Cat F,340,Fixed-term,Hybrid,1.0,2080,116200,15090,0,0,7200,22290,138490,55.865385,66.581731,1,4,Women
W02667,PL · Kraków,PL,Finance,L5,Finance L5,Cat F,340,Permanent,Onsite,1.0,2080,72700,7610,0,0,4200,11810,84510,34.951923,40.629808,1,4,Women
W02668,PL · Kraków,PL,Operations,L1,Operations L1,Cat B,190,Permanent,Onsite,1.0,2080,19650,0,0,840,0,840,20490,9.447115,9.850962,1,1,Women
W02669,DE · Munich,DE,Finance,L2,Finance L2,Cat B,185,Permanent,Onsite,1.0,2080,49750,0,0,0,0,0,49750,23.918269,23.918269,0,2,Women
W02671,IT · Milan,IT,Tech,L5,Tech L5,Cat F,340,Permanent,Remote,1.0,2080,95400,13860,0,0,6000,19860,115260,45.865385,55.413462,1,4,Men
W02673,IT · Milan,IT,Customer Service,L3,Customer Service L3,Cat D,280,Permanent,Remote,0.8,1664,29160,800,0,0,0,800,29960,17.524038,18.004808,1,3,Men
W02675,DE · Munich,DE,Customer Service,L1,Customer Service L1,Cat B,175,Fixed-term,Hybrid,1.0,2080,29050,0,0,0,0,0,29050,13.966346,13.966346,0,1,Women
W02676,DE · Munich,DE,Operations,L2,Operations L2,Cat C,225,Permanent,Remote,1.0,2080,47850,0,0,0,0,0,47850,23.004808,23.004808,0,2,Men
W02677,PL · Kraków,PL,Finance,L2,Finance L2,Cat B,185,Permanent,Onsite,1.0,2080,25700,0,0,0,0,0,25700,12.355769,12.355769,0,2,Women
W02678,PL · Kraków,PL,Sales,L3,Sales L3,Cat D,285,Permanent,Onsite,1.0,2080,31750,1490,5980,0,0,7470,39220,15.264423,18.855769,1,3,Men
W02679,PL · Kraków,PL,Customer Service,L1,Customer Service L1,Cat B,175,Fixed-term,Onsite,1.0,2080,17850,0,0,840,0,840,18690,8.581731,8.985577,1,1,Women
W02680,PL · Kraków,PL,Finance,L3,Finance L3,Cat D,255,Permanent,Onsite,1.0,2080,34500,1600,0,0,0,1600,36100,16.586538,17.355769,1,3,Men
W02681,IT · Milan,IT,Tech,L1,Tech L1,Cat A,150,Permanent,Remote,1.0,2080,38350,0,0,0,0,0,38350,18.4375,18.4375,0,3,Men
W02682,PL · Kraków,PL,Tech,L4,Tech L4,Cat E,325,Permanent,Onsite,1.0,2080,59300,4820,0,0,0,4820,64120,28.509615,30.826923,1,4,Men
W02683,IT · Milan,IT,Operations,L1,Operations L1,Cat B,190,Permanent,Remote,1.0,2080,25950,0,0,0,0,0,25950,12.475962,12.475962,0,1,Men
W02684,DE · Munich,DE,HR,L3,HR L3,Cat D,255,Permanent,Hybrid,1.0,2080,56800,1450,0,0,0,1450,58250,27.307692,28.004808,1,3,Women
W02685,ES · Barcelona,ES,Customer Service,L3,Customer Service L3,Cat D,280,Permanent,Hybrid,1.0,2080,42650,2220,0,0,0,2220,44870,20.504808,21.572115,1,3,Women
W02686,IT · Milan,IT,Operations,L1,Operations L1,Cat B,190,Permanent,Onsite,1.0,2080,23550,0,0,1320,0,1320,24870,11.322115,11.956731,1,1,Women
W02687,PL · Kraków,PL,Tech,L2,Tech L2,Cat B,185,Permanent,Onsite,1.0,2080,30850,0,0,0,0,0,30850,14.831731,14.831731,0,3,Women
W02688,DE · Munich,DE,Customer Service,L3,Customer Service L3,Cat D,280,Permanent,Remote,1.0,2080,51600,2800,0,0,0,2800,54400,24.807692,26.153846,1,3,Women
W02689,IT · Milan,IT,HR,L5,HR L5,Cat F,340,Fixed-term,Remote,1.0,2080,70100,8550,0,0,6000,14550,84650,33.701923,40.697115,1,4,Women
W02690,DE · Munich,DE,Operations,L2,Operations L2,Cat C,225,Fixed-term,Hybrid,1.0,2080,48800,0,0,0,0,0,48800,23.461538,23.461538,0,2,Women
W02691,PL · Kraków,PL,Operations,L3,Operations L3,Cat D,295,Permanent,Hybrid,1.0,2080,33300,1690,0,0,0,1690,34990,16.009615,16.822115,1,3,Men
W02692,IT · Milan,IT,HR,L1,HR L1,Cat A,115,Permanent,Hybrid,1.0,2080,26250,0,0,0,0,0,26250,12.620192,12.620192,0,1,Men
W02693,IT · Milan,IT,Customer Service,L1,Customer Service L1,Cat B,175,Permanent,Hybrid,0.8,1664,18720,0,0,0,0,0,18720,11.25,11.25,0,1,Women
W02694,IT · Milan,IT,Customer Service,L2,Customer Service L2,Cat C,210,Fixed-term,Onsite,1.0,2080,31250,0,0,1320,0,1320,32570,15.024038,15.658654,1,2,Women
W02695,IT · Milan,IT,Customer Service,L2,Customer Service L2,Cat C,210,Permanent,Hybrid,1.0,2080,28200,0,0,0,0,0,28200,13.557692,13.557692,0,1,Women
W02696,DE · Munich,DE,Finance,L3,Finance L3,Cat D,255,Permanent,Hybrid,1.0,2080,65050,5010,0,0,0,5010,70060,31.274038,33.682692,1,3,Men
W02697,DE · Munich,DE,Sales,L1,Sales L1,Cat A,145,Fixed-term,Hybrid,1.0,2080,37500,0,4560,0,0,4560,42060,18.028846,20.221154,1,1,Women
W02699,IT · Milan,IT,Sales,L3,Sales L3,Cat D,285,Permanent,Hybrid,0.8,1664,33960,1770,3760,0,0,5530,39490,20.408654,23.731971,1,3,Women
W02700,PL · Kraków,PL,Finance,L1,Finance L1,Cat A,115,Permanent,Hybrid,1.0,2080,24100,0,0,0,0,0,24100,11.586538,11.586538,0,2,Men
W02701,ES · Barcelona,ES,Customer Service,L3,Customer Service L3,Cat D,280,Permanent,Hybrid,1.0,2080,32750,1650,0,0,0,1650,34400,15.745192,16.538462,1,2,Women
W02702,PL · Kraków,PL,Finance,L5,Finance L5,Cat F,340,Permanent,Remote,1.0,2080,54800,7360,0,0,4200,11560,66360,26.346154,31.903846,1,4,Men
W02704,DE · Munich,DE,Customer Service,L4,Customer Service L4,Cat E,320,Permanent,Hybrid,1.0,2080,79050,10230,0,0,0,10230,89280,38.004808,42.923077,1,4,Men
W02705,IT · Milan,IT,Tech,L2,Tech L2,Cat B,185,Permanent,Hybrid,1.0,2080,42600,0,0,0,0,0,42600,20.480769,20.480769,0,3,Women
W02706,PL · Kraków,PL,Finance,L1,Finance L1,Cat A,115,Permanent,Hybrid,1.0,2080,19400,0,0,0,0,0,19400,9.326923,9.326923,0,1,Women
W02707,IT · Milan,IT,Operations,L1,Operations L1,Cat B,190,Fixed-term,Hybrid,1.0,2080,26650,0,0,0,0,0,26650,12.8125,12.8125,0,1,Men
W02709,PL · Kraków,PL,Operations,L2,Operations L2,Cat C,225,Fixed-term,Onsite,1.0,2080,23450,0,0,840,0,840,24290,11.274038,11.677885,1,2,Women
W02711,DE · Munich,DE,Operations,L5,Operations L5,Cat F,340,Permanent,Hybrid,1.0,2080,105050,14150,0,0,7200,21350,126400,50.504808,60.769231,1,4,Women
W02712,IT · Milan,IT,Tech,L2,Tech L2,Cat B,185,Fixed-term,Onsite,1.0,2080,46000,0,0,0,0,0,46000,22.115385,22.115385,0,3,Men
W02713,PL · Kraków,PL,Operations,L1,Operations L1,Cat B,190,Fixed-term,Remote,1.0,2080,19400,0,0,0,0,0,19400,9.326923,9.326923,0,1,Men
W02714,PL · Kraków,PL,Customer Service,L4,Customer Service L4,Cat E,320,Fixed-term,Remote,1.0,2080,45000,4010,0,0,0,4010,49010,21.634615,23.5625,1,4,Men
W02715,PL · Kraków,PL,Tech,L2,Tech L2,Cat B,185,Permanent,Remote,1.0,2080,28500,0,0,0,0,0,28500,13.701923,13.701923,0,2,Women
W02716,IT · Milan,IT,Customer Service,L1,Customer Service L1,Cat B,175,Permanent,Hybrid,1.0,2080,22400,0,0,0,0,0,22400,10.769231,10.769231,0,1,Women
W02717,DE · Munich,DE,Customer Service,L2,Customer Service L2,Cat C,210,Fixed-term,Hybrid,0.8,1664,25720,0,0,0,0,0,25720,15.456731,15.456731,0,1,Women
W02718,IT · Milan,IT,Sales,L1,Sales L1,Cat A,145,Permanent,Hybrid,1.0,2080,26700,0,3220,0,0,3220,29920,12.836538,14.384615,1,2,Women
W02719,IT · Milan,IT,Operations,L5,Operations L5,Cat F,340,Fixed-term,Onsite,1.0,2080,57300,3580,0,0,6000,9580,66880,27.548077,32.153846,1,4,Women
W02721,DE · Munich,DE,Tech,L1,Tech L1,Cat A,150,Permanent,Remote,1.0,2080,56200,0,0,0,0,0,56200,27.019231,27.019231,0,3,Men
W02722,IT · Milan,IT,Operations,L2,Operations L2,Cat C,225,Permanent,Onsite,1.0,2080,34150,0,0,1320,0,1320,35470,16.418269,17.052885,1,2,Men
W02724,PL · Kraków,PL,Operations,L1,Operations L1,Cat B,190,Fixed-term,Hybrid,1.0,2080,18500,0,0,0,0,0,18500,8.894231,8.894231,0,1,Women
W02725,ES · Barcelona,ES,Customer Service,L4,Customer Service L4,Cat E,320,Permanent,Onsite,1.0,2080,51500,3600,0,0,0,3600,55100,24.759615,26.490385,1,4,Women
W02726,IT · Milan,IT,Customer Service,L2,Customer Service L2,Cat C,210,Permanent,Onsite,1.0,2080,27550,0,0,1320,0,1320,28870,13.245192,13.879808,1,1,Men
W02727,IT · Milan,IT,Finance,L3,Finance L3,Cat D,255,Permanent,Remote,1.0,2080,38050,1720,0,0,0,1720,39770,18.293269,19.120192,1,3,Women
W02728,PL · Kraków,PL,Operations,L3,Operations L3,Cat D,295,Fixed-term,Hybrid,1.0,2080,29800,1490,0,0,0,1490,31290,14.326923,15.043269,1,3,Men
W02729,IT · Milan,IT,Operations,L2,Operations L2,Cat C,225,Permanent,Hybrid,1.0,2080,30250,0,0,0,0,0,30250,14.543269,14.543269,0,2,Women
W02730,IT · Milan,IT,HR,L3,HR L3,Cat D,255,Permanent,Remote,1.0,2080,37900,1970,0,0,0,1970,39870,18.221154,19.168269,1,3,Men
W02731,DE · Munich,DE,Customer Service,L3,Customer Service L3,Cat D,280,Permanent,Hybrid,1.0,2080,54650,2530,0,0,0,2530,57180,26.274038,27.490385,1,3,Men
W02732,ES · Barcelona,ES,Operations,L5,Operations L5,Cat F,340,Fixed-term,Onsite,1.0,2080,64500,9100,0,0,5400,14500,79000,31.009615,37.980769,1,4,Men
W02733,IT · Milan,IT,Customer Service,L4,Customer Service L4,Cat E,320,Permanent,Onsite,1.0,2080,45200,3980,0,0,0,3980,49180,21.730769,23.644231,1,3,Women
W02734,PL · Kraków,PL,Customer Service,L5,Customer Service L5,Cat F,340,Permanent,Hybrid,1.0,2080,59500,7210,0,0,4200,11410,70910,28.605769,34.091346,1,4,Women
W02735,IT · Milan,IT,Sales,L2,Sales L2,Cat C,215,Permanent,Onsite,1.0,2080,36750,0,7760,0,0,7760,44510,17.668269,21.399038,1,3,Men
W02736,DE · Munich,DE,Customer Service,L3,Customer Service L3,Cat D,280,Permanent,Onsite,1.0,2080,60100,3170,0,1800,0,4970,65070,28.894231,31.283654,1,3,Men
W02737,PL · Kraków,PL,Operations,L1,Operations L1,Cat B,190,Permanent,Onsite,1.0,2080,19000,0,0,840,0,840,19840,9.134615,9.538462,1,1,Women
W02739,ES · Barcelona,ES,Operations,L3,Operations L3,Cat D,295,Permanent,Hybrid,1.0,2080,34900,1870,0,0,0,1870,36770,16.778846,17.677885,1,3,Women
W02740,PL · Kraków,PL,Sales,L5,Sales L5,Cat F,340,Fixed-term,Onsite,0.8,1664,54120,7350,8730,0,4200,20280,74400,32.524038,44.711538,1,4,Men
W02741,DE · Munich,DE,Customer Service,L1,Customer Service L1,Cat B,175,Permanent,Hybrid,1.0,2080,27150,0,0,0,0,0,27150,13.052885,13.052885,0,1,Women
W02742,PL · Kraków,PL,Operations,L5,Operations L5,Cat F,340,Fixed-term,Onsite,1.0,2080,54500,7440,0,0,4200,11640,66140,26.201923,31.798077,1,4,Men
W02743,PL · Kraków,PL,Customer Service,L2,Customer Service L2,Cat C,210,Permanent,Hybrid,0.8,1664,17880,0,0,0,0,0,17880,10.745192,10.745192,0,1,Men
W02744,IT · Milan,IT,Customer Service,L4,Customer Service L4,Cat E,320,Fixed-term,Remote,1.0,2080,46050,1940,0,0,0,1940,47990,22.139423,23.072115,1,3,Women
W02746,PL · Kraków,PL,Customer Service,L4,Customer Service L4,Cat E,320,Permanent,Hybrid,1.0,2080,36200,2860,0,0,0,2860,39060,17.403846,18.778846,1,3,Women
W02747,PL · Kraków,PL,Customer Service,L3,Customer Service L3,Cat D,280,Fixed-term,Remote,1.0,2080,30100,1550,0,0,0,1550,31650,14.471154,15.216346,1,3,Women
W02748,IT · Milan,IT,Sales,L2,Sales L2,Cat C,215,Permanent,Hybrid,1.0,2080,35200,0,5760,0,0,5760,40960,16.923077,19.692308,1,3,Men
W02750,PL · Kraków,PL,Customer Service,L4,Customer Service L4,Cat E,320,Permanent,Onsite,1.0,2080,31600,2740,0,0,0,2740,34340,15.192308,16.509615,1,3,Women
W02751,IT · Milan,IT,Customer Service,L3,Customer Service L3,Cat D,280,Permanent,Hybrid,1.0,2080,39050,2350,0,0,0,2350,41400,18.774038,19.903846,1,3,Men
W02752,PL · Kraków,PL,Customer Service,L1,Customer Service L1,Cat B,175,Permanent,Hybrid,1.0,2080,20450,0,0,0,0,0,20450,9.831731,9.831731,0,1,Women
W02753,ES · Barcelona,ES,Customer Service,L3,Customer Service L3,Cat D,280,Permanent,Hybrid,1.0,2080,38900,870,0,0,0,870,39770,18.701923,19.120192,1,3,Women
W02754,DE · Munich,DE,Customer Service,L2,Customer Service L2,Cat C,210,Permanent,Onsite,1.0,2080,46200,0,0,1800,0,1800,48000,22.211538,23.076923,1,2,Men
W02755,PL · Kraków,PL,Sales,L1,Sales L1,Cat A,145,Permanent,Onsite,1.0,2080,19750,0,2150,0,0,2150,21900,9.495192,10.528846,1,1,Women
W02756,PL · Kraków,PL,Operations,L3,Operations L3,Cat D,295,Permanent,Hybrid,0.8,1664,24960,1340,0,0,0,1340,26300,15.0,15.805288,1,3,Women
W02757,PL · Kraków,PL,HR,L2,HR L2,Cat B,185,Permanent,Onsite,1.0,2080,30100,0,0,0,0,0,30100,14.471154,14.471154,0,3,Women
W02758,PL · Kraków,PL,Sales,L2,Sales L2,Cat C,215,Fixed-term,Hybrid,1.0,2080,25000,0,3670,0,0,3670,28670,12.019231,13.783654,1,2,Women
W02759,IT · Milan,IT,Sales,L2,Sales L2,Cat C,215,Permanent,Remote,1.0,2080,34250,0,4610,0,0,4610,38860,16.466346,18.682692,1,3,Women
W02760,DE · Munich,DE,Customer Service,L3,Customer Service L3,Cat D,280,Permanent,Hybrid,1.0,2080,59350,2940,0,0,0,2940,62290,28.533654,29.947115,1,3,Women
W02761,PL · Kraków,PL,Operations,L2,Operations L2,Cat C,225,Fixed-term,Remote,1.0,2080,27100,0,0,0,0,0,27100,13.028846,13.028846,0,2,Men
W02762,PL · Kraków,PL,Operations,L2,Operations L2,Cat C,225,Permanent,Hybrid,1.0,2080,25900,0,0,0,0,0,25900,12.451923,12.451923,0,2,Women
W02763,PL · Kraków,PL,Operations,L3,Operations L3,Cat D,295,Permanent,Onsite,1.0,2080,34400,1750,0,840,0,2590,36990,16.538462,17.783654,1,3,Men
W02764,IT · Milan,IT,Operations,L2,Operations L2,Cat C,225,Permanent,Hybrid,1.0,2080,33050,0,0,0,0,0,33050,15.889423,15.889423,0,2,Men
W02765,PL · Kraków,PL,Customer Service,L2,Customer Service L2,Cat C,210,Permanent,Hybrid,1.0,2080,20950,0,0,0,0,0,20950,10.072115,10.072115,0,1,Men
W02766,IT · Milan,IT,Customer Service,L3,Customer Service L3,Cat D,280,Fixed-term,Hybrid,1.0,2080,34100,2000,0,0,0,2000,36100,16.394231,17.355769,1,2,Men
W02767,DE · Munich,DE,Operations,L2,Operations L2,Cat C,225,Permanent,Remote,1.0,2080,47500,0,0,0,0,0,47500,22.836538,22.836538,0,2,Men
W02768,DE · Munich,DE,Tech,L4,Tech L4,Cat E,325,Permanent,Hybrid,1.0,2080,112600,12170,0,0,0,12170,124770,54.134615,59.985577,1,4,Men
W02771,DE · Munich,DE,HR,L1,HR L1,Cat A,115,Permanent,Onsite,1.0,2080,40000,0,0,0,0,0,40000,19.230769,19.230769,0,1,Women
W02772,PL · Kraków,PL,Sales,L3,Sales L3,Cat D,285,Permanent,Hybrid,1.0,2080,36600,2430,2970,0,0,5400,42000,17.596154,20.192308,1,4,Women
W02773,PL · Kraków,PL,Sales,L6,Sales L6,Cat G,410,Permanent,Remote,1.0,2080,83100,17850,13590,0,4200,35640,118740,39.951923,57.086538,1,4,Men
W02774,ES · Barcelona,ES,Customer Service,L6,Customer Service L6,Cat G,410,Permanent,Hybrid,1.0,2080,90500,16880,0,0,5400,22280,112780,43.509615,54.221154,1,4,Women
W02776,DE · Munich,DE,Sales,L2,Sales L2,Cat C,215,Fixed-term,Onsite,1.0,2080,51750,0,5060,0,0,5060,56810,24.879808,27.3125,1,3,Women
W02777,ES · Barcelona,ES,Sales,L2,Sales L2,Cat C,215,Fixed-term,Hybrid,1.0,2080,27300,0,3380,0,0,3380,30680,13.125,14.75,1,2,Men
W02778,PL · Kraków,PL,Operations,L2,Operations L2,Cat C,225,Permanent,Hybrid,1.0,2080,24500,0,0,0,0,0,24500,11.778846,11.778846,0,2,Women
W02779,IT · Milan,IT,Finance,L2,Finance L2,Cat B,185,Permanent,Hybrid,0.8,1664,26160,0,0,0,0,0,26160,15.721154,15.721154,0,2,Women
W02780,IT · Milan,IT,Operations,L4,Operations L4,Cat E,335,Permanent,Onsite,0.8,1664,42600,3370,0,0,0,3370,45970,25.600962,27.626202,1,4,Men
W02781,ES · Barcelona,ES,HR,L2,HR L2,Cat B,185,Permanent,Onsite,1.0,2080,28850,0,0,0,0,0,28850,13.870192,13.870192,0,2,Men
W02782,IT · Milan,IT,Customer Service,L3,Customer Service L3,Cat D,280,Permanent,Remote,1.0,2080,36000,1750,0,0,0,1750,37750,17.307692,18.149038,1,3,Women
W02783,ES · Barcelona,ES,Finance,L1,Finance L1,Cat A,115,Fixed-term,Hybrid,1.0,2080,25650,0,0,0,0,0,25650,12.331731,12.331731,0,1,Women
W02784,IT · Milan,IT,Sales,L3,Sales L3,Cat D,285,Permanent,Onsite,1.0,2080,38750,3000,4740,0,0,7740,46490,18.629808,22.350962,1,3,Women
W02785,PL · Kraków,PL,Operations,L1,Operations L1,Cat B,190,Permanent,Onsite,1.0,2080,20850,0,0,840,0,840,21690,10.024038,10.427885,1,1,Men
W02786,IT · Milan,IT,Tech,L2,Tech L2,Cat B,185,Permanent,Hybrid,1.0,2080,45550,0,0,0,0,0,45550,21.899038,21.899038,0,3,Men
W02787,DE · Munich,DE,Operations,L4,Operations L4,Cat E,335,Permanent,Remote,1.0,2080,59950,5890,0,0,0,5890,65840,28.822115,31.653846,1,3,Women
W02788,PL · Kraków,PL,Finance,L3,Finance L3,Cat D,255,Permanent,Hybrid,1.0,2080,40400,1990,0,0,0,1990,42390,19.423077,20.379808,1,4,Women
W02789,IT · Milan,IT,Tech,L4,Tech L4,Cat E,325,Permanent,Hybrid,1.0,2080,61700,2270,0,0,0,2270,63970,29.663462,30.754808,1,4,Men
W02790,DE · Munich,DE,Operations,L2,Operations L2,Cat C,225,Permanent,Onsite,1.0,2080,45200,0,0,1800,0,1800,47000,21.730769,22.596154,1,2,Women
W02791,IT · Milan,IT,Customer Service,L2,Customer Service L2,Cat C,210,Permanent,Remote,1.0,2080,29950,0,0,0,0,0,29950,14.399038,14.399038,0,2,Women
W02792,IT · Milan,IT,Operations,L2,Operations L2,Cat C,225,Fixed-term,Hybrid,1.0,2080,26550,0,0,0,0,0,26550,12.764423,12.764423,0,1,Women
W02793,DE · Munich,DE,Operations,L1,Operations L1,Cat B,190,Permanent,Onsite,1.0,2080,36200,0,0,1800,0,1800,38000,17.403846,18.269231,1,1,Women
W02794,DE · Munich,DE,Sales,L1,Sales L1,Cat A,145,Fixed-term,Hybrid,1.0,2080,38250,0,6070,0,0,6070,44320,18.389423,21.307692,1,2,Men
W02795,DE · Munich,DE,HR,L2,HR L2,Cat B,185,Fixed-term,Onsite,1.0,2080,50700,0,0,0,0,0,50700,24.375,24.375,0,2,Men
W02796,DE · Munich,DE,Customer Service,L6,Customer Service L6,Cat G,410,Permanent,Hybrid,1.0,2080,144400,37990,0,0,7200,45190,189590,69.423077,91.149038,1,4,Men
W02797,PL · Kraków,PL,Tech,L4,Tech L4,Cat E,325,Permanent,Hybrid,1.0,2080,54500,2040,0,0,0,2040,56540,26.201923,27.182692,1,4,Men
W02799,PL · Kraków,PL,Customer Service,L1,Customer Service L1,Cat B,175,Permanent,Onsite,0.8,1664,16160,0,0,672,0,672,16832,9.711538,10.115385,1,1,Women
W02800,PL · Kraków,PL,Operations,L3,Operations L3,Cat D,295,Permanent,Hybrid,1.0,2080,25050,1240,0,0,0,1240,26290,12.043269,12.639423,1,2,Men
W02801,PL · Kraków,PL,Operations,L1,Operations L1,Cat B,190,Permanent,Hybrid,1.0,2080,20850,0,0,0,0,0,20850,10.024038,10.024038,0,1,Men
W02802,PL · Kraków,PL,Sales,L4,Sales L4,Cat E,320,Permanent,Hybrid,1.0,2080,43800,3820,8400,0,0,12220,56020,21.057692,26.932692,1,4,Men
W02804,DE · Munich,DE,Operations,L2,Operations L2,Cat C,225,Permanent,Hybrid,1.0,2080,48500,0,0,0,0,0,48500,23.317308,23.317308,0,2,Women
W02805,DE · Munich,DE,Finance,L2,Finance L2,Cat B,185,Permanent,Remote,1.0,2080,53200,0,0,0,0,0,53200,25.576923,25.576923,0,2,Women
W02807,ES · Barcelona,ES,Tech,L5,Tech L5,Cat F,340,Permanent,Onsite,1.0,2080,88550,13700,0,0,5400,19100,107650,42.572115,51.754808,1,4,Men
W02808,IT · Milan,IT,Operations,L4,Operations L4,Cat E,335,Permanent,Hybrid,1.0,2080,50600,4170,0,0,0,4170,54770,24.326923,26.331731,1,4,Men
W02809,PL · Kraków,PL,HR,L5,HR L5,Cat F,340,Fixed-term,Hybrid,1.0,2080,53800,5650,0,0,4200,9850,63650,25.865385,30.600962,1,4,Women
W02810,IT · Milan,IT,Customer Service,L4,Customer Service L4,Cat E,320,Permanent,Onsite,0.8,1664,41560,5090,0,0,0,5090,46650,24.975962,28.034856,1,4,Men
W02811,PL · Kraków,PL,Tech,L3,Tech L3,Cat D,255,Permanent,Hybrid,1.0,2080,37050,1770,0,0,0,1770,38820,17.8125,18.663462,1,3,Men
W02813,DE · Munich,DE,Customer Service,L2,Customer Service L2,Cat C,210,Fixed-term,Remote,1.0,2080,39800,0,0,0,0,0,39800,19.134615,19.134615,0,1,Women
W02814,PL · Kraków,PL,Customer Service,L4,Customer Service L4,Cat E,320,Permanent,Onsite,1.0,2080,38500,3140,0,0,0,3140,41640,18.509615,20.019231,1,4,Men
W02815,DE · Munich,DE,Customer Service,L4,Customer Service L4,Cat E,320,Permanent,Hybrid,1.0,2080,85700,7400,0,0,0,7400,93100,41.201923,44.759615,1,4,Men
W02818,IT · Milan,IT,Operations,L2,Operations L2,Cat C,225,Permanent,Onsite,1.0,2080,34400,0,0,1320,0,1320,35720,16.538462,17.173077,1,2,Men
W02819,IT · Milan,IT,Operations,L3,Operations L3,Cat D,295,Permanent,Hybrid,0.8,1664,29280,1440,0,0,0,1440,30720,17.596154,18.461538,1,3,Women
W02820,PL · Kraków,PL,Operations,L1,Operations L1,Cat B,190,Permanent,Hybrid,0.8,1664,16360,0,0,0,0,0,16360,9.831731,9.831731,0,1,Men
W02821,DE · Munich,DE,Tech,L1,Tech L1,Cat A,150,Fixed-term,Onsite,1.0,2080,44250,0,0,0,0,0,44250,21.274038,21.274038,0,2,Men
W02822,ES · Barcelona,ES,HR,L2,HR L2,Cat B,185,Fixed-term,Onsite,1.0,2080,27700,0,0,0,0,0,27700,13.317308,13.317308,0,1,Women
W02823,DE · Munich,DE,Tech,L2,Tech L2,Cat B,185,Permanent,Hybrid,1.0,2080,52050,0,0,0,0,0,52050,25.024038,25.024038,0,2,Women
W02824,PL · Kraków,PL,Customer Service,L4,Customer Service L4,Cat E,320,Permanent,Onsite,1.0,2080,40600,0,0,0,0,0,40600,19.519231,19.519231,0,3,Women
W02825,DE · Munich,DE,Sales,L2,Sales L2,Cat C,215,Permanent,Onsite,0.8,1664,35160,0,5280,0,0,5280,40440,21.129808,24.302885,1,2,Women
W02826,PL · Kraków,PL,Finance,L1,Finance L1,Cat A,115,Permanent,Hybrid,0.8,1664,19120,0,0,0,0,0,19120,11.490385,11.490385,0,2,Men
W02827,PL · Kraków,PL,Customer Service,L1,Customer Service L1,Cat B,175,Permanent,Remote,1.0,2080,18400,0,0,0,0,0,18400,8.846154,8.846154,0,1,Women
W02828,PL · Kraków,PL,Operations,L1,Operations L1,Cat B,190,Permanent,Hybrid,1.0,2080,21200,0,0,0,0,0,21200,10.192308,10.192308,0,1,Men
W02829,IT · Milan,IT,Sales,L1,Sales L1,Cat A,145,Permanent,Hybrid,1.0,2080,27600,0,3810,0,0,3810,31410,13.269231,15.100962,1,2,Men
W02830,ES · Barcelona,ES,Customer Service,L1,Customer Service L1,Cat B,175,Permanent,Hybrid,1.0,2080,24100,0,0,0,0,0,24100,11.586538,11.586538,0,1,Women
W02831,ES · Barcelona,ES,Tech,L1,Tech L1,Cat A,150,Permanent,Hybrid,1.0,2080,34350,0,0,0,0,0,34350,16.514423,16.514423,0,2,Women
W02832,DE · Munich,DE,HR,L1,HR L1,Cat A,115,Permanent,Hybrid,1.0,2080,43450,0,0,0,0,0,43450,20.889423,20.889423,0,2,Women
W02834,ES · Barcelona,ES,HR,L3,HR L3,Cat D,255,Fixed-term,Hybrid,1.0,2080,30850,1620,0,0,0,1620,32470,14.831731,15.610577,1,2,Women
W02836,PL · Kraków,PL,Tech,L1,Tech L1,Cat A,150,Permanent,Hybrid,1.0,2080,28950,0,0,0,0,0,28950,13.918269,13.918269,0,2,Men
W02837,IT · Milan,IT,Customer Service,L1,Customer Service L1,Cat B,175,Permanent,Hybrid,1.0,2080,22650,0,0,0,0,0,22650,10.889423,10.889423,0,1,Women
W02838,PL · Kraków,PL,Operations,L2,Operations L2,Cat C,225,Permanent,Hybrid,1.0,2080,27950,0,0,0,0,0,27950,13.4375,13.4375,0,2,Men
W02839,PL · Kraków,PL,Customer Service,L3,Customer Service L3,Cat D,280,Permanent,Hybrid,1.0,2080,28550,680,0,0,0,680,29230,13.725962,14.052885,1,2,Women
W02840,PL · Kraków,PL,Operations,L6,Operations L6,Cat G,410,Permanent,Hybrid,1.0,2080,82350,16460,0,0,4200,20660,103010,39.591346,49.524038,1,4,Men
W02842,ES · Barcelona,ES,Tech,L2,Tech L2,Cat B,185,Permanent,Onsite,1.0,2080,45150,0,0,0,0,0,45150,21.706731,21.706731,0,3,Men
W02843,PL · Kraków,PL,Sales,L4,Sales L4,Cat E,320,Permanent,Onsite,1.0,2080,47000,4070,5270,0,0,9340,56340,22.596154,27.086538,1,4,Men
W02844,DE · Munich,DE,Finance,L2,Finance L2,Cat B,185,Permanent,Hybrid,1.0,2080,47950,0,0,0,0,0,47950,23.052885,23.052885,0,2,Women
W02845,DE · Munich,DE,Customer Service,L1,Customer Service L1,Cat B,175,Permanent,Hybrid,1.0,2080,34100,0,0,0,0,0,34100,16.394231,16.394231,0,1,Women
W02846,DE · Munich,DE,Tech,L3,Tech L3,Cat D,255,Permanent,Hybrid,1.0,2080,75850,4320,0,0,0,4320,80170,36.466346,38.543269,1,4,Men
W02847,PL · Kraków,PL,Customer Service,L1,Customer Service L1,Cat B,175,Fixed-term,Onsite,1.0,2080,17550,0,0,840,0,840,18390,8.4375,8.841346,1,1,Men
W02848,DE · Munich,DE,Customer Service,L2,Customer Service L2,Cat C,210,Permanent,Remote,1.0,2080,46550,0,0,0,0,0,46550,22.379808,22.379808,0,2,Women
W02849,PL · Kraków,PL,Operations,L2,Operations L2,Cat C,225,Permanent,Hybrid,1.0,2080,25650,0,0,0,0,0,25650,12.331731,12.331731,0,2,Women
W02850,IT · Milan,IT,Tech,L5,Tech L5,Cat F,340,Permanent,Onsite,1.0,2080,106600,5670,0,0,6000,11670,118270,51.25,56.860577,1,4,Men
W02851,IT · Milan,IT,Operations,L5,Operations L5,Cat F,340,Permanent,Onsite,1.0,2080,64450,7630,0,0,6000,13630,78080,30.985577,37.538462,1,4,Men
W02852,ES · Barcelona,ES,Customer Service,L4,Customer Service L4,Cat E,320,Permanent,Hybrid,1.0,2080,43450,3360,0,0,0,3360,46810,20.889423,22.504808,1,3,Women
W02853,IT · Milan,IT,Sales,L5,Sales L5,Cat F,340,Permanent,Hybrid,1.0,2080,82300,12290,12850,0,6000,31140,113440,39.567308,54.538462,1,4,Men
W02854,PL · Kraków,PL,Operations,L1,Operations L1,Cat B,190,Permanent,Remote,1.0,2080,20950,0,0,0,0,0,20950,10.072115,10.072115,0,1,Men
W02855,IT · Milan,IT,Operations,L1,Operations L1,Cat B,190,Permanent,Hybrid,1.0,2080,23950,0,0,0,0,0,23950,11.514423,11.514423,0,1,Men
W02856,PL · Kraków,PL,Customer Service,L2,Customer Service L2,Cat C,210,Permanent,Onsite,1.0,2080,24950,0,0,840,0,840,25790,11.995192,12.399038,1,2,Women
W02857,PL · Kraków,PL,Customer Service,L3,Customer Service L3,Cat D,280,Permanent,Onsite,1.0,2080,34300,840,0,840,0,1680,35980,16.490385,17.298077,1,3,Women
W02858,PL · Kraków,PL,Customer Service,L2,Customer Service L2,Cat C,210,Fixed-term,Hybrid,1.0,2080,22750,0,0,0,0,0,22750,10.9375,10.9375,0,1,Women
W02860,ES · Barcelona,ES,Sales,L1,Sales L1,Cat A,145,Permanent,Remote,1.0,2080,29450,0,5230,0,0,5230,34680,14.158654,16.673077,1,3,Men
W02863,IT · Milan,IT,HR,L5,HR L5,Cat F,340,Fixed-term,Hybrid,1.0,2080,65650,3820,0,0,6000,9820,75470,31.5625,36.283654,1,4,Women
W02864,DE · Munich,DE,Operations,L1,Operations L1,Cat B,190,Fixed-term,Hybrid,1.0,2080,34900,0,0,0,0,0,34900,16.778846,16.778846,0,1,Men
W02865,DE · Munich,DE,Operations,L4,Operations L4,Cat E,335,Permanent,Hybrid,1.0,2080,78350,5610,0,0,0,5610,83960,37.668269,40.365385,1,4,Men
W02866,PL · Kraków,PL,Finance,L1,Finance L1,Cat A,115,Permanent,Hybrid,1.0,2080,24250,0,0,0,0,0,24250,11.658654,11.658654,0,2,Men
W02867,IT · Milan,IT,Customer Service,L3,Customer Service L3,Cat D,280,Permanent,Onsite,0.8,1664,28320,1540,0,1056,0,2596,30916,17.019231,18.579327,1,3,Men
W02869,PL · Kraków,PL,Customer Service,L3,Customer Service L3,Cat D,280,Permanent,Hybrid,1.0,2080,33250,850,0,0,0,850,34100,15.985577,16.394231,1,3,Men
W02870,ES · Barcelona,ES,Customer Service,L1,Customer Service L1,Cat B,175,Permanent,Remote,1.0,2080,22600,0,0,0,0,0,22600,10.865385,10.865385,0,1,Women
W02871,PL · Kraków,PL,Operations,L4,Operations L4,Cat E,335,Fixed-term,Remote,1.0,2080,39800,3090,0,0,0,3090,42890,19.134615,20.620192,1,4,Women
W02872,IT · Milan,IT,Sales,L1,Sales L1,Cat A,145,Permanent,Remote,1.0,2080,26400,0,3750,0,0,3750,30150,12.692308,14.495192,1,2,Women
W02873,IT · Milan,IT,Operations,L5,Operations L5,Cat F,340,Permanent,Remote,1.0,2080,75850,9000,0,0,6000,15000,90850,36.466346,43.677885,1,4,Men
W02874,DE · Munich,DE,Customer Service,L2,Customer Service L2,Cat C,210,Permanent,Hybrid,1.0,2080,43050,0,0,0,0,0,43050,20.697115,20.697115,0,2,Men
W02875,PL · Kraków,PL,Sales,L1,Sales L1,Cat A,145,Fixed-term,Onsite,1.0,2080,19850,0,2020,0,0,2020,21870,9.543269,10.514423,1,1,Women
W02876,IT · Milan,IT,Customer Service,L1,Customer Service L1,Cat B,175,Permanent,Onsite,1.0,2080,22500,0,0,1320,0,1320,23820,10.817308,11.451923,1,1,Women
W02877,IT · Milan,IT,Operations,L4,Operations L4,Cat E,335,Permanent,Remote,1.0,2080,56950,4480,0,0,0,4480,61430,27.379808,29.533654,1,4,Men
W02878,PL · Kraków,PL,Finance,L1,Finance L1,Cat A,115,Permanent,Onsite,1.0,2080,22750,0,0,0,0,0,22750,10.9375,10.9375,0,1,Men
W02879,PL · Kraków,PL,HR,L1,HR L1,Cat A,115,Permanent,Onsite,1.0,2080,21100,0,0,0,0,0,21100,10.144231,10.144231,0,1,Men
W02880,PL · Kraków,PL,Customer Service,L2,Customer Service L2,Cat C,210,Permanent,Onsite,1.0,2080,22900,0,0,840,0,840,23740,11.009615,11.413462,1,2,Women
W02881,IT · Milan,IT,Customer Service,L3,Customer Service L3,Cat D,280,Permanent,Onsite,1.0,2080,37200,2250,0,1320,0,3570,40770,17.884615,19.600962,1,3,Women
W02882,DE · Munich,DE,Customer Service,L3,Customer Service L3,Cat D,280,Permanent,Hybrid,1.0,2080,53900,2760,0,0,0,2760,56660,25.913462,27.240385,1,3,Women
W02884,DE · Munich,DE,Customer Service,L3,Customer Service L3,Cat D,280,Fixed-term,Hybrid,1.0,2080,52750,2760,0,0,0,2760,55510,25.360577,26.6875,1,3,Women
W02885,PL · Kraków,PL,Customer Service,L2,Customer Service L2,Cat C,210,Permanent,Hybrid,1.0,2080,27000,0,0,0,0,0,27000,12.980769,12.980769,0,2,Women
W02886,ES · Barcelona,ES,Customer Service,L2,Customer Service L2,Cat C,210,Permanent,Hybrid,1.0,2080,25600,0,0,0,0,0,25600,12.307692,12.307692,0,1,Women
W02887,IT · Milan,IT,HR,L1,HR L1,Cat A,115,Permanent,Hybrid,1.0,2080,24700,0,0,0,0,0,24700,11.875,11.875,0,1,Women
W02888,IT · Milan,IT,Operations,L1,Operations L1,Cat B,190,Permanent,Onsite,1.0,2080,22850,0,0,1320,0,1320,24170,10.985577,11.620192,1,1,Women
W02889,PL · Kraków,PL,Sales,L1,Sales L1,Cat A,145,Permanent,Hybrid,1.0,2080,18850,0,2660,0,0,2660,21510,9.0625,10.341346,1,1,Women
W02891,ES · Barcelona,ES,Operations,L3,Operations L3,Cat D,295,Permanent,Onsite,1.0,2080,32850,2000,0,1200,0,3200,36050,15.793269,17.331731,1,3,Women
W02893,IT · Milan,IT,HR,L3,HR L3,Cat D,255,Permanent,Remote,1.0,2080,34650,1680,0,0,0,1680,36330,16.658654,17.466346,1,2,Women
W02894,PL · Kraków,PL,Tech,L5,Tech L5,Cat F,340,Permanent,Hybrid,1.0,2080,82750,12460,0,0,4200,16660,99410,39.783654,47.793269,1,4,Men
W02896,IT · Milan,IT,Tech,L5,Tech L5,Cat F,340,Permanent,Hybrid,1.0,2080,102200,16400,0,0,6000,22400,124600,49.134615,59.903846,1,4,Women
W02897,DE · Munich,DE,Tech,L3,Tech L3,Cat D,255,Permanent,Onsite,1.0,2080,77800,3410,0,0,0,3410,81210,37.403846,39.043269,1,4,Women
W02898,IT · Milan,IT,Operations,L3,Operations L3,Cat D,295,Permanent,Hybrid,1.0,2080,44650,2850,0,0,0,2850,47500,21.466346,22.836538,1,3,Women
W02899,PL · Kraków,PL,Customer Service,L2,Customer Service L2,Cat C,210,Permanent,Onsite,1.0,2080,22550,0,0,840,0,840,23390,10.841346,11.245192,1,1,Men
W02900,DE · Munich,DE,Finance,L2,Finance L2,Cat B,185,Permanent,Hybrid,1.0,2080,49450,0,0,0,0,0,49450,23.774038,23.774038,0,2,Women
W02902,IT · Milan,IT,Finance,L3,Finance L3,Cat D,255,Permanent,Hybrid,1.0,2080,46600,2360,0,0,0,2360,48960,22.403846,23.538462,1,3,Men
W02903,IT · Milan,IT,Sales,L3,Sales L3,Cat D,285,Permanent,Onsite,1.0,2080,45200,3120,6630,0,0,9750,54950,21.730769,26.418269,1,4,Men
W02904,PL · Kraków,PL,Operations,L2,Operations L2,Cat C,225,Fixed-term,Onsite,1.0,2080,25300,0,0,840,0,840,26140,12.163462,12.567308,1,2,Men
W02905,IT · Milan,IT,Operations,L2,Operations L2,Cat C,225,Permanent,Onsite,1.0,2080,29300,0,0,1320,0,1320,30620,14.086538,14.721154,1,2,Men
W02906,IT · Milan,IT,Operations,L3,Operations L3,Cat D,295,Permanent,Remote,1.0,2080,42450,1000,0,0,0,1000,43450,20.408654,20.889423,1,3,Men
W02907,IT · Milan,IT,Tech,L2,Tech L2,Cat B,185,Permanent,Onsite,1.0,2080,43050,0,0,0,0,0,43050,20.697115,20.697115,0,3,Men
W02908,ES · Barcelona,ES,Finance,L2,Finance L2,Cat B,185,Permanent,Hybrid,1.0,2080,34150,0,0,0,0,0,34150,16.418269,16.418269,0,2,Men
W02909,DE · Munich,DE,Finance,L2,Finance L2,Cat B,185,Permanent,Onsite,1.0,2080,56550,0,0,0,0,0,56550,27.1875,27.1875,0,3,Men
W02912,PL · Kraków,PL,Tech,L5,Tech L5,Cat F,340,Permanent,Hybrid,1.0,2080,83700,12250,0,0,4200,16450,100150,40.240385,48.149038,1,4,Men
W02913,IT · Milan,IT,Tech,L2,Tech L2,Cat B,185,Fixed-term,Remote,1.0,2080,27200,0,0,0,0,0,27200,13.076923,13.076923,0,1,Women
W02914,DE · Munich,DE,Customer Service,L3,Customer Service L3,Cat D,280,Permanent,Hybrid,1.0,2080,58550,2670,0,0,0,2670,61220,28.149038,29.432692,1,3,Women
W02915,IT · Milan,IT,Customer Service,L3,Customer Service L3,Cat D,280,Permanent,Hybrid,1.0,2080,40700,2070,0,0,0,2070,42770,19.567308,20.5625,1,3,Men
W02916,IT · Milan,IT,Finance,L2,Finance L2,Cat B,185,Permanent,Hybrid,1.0,2080,40950,0,0,0,0,0,40950,19.6875,19.6875,0,3,Women
W02917,DE · Munich,DE,Operations,L4,Operations L4,Cat E,335,Fixed-term,Hybrid,1.0,2080,91450,9020,0,0,0,9020,100470,43.966346,48.302885,1,4,Men
W02918,PL · Kraków,PL,Tech,L3,Tech L3,Cat D,255,Permanent,Onsite,1.0,2080,45400,2260,0,0,0,2260,47660,21.826923,22.913462,1,4,Men
W02919,PL · Kraków,PL,Finance,L3,Finance L3,Cat D,255,Permanent,Onsite,0.8,1664,26440,1330,0,0,0,1330,27770,15.889423,16.688702,1,3,Men
W02920,IT · Milan,IT,Sales,L2,Sales L2,Cat C,215,Permanent,Hybrid,1.0,2080,34850,0,3100,0,0,3100,37950,16.754808,18.245192,1,3,Men
W02921,DE · Munich,DE,Sales,L1,Sales L1,Cat A,145,Permanent,Hybrid,1.0,2080,39850,0,5790,0,0,5790,45640,19.158654,21.942308,1,2,Men
W02923,PL · Kraków,PL,Tech,L2,Tech L2,Cat B,185,Permanent,Remote,1.0,2080,28050,0,0,0,0,0,28050,13.485577,13.485577,0,2,Women
W02924,PL · Kraków,PL,Tech,L2,Tech L2,Cat B,185,Permanent,Hybrid,1.0,2080,34850,0,0,0,0,0,34850,16.754808,16.754808,0,3,Women
W02925,DE · Munich,DE,Finance,L3,Finance L3,Cat D,255,Permanent,Hybrid,1.0,2080,66550,3330,0,0,0,3330,69880,31.995192,33.596154,1,3,Women
W02926,DE · Munich,DE,Sales,L2,Sales L2,Cat C,215,Fixed-term,Hybrid,1.0,2080,48250,0,5310,0,0,5310,53560,23.197115,25.75,1,2,Women
W02927,IT · Milan,IT,Customer Service,L5,Customer Service L5,Cat F,340,Permanent,Hybrid,1.0,2080,70150,10730,0,0,6000,16730,86880,33.725962,41.769231,1,4,Men
W02929,ES · Barcelona,ES,Customer Service,L6,Customer Service L6,Cat G,410,Permanent,Onsite,1.0,2080,79700,15930,0,0,5400,21330,101030,38.317308,48.572115,1,4,Men
W02931,DE · Munich,DE,Operations,L3,Operations L3,Cat D,295,Permanent,Hybrid,1.0,2080,56550,0,0,0,0,0,56550,27.1875,27.1875,0,3,Men
W02932,PL · Kraków,PL,Finance,L1,Finance L1,Cat A,115,Permanent,Hybrid,1.0,2080,19800,0,0,0,0,0,19800,9.519231,9.519231,0,1,Men
W02933,PL · Kraków,PL,Tech,L3,Tech L3,Cat D,255,Permanent,Remote,1.0,2080,39750,1080,0,0,0,1080,40830,19.110577,19.629808,1,3,Men
W02934,PL · Kraków,PL,Customer Service,L3,Customer Service L3,Cat D,280,Permanent,Onsite,1.0,2080,32550,1530,0,840,0,2370,34920,15.649038,16.788462,1,3,Women
W02935,IT · Milan,IT,HR,L3,HR L3,Cat D,255,Fixed-term,Hybrid,1.0,2080,39150,1760,0,0,0,1760,40910,18.822115,19.668269,1,3,Women
W02936,ES · Barcelona,ES,Customer Service,L4,Customer Service L4,Cat E,320,Fixed-term,Hybrid,1.0,2080,57350,2310,0,0,0,2310,59660,27.572115,28.682692,1,4,Women
W02937,ES · Barcelona,ES,Customer Service,L5,Customer Service L5,Cat F,340,Permanent,Hybrid,1.0,2080,65000,9730,0,0,5400,15130,80130,31.25,38.524038,1,4,Men
W02938,DE · Munich,DE,Tech,L5,Tech L5,Cat F,340,Permanent,Onsite,1.0,2080,138200,16950,0,0,7200,24150,162350,66.442308,78.052885,1,4,Men
W02939,IT · Milan,IT,HR,L1,HR L1,Cat A,115,Fixed-term,Remote,0.8,1664,22400,0,0,0,0,0,22400,13.461538,13.461538,0,1,Women
W02940,PL · Kraków,PL,Operations,L2,Operations L2,Cat C,225,Permanent,Remote,1.0,2080,28600,0,0,0,0,0,28600,13.75,13.75,0,2,Men
W02941,DE · Munich,DE,Tech,L3,Tech L3,Cat D,255,Fixed-term,Hybrid,1.0,2080,75850,4920,0,0,0,4920,80770,36.466346,38.831731,1,4,Women
W02942,ES · Barcelona,ES,Sales,L6,Sales L6,Cat G,410,Permanent,Hybrid,1.0,2080,106800,9790,20320,0,5400,35510,142310,51.346154,68.418269,1,4,Men
W02943,PL · Kraków,PL,Tech,L6,Tech L6,Cat G,410,Permanent,Hybrid,1.0,2080,111800,23330,0,0,4200,27530,139330,53.75,66.985577,1,4,Women
W02944,IT · Milan,IT,Operations,L4,Operations L4,Cat E,335,Permanent,Onsite,1.0,2080,52850,2140,0,0,0,2140,54990,25.408654,26.4375,1,4,Men
W02945,PL · Kraków,PL,HR,L1,HR L1,Cat A,115,Permanent,Onsite,1.0,2080,21250,0,0,0,0,0,21250,10.216346,10.216346,0,1,Men
W02946,ES · Barcelona,ES,HR,L4,HR L4,Cat E,325,Permanent,Hybrid,1.0,2080,50500,3850,0,0,0,3850,54350,24.278846,26.129808,1,4,Men
W02947,PL · Kraków,PL,Tech,L1,Tech L1,Cat A,150,Fixed-term,Onsite,1.0,2080,24150,0,0,0,0,0,24150,11.610577,11.610577,0,2,Women
W02948,IT · Milan,IT,Sales,L1,Sales L1,Cat A,145,Permanent,Onsite,1.0,2080,26250,0,2970,0,0,2970,29220,12.620192,14.048077,1,2,Women
W02949,DE · Munich,DE,Tech,L1,Tech L1,Cat A,150,Permanent,Hybrid,1.0,2080,48900,0,0,0,0,0,48900,23.509615,23.509615,0,2,Women
W02950,DE · Munich,DE,Finance,L2,Finance L2,Cat B,185,Permanent,Onsite,1.0,2080,46300,0,0,0,0,0,46300,22.259615,22.259615,0,2,Men
W02951,IT · Milan,IT,Operations,L6,Operations L6,Cat G,410,Fixed-term,Remote,1.0,2080,91350,20310,0,0,6000,26310,117660,43.918269,56.567308,1,4,Women
W02953,DE · Munich,DE,Operations,L2,Operations L2,Cat C,225,Permanent,Remote,0.8,1664,33320,0,0,0,0,0,33320,20.024038,20.024038,0,1,Men
W02954,ES · Barcelona,ES,Operations,L3,Operations L3,Cat D,295,Permanent,Onsite,1.0,2080,41700,2470,0,1200,0,3670,45370,20.048077,21.8125,1,3,Women
W02955,PL · Kraków,PL,Operations,L1,Operations L1,Cat B,190,Permanent,Hybrid,0.8,1664,17440,0,0,0,0,0,17440,10.480769,10.480769,0,1,Women
W02956,PL · Kraków,PL,Sales,L3,Sales L3,Cat D,285,Fixed-term,Onsite,1.0,2080,35800,2200,3510,0,0,5710,41510,17.211538,19.956731,1,3,Men
W02957,IT · Milan,IT,Operations,L1,Operations L1,Cat B,190,Permanent,Hybrid,1.0,2080,19850,0,0,0,0,0,19850,9.543269,9.543269,0,1,Men
W02958,IT · Milan,IT,Customer Service,L4,Customer Service L4,Cat E,320,Permanent,Hybrid,1.0,2080,56250,4090,0,0,0,4090,60340,27.043269,29.009615,1,4,Women
W02959,IT · Milan,IT,Customer Service,L2,Customer Service L2,Cat C,210,Permanent,Onsite,1.0,2080,30750,0,0,1320,0,1320,32070,14.783654,15.418269,1,2,Men
W02960,PL · Kraków,PL,Operations,L1,Operations L1,Cat B,190,Permanent,Hybrid,1.0,2080,18800,0,0,0,0,0,18800,9.038462,9.038462,0,1,Men
W02961,DE · Munich,DE,Customer Service,L4,Customer Service L4,Cat E,320,Fixed-term,Hybrid,1.0,2080,65100,5860,0,0,0,5860,70960,31.298077,34.115385,1,3,Men
W02962,PL · Kraków,PL,Customer Service,L5,Customer Service L5,Cat F,340,Fixed-term,Hybrid,1.0,2080,52650,7970,0,0,4200,12170,64820,25.3125,31.163462,1,4,Women
W02963,ES · Barcelona,ES,Operations,L1,Operations L1,Cat B,190,Permanent,Hybrid,0.8,1664,20160,0,0,0,0,0,20160,12.115385,12.115385,0,1,Men
W02964,PL · Kraków,PL,Customer Service,L1,Customer Service L1,Cat B,175,Permanent,Hybrid,1.0,2080,18400,0,0,0,0,0,18400,8.846154,8.846154,0,1,Women
W02965,DE · Munich,DE,Operations,L2,Operations L2,Cat C,225,Permanent,Remote,1.0,2080,53050,0,0,0,0,0,53050,25.504808,25.504808,0,2,Women
W02966,IT · Milan,IT,Customer Service,L2,Customer Service L2,Cat C,210,Permanent,Hybrid,1.0,2080,29300,0,0,0,0,0,29300,14.086538,14.086538,0,2,Men
W02967,PL · Kraków,PL,Customer Service,L2,Customer Service L2,Cat C,210,Fixed-term,Hybrid,1.0,2080,20750,0,0,0,0,0,20750,9.975962,9.975962,0,1,Men
W02968,DE · Munich,DE,Operations,L5,Operations L5,Cat F,340,Permanent,Onsite,1.0,2080,96800,12200,0,0,7200,19400,116200,46.538462,55.865385,1,4,Women
W02969,PL · Kraków,PL,Sales,L1,Sales L1,Cat A,145,Permanent,Remote,1.0,2080,21650,0,3970,0,0,3970,25620,10.408654,12.317308,1,2,Men
W02970,IT · Milan,IT,Customer Service,L5,Customer Service L5,Cat F,340,Fixed-term,Onsite,1.0,2080,67200,8370,0,0,6000,14370,81570,32.307692,39.216346,1,4,Men
W02971,ES · Barcelona,ES,Finance,L1,Finance L1,Cat A,115,Permanent,Hybrid,1.0,2080,29050,0,0,0,0,0,29050,13.966346,13.966346,0,2,Men
W02972,ES · Barcelona,ES,Sales,L3,Sales L3,Cat D,285,Permanent,Hybrid,1.0,2080,46050,1170,7940,0,0,9110,55160,22.139423,26.519231,1,4,Men
W02973,DE · Munich,DE,Customer Service,L2,Customer Service L2,Cat C,210,Permanent,Onsite,1.0,2080,43350,0,0,1800,0,1800,45150,20.841346,21.706731,1,2,Women
W02974,IT · Milan,IT,Sales,L1,Sales L1,Cat A,145,Fixed-term,Hybrid,1.0,2080,24450,0,3360,0,0,3360,27810,11.754808,13.370192,1,1,Women
W02975,PL · Kraków,PL,Operations,L4,Operations L4,Cat E,335,Fixed-term,Hybrid,0.8,1664,28960,2450,0,0,0,2450,31410,17.403846,18.876202,1,3,Women
W02977,DE · Munich,DE,Operations,L2,Operations L2,Cat C,225,Fixed-term,Hybrid,1.0,2080,50200,0,0,0,0,0,50200,24.134615,24.134615,0,2,Men
W02978,IT · Milan,IT,Customer Service,L4,Customer Service L4,Cat E,320,Fixed-term,Remote,1.0,2080,46450,4010,0,0,0,4010,50460,22.331731,24.259615,1,3,Men
W02979,DE · Munich,DE,Customer Service,L3,Customer Service L3,Cat D,280,Permanent,Hybrid,0.8,1664,45040,2380,0,0,0,2380,47420,27.067308,28.497596,1,3,Men
W02981,ES · Barcelona,ES,Customer Service,L2,Customer Service L2,Cat C,210,Permanent,Remote,1.0,2080,26750,0,0,0,0,0,26750,12.860577,12.860577,0,1,Women
W02982,DE · Munich,DE,Sales,L1,Sales L1,Cat A,145,Permanent,Hybrid,1.0,2080,43100,0,5640,0,0,5640,48740,20.721154,23.432692,1,2,Women
W02983,IT · Milan,IT,Operations,L2,Operations L2,Cat C,225,Permanent,Hybrid,1.0,2080,29950,0,0,0,0,0,29950,14.399038,14.399038,0,2,Women
W02984,ES · Barcelona,ES,HR,L1,HR L1,Cat A,115,Permanent,Hybrid,1.0,2080,26250,0,0,0,0,0,26250,12.620192,12.620192,0,1,Women
W02985,IT · Milan,IT,Customer Service,L2,Customer Service L2,Cat C,210,Permanent,Onsite,1.0,2080,28500,0,0,1320,0,1320,29820,13.701923,14.336538,1,2,Men
W02986,PL · Kraków,PL,HR,L2,HR L2,Cat B,185,Permanent,Onsite,1.0,2080,22250,0,0,0,0,0,22250,10.697115,10.697115,0,1,Women
W02987,PL · Kraków,PL,Sales,L2,Sales L2,Cat C,215,Permanent,Onsite,1.0,2080,27850,0,3860,0,0,3860,31710,13.389423,15.245192,1,3,Men
W02988,PL · Kraków,PL,Customer Service,L5,Customer Service L5,Cat F,340,Permanent,Remote,1.0,2080,56500,3270,0,0,4200,7470,63970,27.163462,30.754808,1,4,Women
W02989,PL · Kraków,PL,Operations,L1,Operations L1,Cat B,190,Permanent,Hybrid,1.0,2080,17450,0,0,0,0,0,17450,8.389423,8.389423,0,1,Women
W02990,PL · Kraków,PL,Tech,L1,Tech L1,Cat A,150,Permanent,Remote,1.0,2080,26550,0,0,0,0,0,26550,12.764423,12.764423,0,2,Women
W02991,ES · Barcelona,ES,Finance,L1,Finance L1,Cat A,115,Permanent,Remote,1.0,2080,29550,0,0,0,0,0,29550,14.206731,14.206731,0,2,Women
W02992,PL · Kraków,PL,Operations,L3,Operations L3,Cat D,295,Permanent,Remote,1.0,2080,27300,1430,0,0,0,1430,28730,13.125,13.8125,1,2,Men
W02993,IT · Milan,IT,HR,L2,HR L2,Cat B,185,Permanent,Onsite,1.0,2080,32900,0,0,0,0,0,32900,15.817308,15.817308,0,2,Women
W02994,PL · Kraków,PL,HR,L1,HR L1,Cat A,115,Fixed-term,Onsite,0.8,1664,14920,0,0,0,0,0,14920,8.966346,8.966346,0,1,Men
W02995,PL · Kraków,PL,Customer Service,L1,Customer Service L1,Cat B,175,Permanent,Hybrid,1.0,2080,16700,0,0,0,0,0,16700,8.028846,8.028846,0,1,Men
W02996,PL · Kraków,PL,Tech,L1,Tech L1,Cat A,150,Permanent,Remote,1.0,2080,29300,0,0,0,0,0,29300,14.086538,14.086538,0,2,Women
W02997,IT · Milan,IT,Operations,L5,Operations L5,Cat F,340,Permanent,Hybrid,1.0,2080,75850,9600,0,0,6000,15600,91450,36.466346,43.966346,1,4,Men
W02998,IT · Milan,IT,Sales,L2,Sales L2,Cat C,215,Permanent,Hybrid,1.0,2080,34100,0,3980,0,0,3980,38080,16.394231,18.307692,1,3,Men
W03000,PL · Kraków,PL,Sales,L2,Sales L2,Cat C,215,Permanent,Remote,0.8,1664,20920,0,4430,0,0,4430,25350,12.572115,15.234375,1,3,Men
W03001,PL · Kraków,PL,Tech,L2,Tech L2,Cat B,185,Permanent,Hybrid,1.0,2080,32800,0,0,0,0,0,32800,15.769231,15.769231,0,3,Men
W03002,ES · Barcelona,ES,Customer Service,L4,Customer Service L4,Cat E,320,Fixed-term,Hybrid,1.0,2080,44150,3100,0,0,0,3100,47250,21.225962,22.716346,1,3,Women
W03003,PL · Kraków,PL,Tech,L1,Tech L1,Cat A,150,Permanent,Onsite,1.0,2080,26750,0,0,0,0,0,26750,12.860577,12.860577,0,2,Women
W03004,DE · Munich,DE,Operations,L1,Operations L1,Cat B,190,Permanent,Hybrid,1.0,2080,37200,0,0,0,0,0,37200,17.884615,17.884615,0,1,Men
W03005,PL · Kraków,PL,Customer Service,L3,Customer Service L3,Cat D,280,Permanent,Hybrid,0.8,1664,25000,1620,0,0,0,1620,26620,15.024038,15.997596,1,3,Women
W03006,PL · Kraków,PL,Finance,L1,Finance L1,Cat A,115,Permanent,Onsite,1.0,2080,23550,0,0,0,0,0,23550,11.322115,11.322115,0,1,Women
W03007,PL · Kraków,PL,Operations,L2,Operations L2,Cat C,225,Permanent,Remote,1.0,2080,22250,0,0,0,0,0,22250,10.697115,10.697115,0,1,Men
W03008,ES · Barcelona,ES,Tech,L1,Tech L1,Cat A,150,Permanent,Hybrid,0.8,1664,23080,0,0,0,0,0,23080,13.870192,13.870192,0,2,Men
W03009,IT · Milan,IT,Operations,L4,Operations L4,Cat E,335,Permanent,Hybrid,1.0,2080,53150,5790,0,0,0,5790,58940,25.552885,28.336538,1,4,Women
W03010,IT · Milan,IT,Finance,L1,Finance L1,Cat A,115,Permanent,Hybrid,1.0,2080,27750,0,0,0,0,0,27750,13.341346,13.341346,0,1,Women
W03011,DE · Munich,DE,Customer Service,L1,Customer Service L1,Cat B,175,Permanent,Hybrid,1.0,2080,38800,0,0,0,0,0,38800,18.653846,18.653846,0,1,Women
W03012,PL · Kraków,PL,HR,L1,HR L1,Cat A,115,Permanent,Hybrid,1.0,2080,20800,0,0,0,0,0,20800,10.0,10.0,0,1,Women
W03013,DE · Munich,DE,Finance,L4,Finance L4,Cat E,325,Permanent,Hybrid,1.0,2080,107300,11860,0,0,0,11860,119160,51.586538,57.288462,1,4,Men
W03016,PL · Kraków,PL,Customer Service,L3,Customer Service L3,Cat D,280,Fixed-term,Hybrid,1.0,2080,29050,1360,0,0,0,1360,30410,13.966346,14.620192,1,3,Men
W03017,PL · Kraków,PL,Sales,L2,Sales L2,Cat C,215,Permanent,Hybrid,1.0,2080,26500,0,1990,0,0,1990,28490,12.740385,13.697115,1,2,Women
W03018,IT · Milan,IT,Customer Service,L3,Customer Service L3,Cat D,280,Permanent,Onsite,1.0,2080,38250,1020,0,1320,0,2340,40590,18.389423,19.514423,1,3,Men
W03019,IT · Milan,IT,Tech,L2,Tech L2,Cat B,185,Permanent,Onsite,1.0,2080,45000,0,0,0,0,0,45000,21.634615,21.634615,0,3,Women
W03020,PL · Kraków,PL,Tech,L3,Tech L3,Cat D,255,Permanent,Onsite,1.0,2080,39050,2100,0,0,0,2100,41150,18.774038,19.783654,1,3,Women
W03022,IT · Milan,IT,Tech,L3,Tech L3,Cat D,255,Fixed-term,Hybrid,1.0,2080,52650,2790,0,0,0,2790,55440,25.3125,26.653846,1,4,Men
W03024,PL · Kraków,PL,Operations,L1,Operations L1,Cat B,190,Permanent,Hybrid,1.0,2080,20550,0,0,0,0,0,20550,9.879808,9.879808,0,1,Women
W03025,IT · Milan,IT,Customer Service,L2,Customer Service L2,Cat C,210,Permanent,Remote,1.0,2080,27400,0,0,0,0,0,27400,13.173077,13.173077,0,1,Women
W03026,IT · Milan,IT,Tech,L2,Tech L2,Cat B,185,Permanent,Onsite,1.0,2080,43100,0,0,0,0,0,43100,20.721154,20.721154,0,3,Women
W03027,ES · Barcelona,ES,Customer Service,L2,Customer Service L2,Cat C,210,Permanent,Hybrid,1.0,2080,27100,0,0,0,0,0,27100,13.028846,13.028846,0,1,Women
W03028,PL · Kraków,PL,Finance,L5,Finance L5,Cat F,340,Permanent,Hybrid,1.0,2080,76700,7900,0,0,4200,12100,88800,36.875,42.692308,1,4,Men
W03029,DE · Munich,DE,Customer Service,L3,Customer Service L3,Cat D,280,Permanent,Remote,1.0,2080,56550,1500,0,0,0,1500,58050,27.1875,27.908654,1,3,Women
W03031,DE · Munich,DE,Operations,L1,Operations L1,Cat B,190,Permanent,Remote,1.0,2080,29700,0,0,0,0,0,29700,14.278846,14.278846,0,1,Men
W03032,DE · Munich,DE,Tech,L4,Tech L4,Cat E,325,Permanent,Hybrid,1.0,2080,101800,12180,0,0,0,12180,113980,48.942308,54.798077,1,4,Women
W03033,ES · Barcelona,ES,Sales,L3,Sales L3,Cat D,285,Permanent,Remote,0.8,1664,32680,1680,6080,0,0,7760,40440,19.639423,24.302885,1,4,Men
W03034,IT · Milan,IT,Customer Service,L6,Customer Service L6,Cat G,410,Permanent,Onsite,1.0,2080,68950,6700,0,0,6000,12700,81650,33.149038,39.254808,1,4,Women
W03035,DE · Munich,DE,Finance,L1,Finance L1,Cat A,115,Permanent,Onsite,1.0,2080,40900,0,0,0,0,0,40900,19.663462,19.663462,0,1,Men
W03036,DE · Munich,DE,Customer Service,L2,Customer Service L2,Cat C,210,Permanent,Hybrid,1.0,2080,44250,0,0,0,0,0,44250,21.274038,21.274038,0,2,Women
W03037,PL · Kraków,PL,Tech,L2,Tech L2,Cat B,185,Fixed-term,Hybrid,1.0,2080,35800,0,0,0,0,0,35800,17.211538,17.211538,0,3,Men
W03038,PL · Kraków,PL,Operations,L2,Operations L2,Cat C,225,Fixed-term,Remote,1.0,2080,19400,0,0,0,0,0,19400,9.326923,9.326923,0,1,Women
W03039,IT · Milan,IT,Finance,L6,Finance L6,Cat G,410,Permanent,Hybrid,1.0,2080,110100,26020,0,0,6000,32020,142120,52.932692,68.326923,1,4,Men
W03041,PL · Kraków,PL,Customer Service,L3,Customer Service L3,Cat D,280,Permanent,Hybrid,1.0,2080,23050,1100,0,0,0,1100,24150,11.081731,11.610577,1,2,Women
W03042,DE · Munich,DE,Customer Service,L1,Customer Service L1,Cat B,175,Fixed-term,Remote,1.0,2080,35400,0,0,0,0,0,35400,17.019231,17.019231,0,1,Women
W03043,IT · Milan,IT,Operations,L3,Operations L3,Cat D,295,Permanent,Hybrid,1.0,2080,40450,1980,0,0,0,1980,42430,19.447115,20.399038,1,3,Women
W03046,PL · Kraków,PL,Tech,L3,Tech L3,Cat D,255,Fixed-term,Onsite,1.0,2080,39950,2610,0,0,0,2610,42560,19.206731,20.461538,1,4,Men
W03049,PL · Kraków,PL,Tech,L2,Tech L2,Cat B,185,Permanent,Hybrid,1.0,2080,32550,0,0,0,0,0,32550,15.649038,15.649038,0,3,Men
W03051,PL · Kraków,PL,Tech,L3,Tech L3,Cat D,255,Permanent,Hybrid,1.0,2080,39600,1920,0,0,0,1920,41520,19.038462,19.961538,1,4,Men
W03053,IT · Milan,IT,Customer Service,L2,Customer Service L2,Cat C,210,Permanent,Hybrid,1.0,2080,25400,0,0,0,0,0,25400,12.211538,12.211538,0,1,Women
W03054,PL · Kraków,PL,Sales,L3,Sales L3,Cat D,285,Fixed-term,Remote,1.0,2080,37100,1930,4510,0,0,6440,43540,17.836538,20.932692,1,4,Men
W03055,PL · Kraków,PL,Operations,L1,Operations L1,Cat B,190,Fixed-term,Remote,1.0,2080,21800,0,0,0,0,0,21800,10.480769,10.480769,0,1,Women
W03057,IT · Milan,IT,Tech,L2,Tech L2,Cat B,185,Permanent,Onsite,1.0,2080,43000,0,0,0,0,0,43000,20.673077,20.673077,0,3,Men
W03058,PL · Kraków,PL,Customer Service,L2,Customer Service L2,Cat C,210,Permanent,Hybrid,1.0,2080,20050,0,0,0,0,0,20050,9.639423,9.639423,0,1,Women
W03059,PL · Kraków,PL,Operations,L1,Operations L1,Cat B,190,Permanent,Hybrid,1.0,2080,17250,0,0,0,0,0,17250,8.293269,8.293269,0,1,Women
W03060,DE · Munich,DE,Operations,L1,Operations L1,Cat B,190,Permanent,Remote,1.0,2080,41700,0,0,0,0,0,41700,20.048077,20.048077,0,1,Men
W03061,PL · Kraków,PL,Operations,L3,Operations L3,Cat D,295,Permanent,Hybrid,1.0,2080,36750,2300,0,0,0,2300,39050,17.668269,18.774038,1,3,Men
W03062,ES · Barcelona,ES,Tech,L4,Tech L4,Cat E,325,Permanent,Onsite,1.0,2080,64750,6510,0,0,0,6510,71260,31.129808,34.259615,1,4,Women
W03063,DE · Munich,DE,Customer Service,L4,Customer Service L4,Cat E,320,Permanent,Hybrid,1.0,2080,65400,0,0,0,0,0,65400,31.442308,31.442308,0,3,Men
W03064,PL · Kraków,PL,Operations,L1,Operations L1,Cat B,190,Permanent,Hybrid,1.0,2080,16900,0,0,0,0,0,16900,8.125,8.125,0,1,Women
W03065,IT · Milan,IT,Finance,L3,Finance L3,Cat D,255,Fixed-term,Hybrid,1.0,2080,49600,1280,0,0,0,1280,50880,23.846154,24.461538,1,3,Women
W03069,PL · Kraków,PL,Operations,L2,Operations L2,Cat C,225,Permanent,Hybrid,1.0,2080,25700,0,0,0,0,0,25700,12.355769,12.355769,0,2,Men
W03070,IT · Milan,IT,Sales,L1,Sales L1,Cat A,145,Permanent,Hybrid,1.0,2080,26800,0,2950,0,0,2950,29750,12.884615,14.302885,1,2,Women
W03072,PL · Kraków,PL,Tech,L1,Tech L1,Cat A,150,Permanent,Remote,0.8,1664,19160,0,0,0,0,0,19160,11.514423,11.514423,0,2,Women
W03073,DE · Munich,DE,Customer Service,L2,Customer Service L2,Cat C,210,Fixed-term,Onsite,1.0,2080,42350,0,0,1800,0,1800,44150,20.360577,21.225962,1,2,Men
W03074,PL · Kraków,PL,Tech,L1,Tech L1,Cat A,150,Permanent,Hybrid,1.0,2080,28300,0,0,0,0,0,28300,13.605769,13.605769,0,2,Men
W03075,DE · Munich,DE,Sales,L3,Sales L3,Cat D,285,Fixed-term,Onsite,1.0,2080,60100,3130,6740,0,0,9870,69970,28.894231,33.639423,1,3,Men
W03076,IT · Milan,IT,Customer Service,L4,Customer Service L4,Cat E,320,Permanent,Hybrid,1.0,2080,44850,3780,0,0,0,3780,48630,21.5625,23.379808,1,3,Women
W03077,PL · Kraków,PL,Customer Service,L5,Customer Service L5,Cat F,340,Permanent,Hybrid,1.0,2080,52700,8670,0,0,4200,12870,65570,25.336538,31.524038,1,4,Men
W03078,IT · Milan,IT,Tech,L2,Tech L2,Cat B,185,Permanent,Onsite,1.0,2080,46100,0,0,0,0,0,46100,22.163462,22.163462,0,3,Men
W03079,IT · Milan,IT,Tech,L1,Tech L1,Cat A,150,Permanent,Hybrid,1.0,2080,30700,0,0,0,0,0,30700,14.759615,14.759615,0,2,Men
W03080,ES · Barcelona,ES,Tech,L1,Tech L1,Cat A,150,Permanent,Onsite,1.0,2080,33400,0,0,0,0,0,33400,16.057692,16.057692,0,2,Men
W03082,PL · Kraków,PL,Tech,L5,Tech L5,Cat F,340,Permanent,Onsite,1.0,2080,79700,12960,0,0,4200,17160,96860,38.317308,46.567308,1,4,Men
W03083,IT · Milan,IT,HR,L1,HR L1,Cat A,115,Permanent,Onsite,1.0,2080,24450,0,0,0,0,0,24450,11.754808,11.754808,0,1,Women
W03084,DE · Munich,DE,Operations,L2,Operations L2,Cat C,225,Permanent,Onsite,1.0,2080,43550,0,0,1800,0,1800,45350,20.9375,21.802885,1,2,Men
W03085,PL · Kraków,PL,Operations,L5,Operations L5,Cat F,340,Permanent,Remote,1.0,2080,53550,8360,0,0,4200,12560,66110,25.745192,31.783654,1,4,Men
W03086,PL · Kraków,PL,Tech,L1,Tech L1,Cat A,150,Permanent,Onsite,1.0,2080,24650,0,0,0,0,0,24650,11.850962,11.850962,0,2,Women
W03087,PL · Kraków,PL,Operations,L3,Operations L3,Cat D,295,Permanent,Remote,1.0,2080,29100,1530,0,0,0,1530,30630,13.990385,14.725962,1,3,Men
W03088,PL · Kraków,PL,Customer Service,L2,Customer Service L2,Cat C,210,Permanent,Onsite,1.0,2080,24850,0,0,840,0,840,25690,11.947115,12.350962,1,2,Men
W03089,PL · Kraków,PL,Operations,L2,Operations L2,Cat C,225,Permanent,Hybrid,1.0,2080,26900,0,0,0,0,0,26900,12.932692,12.932692,0,2,Men
W03090,ES · Barcelona,ES,Customer Service,L4,Customer Service L4,Cat E,320,Permanent,Remote,1.0,2080,51200,4170,0,0,0,4170,55370,24.615385,26.620192,1,4,Women
W03091,ES · Barcelona,ES,Tech,L1,Tech L1,Cat A,150,Permanent,Hybrid,1.0,2080,27650,0,0,0,0,0,27650,13.293269,13.293269,0,1,Men
W03092,PL · Kraków,PL,Operations,L4,Operations L4,Cat E,335,Permanent,Hybrid,1.0,2080,44750,3600,0,0,0,3600,48350,21.514423,23.245192,1,4,Women
W03093,ES · Barcelona,ES,Customer Service,L1,Customer Service L1,Cat B,175,Permanent,Hybrid,0.8,1664,15800,0,0,0,0,0,15800,9.495192,9.495192,0,1,Men
W03095,DE · Munich,DE,Sales,L2,Sales L2,Cat C,215,Permanent,Remote,1.0,2080,51050,0,5530,0,0,5530,56580,24.543269,27.201923,1,3,Women
W03096,ES · Barcelona,ES,Customer Service,L2,Customer Service L2,Cat C,210,Permanent,Onsite,1.0,2080,30100,0,0,1200,0,1200,31300,14.471154,15.048077,1,2,Men
W03097,ES · Barcelona,ES,Customer Service,L2,Customer Service L2,Cat C,210,Permanent,Onsite,1.0,2080,31850,0,0,1200,0,1200,33050,15.3125,15.889423,1,2,Men
W03098,IT · Milan,IT,Customer Service,L1,Customer Service L1,Cat B,175,Permanent,Hybrid,1.0,2080,25000,0,0,0,0,0,25000,12.019231,12.019231,0,1,Women
W03099,DE · Munich,DE,Operations,L2,Operations L2,Cat C,225,Permanent,Onsite,1.0,2080,48700,0,0,1800,0,1800,50500,23.413462,24.278846,1,2,Men
W03100,DE · Munich,DE,Operations,L4,Operations L4,Cat E,335,Permanent,Onsite,1.0,2080,77650,6270,0,0,0,6270,83920,37.331731,40.346154,1,4,Women
W03101,ES · Barcelona,ES,Operations,L2,Operations L2,Cat C,225,Permanent,Hybrid,1.0,2080,26650,0,0,0,0,0,26650,12.8125,12.8125,0,1,Men
W03102,DE · Munich,DE,Customer Service,L1,Customer Service L1,Cat B,175,Permanent,Remote,1.0,2080,33100,0,0,0,0,0,33100,15.913462,15.913462,0,1,Men
W03104,IT · Milan,IT,Customer Service,L3,Customer Service L3,Cat D,280,Permanent,Hybrid,1.0,2080,40750,2410,0,0,0,2410,43160,19.591346,20.75,1,3,Women
W03105,PL · Kraków,PL,Customer Service,L2,Customer Service L2,Cat C,210,Permanent,Onsite,1.0,2080,23800,0,0,840,0,840,24640,11.442308,11.846154,1,2,Men
W03106,ES · Barcelona,ES,Tech,L1,Tech L1,Cat A,150,Fixed-term,Remote,1.0,2080,24900,0,0,0,0,0,24900,11.971154,11.971154,0,1,Women
W03107,PL · Kraków,PL,Tech,L1,Tech L1,Cat A,150,Permanent,Hybrid,1.0,2080,28750,0,0,0,0,0,28750,13.822115,13.822115,0,2,Men
W03108,IT · Milan,IT,Customer Service,L5,Customer Service L5,Cat F,340,Permanent,Hybrid,1.0,2080,71200,9480,0,0,6000,15480,86680,34.230769,41.673077,1,4,Women
W03109,IT · Milan,IT,Finance,L3,Finance L3,Cat D,255,Permanent,Onsite,0.8,1664,38000,910,0,0,0,910,38910,22.836538,23.383413,1,3,Women
W03110,DE · Munich,DE,HR,L4,HR L4,Cat E,325,Permanent,Hybrid,1.0,2080,72450,5890,0,0,0,5890,78340,34.831731,37.663462,1,4,Women
W03111,ES · Barcelona,ES,Tech,L2,Tech L2,Cat B,185,Fixed-term,Hybrid,0.8,1664,23280,0,0,0,0,0,23280,13.990385,13.990385,0,2,Women
W03112,ES · Barcelona,ES,Operations,L1,Operations L1,Cat B,190,Permanent,Onsite,1.0,2080,27750,0,0,1200,0,1200,28950,13.341346,13.918269,1,2,Men
W03113,IT · Milan,IT,Customer Service,L2,Customer Service L2,Cat C,210,Permanent,Hybrid,1.0,2080,31250,0,0,0,0,0,31250,15.024038,15.024038,0,2,Men
W03114,DE · Munich,DE,Operations,L5,Operations L5,Cat F,340,Permanent,Remote,1.0,2080,114400,7260,0,0,7200,14460,128860,55.0,61.951923,1,4,Men
W03115,IT · Milan,IT,Customer Service,L1,Customer Service L1,Cat B,175,Permanent,Remote,1.0,2080,22200,0,0,0,0,0,22200,10.673077,10.673077,0,1,Women
W03116,PL · Kraków,PL,Operations,L1,Operations L1,Cat B,190,Permanent,Hybrid,1.0,2080,15000,0,0,0,0,0,15000,7.211538,7.211538,0,1,Women
W03117,PL · Kraków,PL,Operations,L1,Operations L1,Cat B,190,Permanent,Remote,1.0,2080,20100,0,0,0,0,0,20100,9.663462,9.663462,0,1,Women
W03118,PL · Kraków,PL,Tech,L2,Tech L2,Cat B,185,Permanent,Hybrid,1.0,2080,32150,0,0,0,0,0,32150,15.456731,15.456731,0,3,Women
W03119,DE · Munich,DE,Sales,L3,Sales L3,Cat D,285,Permanent,Hybrid,1.0,2080,68700,3760,13330,0,0,17090,85790,33.028846,41.245192,1,4,Men
W03120,DE · Munich,DE,Customer Service,L1,Customer Service L1,Cat B,175,Permanent,Hybrid,1.0,2080,33100,0,0,0,0,0,33100,15.913462,15.913462,0,1,Men
W03121,DE · Munich,DE,Customer Service,L1,Customer Service L1,Cat B,175,Permanent,Remote,1.0,2080,31800,0,0,0,0,0,31800,15.288462,15.288462,0,1,Men
W03123,DE · Munich,DE,HR,L2,HR L2,Cat B,185,Permanent,Onsite,1.0,2080,51200,0,0,0,0,0,51200,24.615385,24.615385,0,2,Women
W03124,PL · Kraków,PL,HR,L1,HR L1,Cat A,115,Permanent,Onsite,1.0,2080,17950,0,0,0,0,0,17950,8.629808,8.629808,0,1,Women
W03125,PL · Kraków,PL,Customer Service,L1,Customer Service L1,Cat B,175,Permanent,Hybrid,1.0,2080,19300,0,0,0,0,0,19300,9.278846,9.278846,0,1,Men
W03126,IT · Milan,IT,Customer Service,L4,Customer Service L4,Cat E,320,Permanent,Remote,1.0,2080,48350,4020,0,0,0,4020,52370,23.245192,25.177885,1,4,Women
W03127,PL · Kraków,PL,Customer Service,L3,Customer Service L3,Cat D,280,Fixed-term,Hybrid,1.0,2080,31100,1570,0,0,0,1570,32670,14.951923,15.706731,1,3,Women
W03128,PL · Kraków,PL,Operations,L5,Operations L5,Cat F,340,Permanent,Hybrid,1.0,2080,51550,7850,0,0,4200,12050,63600,24.783654,30.576923,1,4,Men
W03129,IT · Milan,IT,Operations,L2,Operations L2,Cat C,225,Permanent,Hybrid,1.0,2080,31350,0,0,0,0,0,31350,15.072115,15.072115,0,2,Women
W03131,IT · Milan,IT,Customer Service,L1,Customer Service L1,Cat B,175,Permanent,Remote,1.0,2080,22450,0,0,0,0,0,22450,10.793269,10.793269,0,1,Men
W03132,DE · Munich,DE,Operations,L3,Operations L3,Cat D,295,Permanent,Hybrid,1.0,2080,55850,2880,0,0,0,2880,58730,26.850962,28.235577,1,3,Men
W03133,IT · Milan,IT,Tech,L2,Tech L2,Cat B,185,Permanent,Onsite,1.0,2080,45550,0,0,0,0,0,45550,21.899038,21.899038,0,3,Women
W03134,DE · Munich,DE,Operations,L3,Operations L3,Cat D,295,Fixed-term,Remote,1.0,2080,54350,2580,0,0,0,2580,56930,26.129808,27.370192,1,3,Men
W03135,ES · Barcelona,ES,Operations,L3,Operations L3,Cat D,295,Permanent,Hybrid,1.0,2080,36300,2150,0,0,0,2150,38450,17.451923,18.485577,1,3,Men
W03137,IT · Milan,IT,Tech,L2,Tech L2,Cat B,185,Permanent,Onsite,1.0,2080,41350,0,0,0,0,0,41350,19.879808,19.879808,0,3,Women
W03138,IT · Milan,IT,Tech,L5,Tech L5,Cat F,340,Permanent,Onsite,1.0,2080,102550,12640,0,0,6000,18640,121190,49.302885,58.264423,1,4,Men
W03139,DE · Munich,DE,Operations,L6,Operations L6,Cat G,410,Permanent,Hybrid,1.0,2080,142050,40110,0,0,7200,47310,189360,68.293269,91.038462,1,4,Men
W03140,DE · Munich,DE,Operations,L3,Operations L3,Cat D,295,Permanent,Hybrid,1.0,2080,56100,2600,0,0,0,2600,58700,26.971154,28.221154,1,3,Men
W03141,IT · Milan,IT,Finance,L3,Finance L3,Cat D,255,Permanent,Hybrid,1.0,2080,50950,2520,0,0,0,2520,53470,24.495192,25.706731,1,4,Men
W03142,PL · Kraków,PL,Finance,L4,Finance L4,Cat E,325,Permanent,Onsite,0.8,1664,43560,1890,0,0,0,1890,45450,26.177885,27.313702,1,4,Men
W03143,DE · Munich,DE,Tech,L1,Tech L1,Cat A,150,Permanent,Onsite,1.0,2080,46950,0,0,0,0,0,46950,22.572115,22.572115,0,2,Women
W03144,DE · Munich,DE,Customer Service,L1,Customer Service L1,Cat B,175,Permanent,Onsite,1.0,2080,29650,0,0,1800,0,1800,31450,14.254808,15.120192,1,1,Women
W03145,IT · Milan,IT,Tech,L1,Tech L1,Cat A,150,Permanent,Hybrid,1.0,2080,32000,0,0,0,0,0,32000,15.384615,15.384615,0,2,Men
W03146,ES · Barcelona,ES,Customer Service,L1,Customer Service L1,Cat B,175,Fixed-term,Hybrid,1.0,2080,20200,0,0,0,0,0,20200,9.711538,9.711538,0,1,Women
W03147,IT · Milan,IT,Finance,L6,Finance L6,Cat G,410,Permanent,Hybrid,1.0,2080,111500,22260,0,0,6000,28260,139760,53.605769,67.192308,1,4,Men
W03148,PL · Kraków,PL,Customer Service,L1,Customer Service L1,Cat B,175,Permanent,Hybrid,1.0,2080,17400,0,0,0,0,0,17400,8.365385,8.365385,0,1,Women
W03149,PL · Kraków,PL,Tech,L1,Tech L1,Cat A,150,Permanent,Hybrid,1.0,2080,28000,0,0,0,0,0,28000,13.461538,13.461538,0,2,Women
W03150,ES · Barcelona,ES,Sales,L6,Sales L6,Cat G,410,Permanent,Onsite,1.0,2080,106400,19390,9300,0,5400,34090,140490,51.153846,67.543269,1,4,Men
W03151,PL · Kraków,PL,Tech,L2,Tech L2,Cat B,185,Permanent,Hybrid,1.0,2080,28950,0,0,0,0,0,28950,13.918269,13.918269,0,2,Men
W03152,IT · Milan,IT,Sales,L3,Sales L3,Cat D,285,Permanent,Hybrid,1.0,2080,42400,2410,6220,0,0,8630,51030,20.384615,24.533654,1,3,Women
W03153,DE · Munich,DE,Finance,L2,Finance L2,Cat B,185,Permanent,Hybrid,1.0,2080,54900,0,0,0,0,0,54900,26.394231,26.394231,0,3,Women
W03154,PL · Kraków,PL,Sales,L3,Sales L3,Cat D,285,Permanent,Hybrid,1.0,2080,31350,1550,3610,0,0,5160,36510,15.072115,17.552885,1,3,Women
W03155,DE · Munich,DE,Finance,L1,Finance L1,Cat A,115,Permanent,Onsite,1.0,2080,40750,0,0,0,0,0,40750,19.591346,19.591346,0,1,Men
W03157,PL · Kraków,PL,Customer Service,L5,Customer Service L5,Cat F,340,Fixed-term,Onsite,1.0,2080,52150,6000,0,0,4200,10200,62350,25.072115,29.975962,1,4,Women
W03158,IT · Milan,IT,Finance,L4,Finance L4,Cat E,325,Permanent,Remote,1.0,2080,56100,4800,0,0,0,4800,60900,26.971154,29.278846,1,4,Men
W03159,IT · Milan,IT,Finance,L1,Finance L1,Cat A,115,Permanent,Hybrid,1.0,2080,29650,0,0,0,0,0,29650,14.254808,14.254808,0,2,Men
W03162,DE · Munich,DE,Customer Service,L5,Customer Service L5,Cat F,340,Permanent,Hybrid,1.0,2080,101400,6310,0,0,7200,13510,114910,48.75,55.245192,1,4,Men
W03163,IT · Milan,IT,Finance,L5,Finance L5,Cat F,340,Permanent,Remote,1.0,2080,83550,9510,0,0,6000,15510,99060,40.168269,47.625,1,4,Men
W03164,PL · Kraków,PL,Sales,L2,Sales L2,Cat C,215,Permanent,Onsite,1.0,2080,27900,0,3250,0,0,3250,31150,13.413462,14.975962,1,3,Men
W03165,IT · Milan,IT,Operations,L1,Operations L1,Cat B,190,Fixed-term,Hybrid,1.0,2080,23250,0,0,0,0,0,23250,11.177885,11.177885,0,1,Men
W03166,IT · Milan,IT,Operations,L3,Operations L3,Cat D,295,Permanent,Hybrid,1.0,2080,39800,0,0,0,0,0,39800,19.134615,19.134615,0,3,Men
W03167,PL · Kraków,PL,HR,L2,HR L2,Cat B,185,Permanent,Onsite,0.8,1664,23800,0,0,0,0,0,23800,14.302885,14.302885,0,2,Women
W03168,IT · Milan,IT,Finance,L2,Finance L2,Cat B,185,Permanent,Remote,1.0,2080,35900,0,0,0,0,0,35900,17.259615,17.259615,0,2,Women
W03169,PL · Kraków,PL,Customer Service,L6,Customer Service L6,Cat G,410,Permanent,Hybrid,1.0,2080,68950,14940,0,0,4200,19140,88090,33.149038,42.350962,1,4,Men
W03170,PL · Kraków,PL,Customer Service,L2,Customer Service L2,Cat C,210,Fixed-term,Onsite,1.0,2080,23000,0,0,840,0,840,23840,11.057692,11.461538,1,2,Women
W03171,PL · Kraków,PL,Operations,L4,Operations L4,Cat E,335,Permanent,Hybrid,1.0,2080,44400,3410,0,0,0,3410,47810,21.346154,22.985577,1,4,Men
W03172,ES · Barcelona,ES,Customer Service,L1,Customer Service L1,Cat B,175,Permanent,Onsite,0.8,1664,15520,0,0,960,0,960,16480,9.326923,9.903846,1,1,Men
W03173,PL · Kraków,PL,Operations,L2,Operations L2,Cat C,225,Permanent,Hybrid,1.0,2080,22950,0,0,0,0,0,22950,11.033654,11.033654,0,1,Women
W03175,PL · Kraków,PL,Customer Service,L1,Customer Service L1,Cat B,175,Permanent,Onsite,1.0,2080,18150,0,0,840,0,840,18990,8.725962,9.129808,1,1,Men
W03176,PL · Kraków,PL,Operations,L5,Operations L5,Cat F,340,Permanent,Remote,0.8,1664,43320,7530,0,0,4200,11730,55050,26.033654,33.082933,1,4,Women
W03178,PL · Kraków,PL,Sales,L3,Sales L3,Cat D,285,Permanent,Hybrid,1.0,2080,32200,1450,5330,0,0,6780,38980,15.480769,18.740385,1,3,Men
W03179,IT · Milan,IT,Operations,L1,Operations L1,Cat B,190,Permanent,Remote,1.0,2080,22750,0,0,0,0,0,22750,10.9375,10.9375,0,1,Men
W03180,IT · Milan,IT,HR,L2,HR L2,Cat B,185,Fixed-term,Hybrid,1.0,2080,33450,0,0,0,0,0,33450,16.081731,16.081731,0,2,Men
W03181,DE · Munich,DE,Sales,L2,Sales L2,Cat C,215,Fixed-term,Hybrid,0.8,1664,45120,0,7080,0,0,7080,52200,27.115385,31.370192,1,3,Women
W03182,PL · Kraków,PL,Customer Service,L3,Customer Service L3,Cat D,280,Permanent,Hybrid,1.0,2080,29900,1860,0,0,0,1860,31760,14.375,15.269231,1,3,Women
W03184,ES · Barcelona,ES,Tech,L2,Tech L2,Cat B,185,Permanent,Hybrid,1.0,2080,40550,0,0,0,0,0,40550,19.495192,19.495192,0,3,Men
W03185,ES · Barcelona,ES,Sales,L3,Sales L3,Cat D,285,Permanent,Hybrid,1.0,2080,38350,2130,4890,0,0,7020,45370,18.4375,21.8125,1,3,Men
W03187,DE · Munich,DE,Customer Service,L1,Customer Service L1,Cat B,175,Permanent,Onsite,1.0,2080,29150,0,0,1800,0,1800,30950,14.014423,14.879808,1,1,Women
W03188,ES · Barcelona,ES,Customer Service,L1,Customer Service L1,Cat B,175,Fixed-term,Hybrid,1.0,2080,16600,0,0,0,0,0,16600,7.980769,7.980769,0,1,Men
W03189,DE · Munich,DE,Operations,L3,Operations L3,Cat D,295,Permanent,Hybrid,1.0,2080,67100,3350,0,0,0,3350,70450,32.259615,33.870192,1,3,Men
W03190,IT · Milan,IT,Tech,L5,Tech L5,Cat F,340,Permanent,Hybrid,1.0,2080,87700,12980,0,0,6000,18980,106680,42.163462,51.288462,1,4,Men
W03191,PL · Kraków,PL,Operations,L2,Operations L2,Cat C,225,Fixed-term,Remote,1.0,2080,26900,0,0,0,0,0,26900,12.932692,12.932692,0,2,Women
W03193,IT · Milan,IT,Customer Service,L2,Customer Service L2,Cat C,210,Permanent,Hybrid,1.0,2080,31700,0,0,0,0,0,31700,15.240385,15.240385,0,2,Men
W03194,PL · Kraków,PL,Operations,L2,Operations L2,Cat C,225,Permanent,Hybrid,1.0,2080,21900,0,0,0,0,0,21900,10.528846,10.528846,0,1,Women
W03197,IT · Milan,IT,HR,L3,HR L3,Cat D,255,Permanent,Hybrid,1.0,2080,44700,1190,0,0,0,1190,45890,21.490385,22.0625,1,3,Women
W03198,PL · Kraków,PL,HR,L1,HR L1,Cat A,115,Permanent,Onsite,1.0,2080,22600,0,0,0,0,0,22600,10.865385,10.865385,0,1,Men
W03199,PL · Kraków,PL,Finance,L1,Finance L1,Cat A,115,Permanent,Remote,1.0,2080,23550,0,0,0,0,0,23550,11.322115,11.322115,0,1,Women
W03201,ES · Barcelona,ES,Finance,L4,Finance L4,Cat E,325,Permanent,Remote,1.0,2080,55150,5350,0,0,0,5350,60500,26.514423,29.086538,1,4,Men
W03202,PL · Kraków,PL,Tech,L2,Tech L2,Cat B,185,Fixed-term,Hybrid,1.0,2080,28050,0,0,0,0,0,28050,13.485577,13.485577,0,2,Men
W03204,ES · Barcelona,ES,Customer Service,L2,Customer Service L2,Cat C,210,Permanent,Hybrid,1.0,2080,27600,0,0,0,0,0,27600,13.269231,13.269231,0,1,Women
W03205,PL · Kraków,PL,Customer Service,L3,Customer Service L3,Cat D,280,Permanent,Remote,1.0,2080,32350,1740,0,0,0,1740,34090,15.552885,16.389423,1,3,Women
W03206,DE · Munich,DE,Customer Service,L3,Customer Service L3,Cat D,280,Permanent,Remote,1.0,2080,53700,2620,0,0,0,2620,56320,25.817308,27.076923,1,3,Men
W03207,ES · Barcelona,ES,Tech,L3,Tech L3,Cat D,255,Fixed-term,Hybrid,1.0,2080,51750,2420,0,0,0,2420,54170,24.879808,26.043269,1,4,Men
W03208,DE · Munich,DE,Finance,L4,Finance L4,Cat E,325,Fixed-term,Hybrid,1.0,2080,86400,3680,0,0,0,3680,90080,41.538462,43.307692,1,4,Women
W03209,ES · Barcelona,ES,Customer Service,L1,Customer Service L1,Cat B,175,Permanent,Hybrid,1.0,2080,21400,0,0,0,0,0,21400,10.288462,10.288462,0,1,Women
W03210,ES · Barcelona,ES,Tech,L2,Tech L2,Cat B,185,Permanent,Hybrid,1.0,2080,42850,0,0,0,0,0,42850,20.600962,20.600962,0,3,Men
W03211,DE · Munich,DE,Customer Service,L3,Customer Service L3,Cat D,280,Permanent,Onsite,1.0,2080,52750,1310,0,1800,0,3110,55860,25.360577,26.855769,1,3,Women
W03212,ES · Barcelona,ES,Customer Service,L5,Customer Service L5,Cat F,340,Fixed-term,Onsite,1.0,2080,58050,7850,0,0,5400,13250,71300,27.908654,34.278846,1,4,Men
W03213,IT · Milan,IT,Tech,L4,Tech L4,Cat E,325,Permanent,Hybrid,1.0,2080,67150,5780,0,0,0,5780,72930,32.283654,35.0625,1,4,Women
W03214,PL · Kraków,PL,Operations,L5,Operations L5,Cat F,340,Permanent,Hybrid,1.0,2080,68800,11270,0,0,4200,15470,84270,33.076923,40.514423,1,4,Women
W03215,DE · Munich,DE,Sales,L2,Sales L2,Cat C,215,Fixed-term,Onsite,1.0,2080,40600,0,7970,0,0,7970,48570,19.519231,23.350962,1,2,Men
W03217,DE · Munich,DE,HR,L4,HR L4,Cat E,325,Permanent,Onsite,1.0,2080,73100,5590,0,0,0,5590,78690,35.144231,37.831731,1,4,Men
W03218,ES · Barcelona,ES,Finance,L1,Finance L1,Cat A,115,Permanent,Onsite,1.0,2080,27850,0,0,0,0,0,27850,13.389423,13.389423,0,1,Women
W03220,PL · Kraków,PL,Operations,L6,Operations L6,Cat G,410,Permanent,Hybrid,0.8,1664,58920,16340,0,0,4200,20540,79460,35.408654,47.752404,1,4,Women
W03221,ES · Barcelona,ES,Tech,L1,Tech L1,Cat A,150,Permanent,Onsite,1.0,2080,28800,0,0,0,0,0,28800,13.846154,13.846154,0,2,Men
W03223,DE · Munich,DE,HR,L2,HR L2,Cat B,185,Permanent,Hybrid,1.0,2080,53600,0,0,0,0,0,53600,25.769231,25.769231,0,2,Women
W03225,IT · Milan,IT,Operations,L1,Operations L1,Cat B,190,Permanent,Hybrid,0.8,1664,19760,0,0,0,0,0,19760,11.875,11.875,0,1,Women
W03226,IT · Milan,IT,Finance,L2,Finance L2,Cat B,185,Fixed-term,Hybrid,1.0,2080,34200,0,0,0,0,0,34200,16.442308,16.442308,0,2,Men
W03227,ES · Barcelona,ES,HR,L3,HR L3,Cat D,255,Permanent,Onsite,1.0,2080,38200,2460,0,0,0,2460,40660,18.365385,19.548077,1,3,Men
W03228,IT · Milan,IT,Customer Service,L4,Customer Service L4,Cat E,320,Permanent,Remote,1.0,2080,52450,3790,0,0,0,3790,56240,25.216346,27.038462,1,4,Men
W03229,IT · Milan,IT,Operations,L4,Operations L4,Cat E,335,Permanent,Hybrid,1.0,2080,54400,5100,0,0,0,5100,59500,26.153846,28.605769,1,4,Men
W03230,ES · Barcelona,ES,Sales,L3,Sales L3,Cat D,285,Permanent,Onsite,1.0,2080,43700,0,7280,0,0,7280,50980,21.009615,24.509615,1,4,Women
W03231,IT · Milan,IT,Customer Service,L3,Customer Service L3,Cat D,280,Permanent,Hybrid,1.0,2080,42300,2210,0,0,0,2210,44510,20.336538,21.399038,1,3,Women
W03232,IT · Milan,IT,Finance,L1,Finance L1,Cat A,115,Fixed-term,Onsite,1.0,2080,23850,0,0,0,0,0,23850,11.466346,11.466346,0,1,Women
W03233,IT · Milan,IT,Customer Service,L2,Customer Service L2,Cat C,210,Fixed-term,Hybrid,1.0,2080,26300,0,0,0,0,0,26300,12.644231,12.644231,0,1,Women
W03234,ES · Barcelona,ES,Finance,L3,Finance L3,Cat D,255,Fixed-term,Remote,1.0,2080,40000,2140,0,0,0,2140,42140,19.230769,20.259615,1,3,Women
W03235,PL · Kraków,PL,Operations,L3,Operations L3,Cat D,295,Permanent,Onsite,1.0,2080,31300,1420,0,840,0,2260,33560,15.048077,16.134615,1,3,Men
W03236,PL · Kraków,PL,Tech,L3,Tech L3,Cat D,255,Fixed-term,Hybrid,1.0,2080,46050,2240,0,0,0,2240,48290,22.139423,23.216346,1,4,Men
W03237,PL · Kraków,PL,Operations,L1,Operations L1,Cat B,190,Permanent,Hybrid,1.0,2080,20750,0,0,0,0,0,20750,9.975962,9.975962,0,1,Women
W03239,PL · Kraków,PL,Tech,L2,Tech L2,Cat B,185,Fixed-term,Onsite,1.0,2080,35200,0,0,0,0,0,35200,16.923077,16.923077,0,3,Women
W03240,ES · Barcelona,ES,Sales,L1,Sales L1,Cat A,145,Permanent,Remote,1.0,2080,26350,0,3230,0,0,3230,29580,12.668269,14.221154,1,2,Women
W03241,IT · Milan,IT,Customer Service,L2,Customer Service L2,Cat C,210,Permanent,Hybrid,1.0,2080,30550,0,0,0,0,0,30550,14.6875,14.6875,0,2,Women
W03242,ES · Barcelona,ES,HR,L1,HR L1,Cat A,115,Permanent,Hybrid,1.0,2080,22350,0,0,0,0,0,22350,10.745192,10.745192,0,1,Men
W03243,PL · Kraków,PL,Sales,L2,Sales L2,Cat C,215,Permanent,Hybrid,1.0,2080,27050,0,4500,0,0,4500,31550,13.004808,15.168269,1,3,Men
W03244,IT · Milan,IT,HR,L1,HR L1,Cat A,115,Permanent,Remote,1.0,2080,24900,0,0,0,0,0,24900,11.971154,11.971154,0,1,Men
W03245,IT · Milan,IT,Operations,L2,Operations L2,Cat C,225,Permanent,Hybrid,1.0,2080,26250,0,0,0,0,0,26250,12.620192,12.620192,0,1,Women
W03247,PL · Kraków,PL,Operations,L3,Operations L3,Cat D,295,Permanent,Onsite,1.0,2080,32950,780,0,840,0,1620,34570,15.841346,16.620192,1,3,Men
W03249,PL · Kraków,PL,Sales,L2,Sales L2,Cat C,215,Permanent,Onsite,0.8,1664,21240,0,2660,0,0,2660,23900,12.764423,14.362981,1,2,Men
W03250,PL · Kraków,PL,Customer Service,L2,Customer Service L2,Cat C,210,Permanent,Remote,1.0,2080,24450,0,0,0,0,0,24450,11.754808,11.754808,0,2,Women
W03252,DE · Munich,DE,Finance,L2,Finance L2,Cat B,185,Permanent,Hybrid,1.0,2080,51100,0,0,0,0,0,51100,24.567308,24.567308,0,2,Women
W03253,PL · Kraków,PL,Customer Service,L1,Customer Service L1,Cat B,175,Permanent,Remote,1.0,2080,14650,0,0,0,0,0,14650,7.043269,7.043269,0,1,Women
W03254,ES · Barcelona,ES,HR,L3,HR L3,Cat D,255,Permanent,Remote,1.0,2080,40700,2210,0,0,0,2210,42910,19.567308,20.629808,1,3,Women
W03255,IT · Milan,IT,Tech,L1,Tech L1,Cat A,150,Permanent,Remote,1.0,2080,32850,0,0,0,0,0,32850,15.793269,15.793269,0,2,Women
W03256,PL · Kraków,PL,Operations,L2,Operations L2,Cat C,225,Permanent,Hybrid,1.0,2080,25000,0,0,0,0,0,25000,12.019231,12.019231,0,2,Men
W03258,PL · Kraków,PL,Operations,L1,Operations L1,Cat B,190,Permanent,Onsite,1.0,2080,20000,0,0,840,0,840,20840,9.615385,10.019231,1,1,Women
W03259,IT · Milan,IT,Tech,L1,Tech L1,Cat A,150,Permanent,Remote,1.0,2080,35900,0,0,0,0,0,35900,17.259615,17.259615,0,2,Men
W03260,IT · Milan,IT,Tech,L1,Tech L1,Cat A,150,Permanent,Hybrid,0.8,1664,27560,0,0,0,0,0,27560,16.5625,16.5625,0,2,Men
W03261,IT · Milan,IT,Tech,L4,Tech L4,Cat E,325,Permanent,Hybrid,1.0,2080,73450,7590,0,0,0,7590,81040,35.3125,38.961538,1,4,Men
W03262,PL · Kraków,PL,Customer Service,L2,Customer Service L2,Cat C,210,Permanent,Remote,1.0,2080,20900,0,0,0,0,0,20900,10.048077,10.048077,0,1,Women
W03263,IT · Milan,IT,Operations,L2,Operations L2,Cat C,225,Fixed-term,Hybrid,1.0,2080,31300,0,0,0,0,0,31300,15.048077,15.048077,0,2,Women
W03265,DE · Munich,DE,Tech,L1,Tech L1,Cat A,150,Permanent,Remote,1.0,2080,47250,0,0,0,0,0,47250,22.716346,22.716346,0,2,Men
W03266,DE · Munich,DE,Customer Service,L5,Customer Service L5,Cat F,340,Fixed-term,Hybrid,1.0,2080,93650,11020,0,0,7200,18220,111870,45.024038,53.783654,1,4,Men
W03267,IT · Milan,IT,Tech,L3,Tech L3,Cat D,255,Fixed-term,Hybrid,1.0,2080,50700,2520,0,0,0,2520,53220,24.375,25.586538,1,4,Men
W03268,PL · Kraków,PL,Tech,L1,Tech L1,Cat A,150,Permanent,Hybrid,1.0,2080,26050,0,0,0,0,0,26050,12.524038,12.524038,0,2,Men
W03269,DE · Munich,DE,Tech,L4,Tech L4,Cat E,325,Permanent,Onsite,1.0,2080,106000,7830,0,0,0,7830,113830,50.961538,54.725962,1,4,Men
W03270,IT · Milan,IT,Customer Service,L3,Customer Service L3,Cat D,280,Fixed-term,Hybrid,1.0,2080,31050,860,0,0,0,860,31910,14.927885,15.341346,1,2,Men
W03271,DE · Munich,DE,Customer Service,L5,Customer Service L5,Cat F,340,Fixed-term,Onsite,1.0,2080,98000,11700,0,0,7200,18900,116900,47.115385,56.201923,1,4,Men
W03272,DE · Munich,DE,Operations,L4,Operations L4,Cat E,335,Permanent,Onsite,0.8,1664,55320,5540,0,0,0,5540,60860,33.245192,36.574519,1,4,Men
W03273,IT · Milan,IT,Operations,L2,Operations L2,Cat C,225,Permanent,Onsite,1.0,2080,30000,0,0,1320,0,1320,31320,14.423077,15.057692,1,2,Women
W03274,PL · Kraków,PL,Customer Service,L3,Customer Service L3,Cat D,280,Permanent,Remote,1.0,2080,31050,2360,0,0,0,2360,33410,14.927885,16.0625,1,3,Women
W03275,DE · Munich,DE,Operations,L4,Operations L4,Cat E,335,Permanent,Remote,1.0,2080,89900,8740,0,0,0,8740,98640,43.221154,47.423077,1,4,Men
W03276,PL · Kraków,PL,Tech,L3,Tech L3,Cat D,255,Permanent,Hybrid,1.0,2080,46750,3010,0,0,0,3010,49760,22.475962,23.923077,1,4,Women
W03277,IT · Milan,IT,Customer Service,L1,Customer Service L1,Cat B,175,Permanent,Hybrid,1.0,2080,22700,0,0,0,0,0,22700,10.913462,10.913462,0,1,Women
W03278,IT · Milan,IT,Operations,L2,Operations L2,Cat C,225,Fixed-term,Hybrid,0.8,1664,21280,0,0,0,0,0,21280,12.788462,12.788462,0,1,Men
W03279,DE · Munich,DE,Sales,L2,Sales L2,Cat C,215,Permanent,Onsite,1.0,2080,53750,0,6330,0,0,6330,60080,25.841346,28.884615,1,3,Men
W03280,ES · Barcelona,ES,Tech,L1,Tech L1,Cat A,150,Permanent,Hybrid,1.0,2080,34150,0,0,0,0,0,34150,16.418269,16.418269,0,2,Women
W03281,IT · Milan,IT,Operations,L1,Operations L1,Cat B,190,Permanent,Onsite,1.0,2080,20150,0,0,1320,0,1320,21470,9.6875,10.322115,1,1,Women
W03282,IT · Milan,IT,Customer Service,L4,Customer Service L4,Cat E,320,Permanent,Hybrid,1.0,2080,45600,3720,0,0,0,3720,49320,21.923077,23.711538,1,3,Men
W03283,PL · Kraków,PL,Finance,L2,Finance L2,Cat B,185,Permanent,Hybrid,1.0,2080,26850,0,0,0,0,0,26850,12.908654,12.908654,0,2,Men
W03284,PL · Kraków,PL,Operations,L2,Operations L2,Cat C,225,Fixed-term,Hybrid,1.0,2080,25050,0,0,0,0,0,25050,12.043269,12.043269,0,2,Men
W03285,DE · Munich,DE,Sales,L2,Sales L2,Cat C,215,Fixed-term,Onsite,1.0,2080,51650,0,9730,0,0,9730,61380,24.831731,29.509615,1,3,Women
W03286,PL · Kraków,PL,HR,L4,HR L4,Cat E,325,Permanent,Hybrid,1.0,2080,36800,3250,0,0,0,3250,40050,17.692308,19.254808,1,3,Men
W03287,IT · Milan,IT,Finance,L5,Finance L5,Cat F,340,Permanent,Hybrid,0.8,1664,68760,7890,0,0,6000,13890,82650,41.322115,49.669471,1,4,Women
W03288,ES · Barcelona,ES,HR,L4,HR L4,Cat E,325,Permanent,Onsite,1.0,2080,68850,5580,0,0,0,5580,74430,33.100962,35.783654,1,4,Women
W03289,DE · Munich,DE,Operations,L3,Operations L3,Cat D,295,Permanent,Onsite,0.8,1664,40360,2610,0,1440,0,4050,44410,24.254808,26.688702,1,3,Women
W03290,DE · Munich,DE,Operations,L4,Operations L4,Cat E,335,Fixed-term,Remote,1.0,2080,65550,7090,0,0,0,7090,72640,31.514423,34.923077,1,3,Men
W03291,IT · Milan,IT,Operations,L5,Operations L5,Cat F,340,Permanent,Hybrid,1.0,2080,71700,4260,0,0,6000,10260,81960,34.471154,39.403846,1,4,Men
W03292,ES · Barcelona,ES,Sales,L6,Sales L6,Cat G,410,Permanent,Hybrid,1.0,2080,96300,9570,17790,0,5400,32760,129060,46.298077,62.048077,1,4,Men
W03293,PL · Kraków,PL,Operations,L2,Operations L2,Cat C,225,Fixed-term,Hybrid,1.0,2080,23500,0,0,0,0,0,23500,11.298077,11.298077,0,1,Women
W03294,IT · Milan,IT,Finance,L3,Finance L3,Cat D,255,Fixed-term,Onsite,1.0,2080,51300,2370,0,0,0,2370,53670,24.663462,25.802885,1,4,Men
W03295,IT · Milan,IT,Operations,L2,Operations L2,Cat C,225,Fixed-term,Hybrid,1.0,2080,30250,0,0,0,0,0,30250,14.543269,14.543269,0,2,Men
W03298,PL · Kraków,PL,Tech,L4,Tech L4,Cat E,325,Permanent,Hybrid,0.8,1664,38960,3310,0,0,0,3310,42270,23.413462,25.402644,1,4,Men
W03300,PL · Kraków,PL,Tech,L6,Tech L6,Cat G,410,Permanent,Hybrid,1.0,2080,122300,24010,0,0,4200,28210,150510,58.798077,72.360577,1,4,Women
W03301,ES · Barcelona,ES,Tech,L3,Tech L3,Cat D,255,Fixed-term,Remote,1.0,2080,55050,2970,0,0,0,2970,58020,26.466346,27.894231,1,4,Men
W03302,DE · Munich,DE,Sales,L4,Sales L4,Cat E,320,Fixed-term,Hybrid,1.0,2080,73750,5710,9800,0,0,15510,89260,35.456731,42.913462,1,4,Women
W03304,IT · Milan,IT,Operations,L3,Operations L3,Cat D,295,Permanent,Hybrid,1.0,2080,45000,2760,0,0,0,2760,47760,21.634615,22.961538,1,3,Women
W03305,ES · Barcelona,ES,Sales,L1,Sales L1,Cat A,145,Permanent,Onsite,1.0,2080,27000,0,3520,0,0,3520,30520,12.980769,14.673077,1,2,Women
W03306,DE · Munich,DE,Finance,L3,Finance L3,Cat D,255,Permanent,Hybrid,1.0,2080,65500,4380,0,0,0,4380,69880,31.490385,33.596154,1,3,Men
W03307,IT · Milan,IT,HR,L6,HR L6,Cat G,410,Permanent,Hybrid,1.0,2080,110750,20230,0,0,6000,26230,136980,53.245192,65.855769,1,4,Men
W03308,DE · Munich,DE,Customer Service,L2,Customer Service L2,Cat C,210,Permanent,Hybrid,1.0,2080,39300,0,0,0,0,0,39300,18.894231,18.894231,0,1,Women
W03309,IT · Milan,IT,Customer Service,L1,Customer Service L1,Cat B,175,Permanent,Onsite,1.0,2080,25650,0,0,1320,0,1320,26970,12.331731,12.966346,1,1,Women
W03310,DE · Munich,DE,HR,L1,HR L1,Cat A,115,Permanent,Hybrid,1.0,2080,43450,0,0,0,0,0,43450,20.889423,20.889423,0,2,Women
W03313,PL · Kraków,PL,Customer Service,L2,Customer Service L2,Cat C,210,Permanent,Hybrid,1.0,2080,23650,0,0,0,0,0,23650,11.370192,11.370192,0,2,Men
W03314,DE · Munich,DE,Customer Service,L5,Customer Service L5,Cat F,340,Permanent,Hybrid,1.0,2080,95950,10220,0,0,7200,17420,113370,46.129808,54.504808,1,4,Men
W03315,PL · Kraków,PL,Customer Service,L6,Customer Service L6,Cat G,410,Fixed-term,Onsite,1.0,2080,76550,14810,0,0,4200,19010,95560,36.802885,45.942308,1,4,Women
W03316,IT · Milan,IT,Customer Service,L1,Customer Service L1,Cat B,175,Permanent,Hybrid,0.8,1664,15520,0,0,0,0,0,15520,9.326923,9.326923,0,1,Women
W03317,PL · Kraków,PL,Finance,L5,Finance L5,Cat F,340,Fixed-term,Remote,1.0,2080,60950,7430,0,0,4200,11630,72580,29.302885,34.894231,1,4,Women
W03318,IT · Milan,IT,Customer Service,L6,Customer Service L6,Cat G,410,Fixed-term,Hybrid,1.0,2080,90900,17540,0,0,6000,23540,114440,43.701923,55.019231,1,4,Men
W03319,ES · Barcelona,ES,HR,L3,HR L3,Cat D,255,Permanent,Hybrid,1.0,2080,39700,2550,0,0,0,2550,42250,19.086538,20.3125,1,3,Men
W03320,PL · Kraków,PL,HR,L4,HR L4,Cat E,325,Permanent,Hybrid,0.8,1664,34760,3470,0,0,0,3470,38230,20.889423,22.97476,1,4,Men
W03321,PL · Kraków,PL,HR,L1,HR L1,Cat A,115,Permanent,Hybrid,0.8,1664,19880,0,0,0,0,0,19880,11.947115,11.947115,0,2,Women
W03322,DE · Munich,DE,Operations,L1,Operations L1,Cat B,190,Permanent,Hybrid,1.0,2080,37600,0,0,0,0,0,37600,18.076923,18.076923,0,1,Men
W03323,ES · Barcelona,ES,Customer Service,L1,Customer Service L1,Cat B,175,Permanent,Onsite,1.0,2080,24100,0,0,1200,0,1200,25300,11.586538,12.163462,1,1,Women
W03324,DE · Munich,DE,Customer Service,L2,Customer Service L2,Cat C,210,Permanent,Hybrid,1.0,2080,41600,0,0,0,0,0,41600,20.0,20.0,0,1,Women
W03325,PL · Kraków,PL,Tech,L1,Tech L1,Cat A,150,Permanent,Hybrid,1.0,2080,28850,0,0,0,0,0,28850,13.870192,13.870192,0,2,Men
W03327,DE · Munich,DE,Sales,L2,Sales L2,Cat C,215,Permanent,Hybrid,1.0,2080,39250,0,4780,0,0,4780,44030,18.870192,21.168269,1,2,Women
W03328,ES · Barcelona,ES,Customer Service,L4,Customer Service L4,Cat E,320,Permanent,Hybrid,1.0,2080,46700,3840,0,0,0,3840,50540,22.451923,24.298077,1,4,Women
W03329,IT · Milan,IT,Customer Service,L2,Customer Service L2,Cat C,210,Permanent,Hybrid,1.0,2080,28100,0,0,0,0,0,28100,13.509615,13.509615,0,1,Men
W03330,PL · Kraków,PL,Tech,L4,Tech L4,Cat E,325,Permanent,Hybrid,1.0,2080,58600,4830,0,0,0,4830,63430,28.173077,30.495192,1,4,Women
W03331,IT · Milan,IT,Customer Service,L3,Customer Service L3,Cat D,280,Permanent,Hybrid,1.0,2080,36900,2410,0,0,0,2410,39310,17.740385,18.899038,1,3,Men
W03332,IT · Milan,IT,Sales,L1,Sales L1,Cat A,145,Permanent,Hybrid,0.8,1664,18240,0,2760,0,0,2760,21000,10.961538,12.620192,1,1,Women
W03333,DE · Munich,DE,HR,L1,HR L1,Cat A,115,Permanent,Onsite,1.0,2080,34550,0,0,0,0,0,34550,16.610577,16.610577,0,1,Women
W03334,IT · Milan,IT,Finance,L1,Finance L1,Cat A,115,Fixed-term,Hybrid,1.0,2080,27150,0,0,0,0,0,27150,13.052885,13.052885,0,1,Men
W03335,DE · Munich,DE,HR,L3,HR L3,Cat D,255,Fixed-term,Hybrid,1.0,2080,54050,3530,0,0,0,3530,57580,25.985577,27.682692,1,3,Men
W03336,ES · Barcelona,ES,Operations,L3,Operations L3,Cat D,295,Permanent,Hybrid,1.0,2080,32750,840,0,0,0,840,33590,15.745192,16.149038,1,2,Women
W03337,ES · Barcelona,ES,Operations,L2,Operations L2,Cat C,225,Permanent,Hybrid,1.0,2080,29550,0,0,0,0,0,29550,14.206731,14.206731,0,2,Men
W03338,ES · Barcelona,ES,Customer Service,L3,Customer Service L3,Cat D,280,Permanent,Onsite,1.0,2080,39250,0,0,1200,0,1200,40450,18.870192,19.447115,1,3,Men
W03339,DE · Munich,DE,Sales,L3,Sales L3,Cat D,285,Permanent,Hybrid,1.0,2080,71950,6160,12250,0,0,18410,90360,34.591346,43.442308,1,4,Men
W03340,IT · Milan,IT,Operations,L2,Operations L2,Cat C,225,Permanent,Onsite,1.0,2080,29950,0,0,1320,0,1320,31270,14.399038,15.033654,1,2,Men
W03341,PL · Kraków,PL,Customer Service,L5,Customer Service L5,Cat F,340,Permanent,Remote,1.0,2080,50950,5560,0,0,4200,9760,60710,24.495192,29.1875,1,4,Men
W03342,DE · Munich,DE,Tech,L1,Tech L1,Cat A,150,Permanent,Hybrid,1.0,2080,39400,0,0,0,0,0,39400,18.942308,18.942308,0,1,Men
W03343,ES · Barcelona,ES,Operations,L2,Operations L2,Cat C,225,Fixed-term,Onsite,1.0,2080,36950,0,0,1200,0,1200,38150,17.764423,18.341346,1,3,Women
W03344,DE · Munich,DE,Tech,L2,Tech L2,Cat B,185,Fixed-term,Onsite,1.0,2080,56800,0,0,0,0,0,56800,27.307692,27.307692,0,3,Women
W03345,ES · Barcelona,ES,Customer Service,L2,Customer Service L2,Cat C,210,Permanent,Hybrid,1.0,2080,27150,0,0,0,0,0,27150,13.052885,13.052885,0,1,Women
W03346,PL · Kraków,PL,Finance,L5,Finance L5,Cat F,340,Permanent,Onsite,1.0,2080,68850,7930,0,0,4200,12130,80980,33.100962,38.932692,1,4,Women
W03347,ES · Barcelona,ES,Operations,L2,Operations L2,Cat C,225,Permanent,Hybrid,1.0,2080,30700,0,0,0,0,0,30700,14.759615,14.759615,0,2,Men
W03348,IT · Milan,IT,Operations,L3,Operations L3,Cat D,295,Fixed-term,Hybrid,1.0,2080,39200,1840,0,0,0,1840,41040,18.846154,19.730769,1,3,Women
W03349,DE · Munich,DE,Finance,L5,Finance L5,Cat F,340,Permanent,Onsite,1.0,2080,121300,14290,0,0,7200,21490,142790,58.317308,68.649038,1,4,Men
W03351,PL · Kraków,PL,Sales,L1,Sales L1,Cat A,145,Fixed-term,Hybrid,1.0,2080,23200,0,3100,0,0,3100,26300,11.153846,12.644231,1,2,Men
W03352,DE · Munich,DE,Operations,L1,Operations L1,Cat B,190,Permanent,Remote,1.0,2080,37350,0,0,0,0,0,37350,17.956731,17.956731,0,1,Women
W03353,PL · Kraków,PL,HR,L3,HR L3,Cat D,255,Fixed-term,Hybrid,1.0,2080,34600,1700,0,0,0,1700,36300,16.634615,17.451923,1,3,Men
W03355,IT · Milan,IT,Customer Service,L6,Customer Service L6,Cat G,410,Permanent,Onsite,1.0,2080,90550,26890,0,0,6000,32890,123440,43.533654,59.346154,1,4,Men
W03356,IT · Milan,IT,Operations,L3,Operations L3,Cat D,295,Permanent,Onsite,1.0,2080,44500,1170,0,1320,0,2490,46990,21.394231,22.591346,1,3,Women
W03357,DE · Munich,DE,Finance,L1,Finance L1,Cat A,115,Permanent,Hybrid,1.0,2080,41600,0,0,0,0,0,41600,20.0,20.0,0,1,Women
W03359,PL · Kraków,PL,Customer Service,L3,Customer Service L3,Cat D,280,Fixed-term,Hybrid,1.0,2080,29700,1590,0,0,0,1590,31290,14.278846,15.043269,1,3,Men
W03360,DE · Munich,DE,Finance,L3,Finance L3,Cat D,255,Fixed-term,Onsite,1.0,2080,58850,1440,0,0,0,1440,60290,28.293269,28.985577,1,3,Men
W03361,DE · Munich,DE,Tech,L1,Tech L1,Cat A,150,Permanent,Hybrid,1.0,2080,44600,0,0,0,0,0,44600,21.442308,21.442308,0,2,Women
W03362,PL · Kraków,PL,Sales,L4,Sales L4,Cat E,320,Permanent,Hybrid,1.0,2080,46500,3910,8220,0,0,12130,58630,22.355769,28.1875,1,4,Men
W03363,PL · Kraków,PL,Sales,L3,Sales L3,Cat D,285,Fixed-term,Onsite,1.0,2080,36650,1880,7580,0,0,9460,46110,17.620192,22.168269,1,4,Men
W03364,DE · Munich,DE,Sales,L5,Sales L5,Cat F,340,Permanent,Hybrid,1.0,2080,116450,14560,20850,0,7200,42610,159060,55.985577,76.471154,1,4,Men
W03366,PL · Kraków,PL,Customer Service,L2,Customer Service L2,Cat C,210,Permanent,Hybrid,0.8,1664,19000,0,0,0,0,0,19000,11.418269,11.418269,0,2,Women
W03367,ES · Barcelona,ES,Customer Service,L2,Customer Service L2,Cat C,210,Permanent,Hybrid,1.0,2080,28600,0,0,0,0,0,28600,13.75,13.75,0,2,Men
W03368,IT · Milan,IT,Customer Service,L4,Customer Service L4,Cat E,320,Permanent,Onsite,1.0,2080,47100,3650,0,0,0,3650,50750,22.644231,24.399038,1,3,Women
W03370,ES · Barcelona,ES,Sales,L3,Sales L3,Cat D,285,Fixed-term,Hybrid,1.0,2080,45500,2240,7530,0,0,9770,55270,21.875,26.572115,1,4,Men
W03371,PL · Kraków,PL,Customer Service,L1,Customer Service L1,Cat B,175,Fixed-term,Hybrid,1.0,2080,17500,0,0,0,0,0,17500,8.413462,8.413462,0,1,Women
W03372,IT · Milan,IT,Customer Service,L4,Customer Service L4,Cat E,320,Permanent,Hybrid,1.0,2080,56750,4520,0,0,0,4520,61270,27.283654,29.456731,1,4,Men
W03373,PL · Kraków,PL,Tech,L5,Tech L5,Cat F,340,Permanent,Hybrid,1.0,2080,79900,9430,0,0,4200,13630,93530,38.413462,44.966346,1,4,Men
W03374,IT · Milan,IT,Finance,L1,Finance L1,Cat A,115,Fixed-term,Hybrid,0.8,1664,25560,0,0,0,0,0,25560,15.360577,15.360577,0,2,Women
W03375,IT · Milan,IT,Tech,L2,Tech L2,Cat B,185,Fixed-term,Remote,1.0,2080,39650,0,0,0,0,0,39650,19.0625,19.0625,0,3,Men
W03376,PL · Kraków,PL,HR,L1,HR L1,Cat A,115,Permanent,Hybrid,1.0,2080,20450,0,0,0,0,0,20450,9.831731,9.831731,0,1,Men
W03377,IT · Milan,IT,Tech,L2,Tech L2,Cat B,185,Permanent,Hybrid,1.0,2080,44400,0,0,0,0,0,44400,21.346154,21.346154,0,3,Women
W03378,IT · Milan,IT,Tech,L3,Tech L3,Cat D,255,Fixed-term,Hybrid,1.0,2080,57650,3110,0,0,0,3110,60760,27.716346,29.211538,1,4,Women
W03379,IT · Milan,IT,Customer Service,L3,Customer Service L3,Cat D,280,Permanent,Remote,1.0,2080,38850,2240,0,0,0,2240,41090,18.677885,19.754808,1,3,Women
W03380,ES · Barcelona,ES,Customer Service,L2,Customer Service L2,Cat C,210,Permanent,Remote,1.0,2080,27450,0,0,0,0,0,27450,13.197115,13.197115,0,1,Women
W03381,IT · Milan,IT,Customer Service,L1,Customer Service L1,Cat B,175,Permanent,Hybrid,1.0,2080,27050,0,0,0,0,0,27050,13.004808,13.004808,0,1,Women
W03382,PL · Kraków,PL,Operations,L4,Operations L4,Cat E,335,Permanent,Hybrid,1.0,2080,38100,3870,0,0,0,3870,41970,18.317308,20.177885,1,4,Women
W03383,PL · Kraków,PL,Tech,L3,Tech L3,Cat D,255,Permanent,Hybrid,1.0,2080,46950,1130,0,0,0,1130,48080,22.572115,23.115385,1,4,Men
W03384,IT · Milan,IT,Sales,L4,Sales L4,Cat E,320,Permanent,Hybrid,1.0,2080,56450,4530,8590,0,0,13120,69570,27.139423,33.447115,1,4,Men
W03385,IT · Milan,IT,Operations,L1,Operations L1,Cat B,190,Permanent,Remote,1.0,2080,26150,0,0,0,0,0,26150,12.572115,12.572115,0,1,Men
W03386,DE · Munich,DE,Tech,L2,Tech L2,Cat B,185,Permanent,Onsite,1.0,2080,59450,0,0,0,0,0,59450,28.581731,28.581731,0,3,Women
W03387,DE · Munich,DE,Customer Service,L1,Customer Service L1,Cat B,175,Permanent,Onsite,1.0,2080,29000,0,0,1800,0,1800,30800,13.942308,14.807692,1,1,Men
W03388,DE · Munich,DE,Customer Service,L4,Customer Service L4,Cat E,320,Permanent,Hybrid,1.0,2080,77350,7400,0,0,0,7400,84750,37.1875,40.745192,1,4,Men
W03389,DE · Munich,DE,Operations,L2,Operations L2,Cat C,225,Permanent,Hybrid,1.0,2080,42650,0,0,0,0,0,42650,20.504808,20.504808,0,1,Women
W03390,IT · Milan,IT,Finance,L2,Finance L2,Cat B,185,Permanent,Hybrid,1.0,2080,33950,0,0,0,0,0,33950,16.322115,16.322115,0,2,Men
W03391,DE · Munich,DE,Operations,L4,Operations L4,Cat E,335,Permanent,Remote,1.0,2080,75200,5660,0,0,0,5660,80860,36.153846,38.875,1,4,Men
W03393,IT · Milan,IT,Finance,L2,Finance L2,Cat B,185,Fixed-term,Hybrid,1.0,2080,31000,0,0,0,0,0,31000,14.903846,14.903846,0,2,Men
W03394,PL · Kraków,PL,Customer Service,L2,Customer Service L2,Cat C,210,Fixed-term,Hybrid,1.0,2080,23950,0,0,0,0,0,23950,11.514423,11.514423,0,2,Women
W03395,DE · Munich,DE,Operations,L2,Operations L2,Cat C,225,Permanent,Hybrid,1.0,2080,50100,0,0,0,0,0,50100,24.086538,24.086538,0,2,Men
W03396,DE · Munich,DE,Customer Service,L1,Customer Service L1,Cat B,175,Permanent,Remote,1.0,2080,32350,0,0,0,0,0,32350,15.552885,15.552885,0,1,Women
W03398,DE · Munich,DE,Customer Service,L3,Customer Service L3,Cat D,280,Fixed-term,Onsite,1.0,2080,51900,2660,0,1800,0,4460,56360,24.951923,27.096154,1,3,Men
W03399,IT · Milan,IT,Finance,L4,Finance L4,Cat E,325,Permanent,Hybrid,1.0,2080,48700,3740,0,0,0,3740,52440,23.413462,25.211538,1,4,Women
W03400,DE · Munich,DE,Customer Service,L3,Customer Service L3,Cat D,280,Permanent,Hybrid,1.0,2080,57150,1370,0,0,0,1370,58520,27.475962,28.134615,1,3,Women
W03401,DE · Munich,DE,Customer Service,L1,Customer Service L1,Cat B,175,Permanent,Onsite,1.0,2080,28800,0,0,1800,0,1800,30600,13.846154,14.711538,1,1,Women
W03402,ES · Barcelona,ES,Tech,L3,Tech L3,Cat D,255,Permanent,Onsite,1.0,2080,48900,2440,0,0,0,2440,51340,23.509615,24.682692,1,4,Men
W03403,PL · Kraków,PL,Operations,L3,Operations L3,Cat D,295,Permanent,Remote,1.0,2080,26700,1260,0,0,0,1260,27960,12.836538,13.442308,1,2,Women
W03405,ES · Barcelona,ES,HR,L2,HR L2,Cat B,185,Fixed-term,Hybrid,1.0,2080,18500,0,0,0,0,0,18500,8.894231,8.894231,0,1,Women
W03406,IT · Milan,IT,Operations,L1,Operations L1,Cat B,190,Permanent,Remote,1.0,2080,23200,0,0,0,0,0,23200,11.153846,11.153846,0,1,Women
W03407,ES · Barcelona,ES,Customer Service,L3,Customer Service L3,Cat D,280,Permanent,Hybrid,1.0,2080,31750,810,0,0,0,810,32560,15.264423,15.653846,1,2,Women
W03408,PL · Kraków,PL,Tech,L4,Tech L4,Cat E,325,Permanent,Onsite,1.0,2080,42250,3360,0,0,0,3360,45610,20.3125,21.927885,1,4,Men
W03409,PL · Kraków,PL,HR,L4,HR L4,Cat E,325,Permanent,Onsite,1.0,2080,48500,1720,0,0,0,1720,50220,23.317308,24.144231,1,4,Men
W03410,IT · Milan,IT,Tech,L3,Tech L3,Cat D,255,Permanent,Onsite,1.0,2080,51950,2670,0,0,0,2670,54620,24.975962,26.259615,1,4,Women
W03411,IT · Milan,IT,HR,L2,HR L2,Cat B,185,Fixed-term,Onsite,1.0,2080,31850,0,0,0,0,0,31850,15.3125,15.3125,0,2,Men
W03412,ES · Barcelona,ES,Operations,L1,Operations L1,Cat B,190,Permanent,Hybrid,1.0,2080,25500,0,0,0,0,0,25500,12.259615,12.259615,0,1,Women
W03414,IT · Milan,IT,Tech,L2,Tech L2,Cat B,185,Permanent,Hybrid,1.0,2080,43150,0,0,0,0,0,43150,20.745192,20.745192,0,3,Men
W03415,PL · Kraków,PL,Tech,L3,Tech L3,Cat D,255,Permanent,Hybrid,1.0,2080,38600,0,0,0,0,0,38600,18.557692,18.557692,0,3,Men
W03416,ES · Barcelona,ES,Operations,L2,Operations L2,Cat C,225,Permanent,Onsite,1.0,2080,30400,0,0,1200,0,1200,31600,14.615385,15.192308,1,2,Women
W03417,PL · Kraków,PL,Customer Service,L5,Customer Service L5,Cat F,340,Permanent,Remote,1.0,2080,58500,7960,0,0,4200,12160,70660,28.125,33.971154,1,4,Men
W03418,PL · Kraków,PL,Customer Service,L2,Customer Service L2,Cat C,210,Permanent,Hybrid,1.0,2080,24700,0,0,0,0,0,24700,11.875,11.875,0,2,Men
W03419,DE · Munich,DE,Customer Service,L4,Customer Service L4,Cat E,320,Permanent,Hybrid,0.8,1664,47320,3870,0,0,0,3870,51190,28.4375,30.763221,1,3,Men
W03420,ES · Barcelona,ES,Operations,L2,Operations L2,Cat C,225,Fixed-term,Hybrid,1.0,2080,26150,0,0,0,0,0,26150,12.572115,12.572115,0,1,Women
W03421,IT · Milan,IT,Tech,L4,Tech L4,Cat E,325,Permanent,Onsite,1.0,2080,71650,6000,0,0,0,6000,77650,34.447115,37.331731,1,4,Men
W03422,IT · Milan,IT,Finance,L4,Finance L4,Cat E,325,Permanent,Hybrid,1.0,2080,60650,4510,0,0,0,4510,65160,29.158654,31.326923,1,4,Men
W03423,DE · Munich,DE,Operations,L4,Operations L4,Cat E,335,Permanent,Hybrid,1.0,2080,75450,2900,0,0,0,2900,78350,36.274038,37.668269,1,4,Men
W03424,ES · Barcelona,ES,Customer Service,L4,Customer Service L4,Cat E,320,Permanent,Hybrid,1.0,2080,46850,5860,0,0,0,5860,52710,22.524038,25.341346,1,4,Women
W03425,IT · Milan,IT,Tech,L5,Tech L5,Cat F,340,Permanent,Hybrid,1.0,2080,93350,13980,0,0,6000,19980,113330,44.879808,54.485577,1,4,Men
W03426,IT · Milan,IT,Operations,L2,Operations L2,Cat C,225,Permanent,Hybrid,0.8,1664,22640,0,0,0,0,0,22640,13.605769,13.605769,0,1,Women
W03427,IT · Milan,IT,Operations,L3,Operations L3,Cat D,295,Permanent,Remote,0.8,1664,27960,2260,0,0,0,2260,30220,16.802885,18.161058,1,3,Women
W03428,DE · Munich,DE,Customer Service,L1,Customer Service L1,Cat B,175,Permanent,Hybrid,1.0,2080,34650,0,0,0,0,0,34650,16.658654,16.658654,0,1,Men
W03429,ES · Barcelona,ES,Operations,L2,Operations L2,Cat C,225,Permanent,Hybrid,1.0,2080,27650,0,0,0,0,0,27650,13.293269,13.293269,0,1,Women
W03431,PL · Kraków,PL,HR,L3,HR L3,Cat D,255,Permanent,Hybrid,1.0,2080,36600,2040,0,0,0,2040,38640,17.596154,18.576923,1,3,Women
W03432,IT · Milan,IT,Tech,L1,Tech L1,Cat A,150,Permanent,Hybrid,1.0,2080,35650,0,0,0,0,0,35650,17.139423,17.139423,0,2,Women
W03433,IT · Milan,IT,Customer Service,L5,Customer Service L5,Cat F,340,Permanent,Hybrid,1.0,2080,68900,8400,0,0,6000,14400,83300,33.125,40.048077,1,4,Men
W03434,PL · Kraków,PL,Finance,L1,Finance L1,Cat A,115,Permanent,Remote,1.0,2080,25200,0,0,0,0,0,25200,12.115385,12.115385,0,2,Men
W03436,IT · Milan,IT,HR,L2,HR L2,Cat B,185,Permanent,Hybrid,1.0,2080,34100,0,0,0,0,0,34100,16.394231,16.394231,0,2,Men
W03437,ES · Barcelona,ES,Operations,L6,Operations L6,Cat G,410,Permanent,Hybrid,1.0,2080,86000,18640,0,0,5400,24040,110040,41.346154,52.903846,1,4,Men
W03438,ES · Barcelona,ES,HR,L3,HR L3,Cat D,255,Permanent,Onsite,1.0,2080,38500,1960,0,0,0,1960,40460,18.509615,19.451923,1,3,Men
W03439,PL · Kraków,PL,Operations,L2,Operations L2,Cat C,225,Fixed-term,Remote,1.0,2080,29750,0,0,0,0,0,29750,14.302885,14.302885,0,2,Men
W03440,DE · Munich,DE,Finance,L1,Finance L1,Cat A,115,Permanent,Onsite,1.0,2080,40600,0,0,0,0,0,40600,19.519231,19.519231,0,1,Women
W03441,PL · Kraków,PL,Tech,L5,Tech L5,Cat F,340,Permanent,Hybrid,1.0,2080,81950,4900,0,0,4200,9100,91050,39.399038,43.774038,1,4,Women
W03442,ES · Barcelona,ES,Operations,L2,Operations L2,Cat C,225,Permanent,Onsite,1.0,2080,26150,0,0,1200,0,1200,27350,12.572115,13.149038,1,1,Women
W03444,IT · Milan,IT,Operations,L3,Operations L3,Cat D,295,Fixed-term,Hybrid,1.0,2080,44350,2720,0,0,0,2720,47070,21.322115,22.629808,1,3,Men
W03445,PL · Kraków,PL,Tech,L1,Tech L1,Cat A,150,Fixed-term,Hybrid,1.0,2080,30400,0,0,0,0,0,30400,14.615385,14.615385,0,3,Women
W03447,IT · Milan,IT,Customer Service,L5,Customer Service L5,Cat F,340,Permanent,Onsite,0.8,1664,52200,9480,0,0,6000,15480,67680,31.370192,40.673077,1,4,Women
W03448,DE · Munich,DE,Customer Service,L2,Customer Service L2,Cat C,210,Permanent,Hybrid,1.0,2080,41700,0,0,0,0,0,41700,20.048077,20.048077,0,1,Men
W03449,DE · Munich,DE,Customer Service,L1,Customer Service L1,Cat B,175,Permanent,Onsite,1.0,2080,30650,0,0,1800,0,1800,32450,14.735577,15.600962,1,1,Women
W03450,PL · Kraków,PL,Operations,L3,Operations L3,Cat D,295,Permanent,Hybrid,1.0,2080,40700,1020,0,0,0,1020,41720,19.567308,20.057692,1,4,Men
W03451,PL · Kraków,PL,HR,L3,HR L3,Cat D,255,Fixed-term,Hybrid,1.0,2080,31450,720,0,0,0,720,32170,15.120192,15.466346,1,3,Men
W03452,ES · Barcelona,ES,Sales,L4,Sales L4,Cat E,320,Permanent,Remote,1.0,2080,55350,5350,10610,0,0,15960,71310,26.610577,34.283654,1,4,Men
W03453,IT · Milan,IT,Customer Service,L2,Customer Service L2,Cat C,210,Permanent,Remote,1.0,2080,30000,0,0,0,0,0,30000,14.423077,14.423077,0,2,Men
W03454,ES · Barcelona,ES,Sales,L3,Sales L3,Cat D,285,Permanent,Hybrid,1.0,2080,43400,2170,5870,0,0,8040,51440,20.865385,24.730769,1,4,Men
W03455,PL · Kraków,PL,Operations,L5,Operations L5,Cat F,340,Permanent,Remote,0.8,1664,47880,6340,0,0,4200,10540,58420,28.774038,35.108173,1,4,Men
W03456,DE · Munich,DE,Sales,L2,Sales L2,Cat C,215,Permanent,Hybrid,1.0,2080,54850,0,8400,0,0,8400,63250,26.370192,30.408654,1,3,Women
W03457,DE · Munich,DE,Sales,L2,Sales L2,Cat C,215,Permanent,Onsite,1.0,2080,42500,0,5480,0,0,5480,47980,20.432692,23.067308,1,2,Women
W03458,DE · Munich,DE,Customer Service,L4,Customer Service L4,Cat E,320,Permanent,Hybrid,1.0,2080,78950,6110,0,0,0,6110,85060,37.956731,40.894231,1,4,Men
W03459,ES · Barcelona,ES,HR,L4,HR L4,Cat E,325,Fixed-term,Hybrid,0.8,1664,38400,1600,0,0,0,1600,40000,23.076923,24.038462,1,4,Men
W03460,DE · Munich,DE,Tech,L3,Tech L3,Cat D,255,Permanent,Remote,1.0,2080,80950,1930,0,0,0,1930,82880,38.918269,39.846154,1,4,Men
W03461,PL · Kraków,PL,HR,L2,HR L2,Cat B,185,Fixed-term,Hybrid,0.8,1664,23680,0,0,0,0,0,23680,14.230769,14.230769,0,2,Women
W03462,PL · Kraków,PL,Customer Service,L3,Customer Service L3,Cat D,280,Permanent,Onsite,1.0,2080,28650,1840,0,840,0,2680,31330,13.774038,15.0625,1,3,Women
W03463,DE · Munich,DE,Customer Service,L1,Customer Service L1,Cat B,175,Fixed-term,Hybrid,1.0,2080,33950,0,0,0,0,0,33950,16.322115,16.322115,0,1,Men
W03464,IT · Milan,IT,Sales,L4,Sales L4,Cat E,320,Fixed-term,Onsite,1.0,2080,56100,6090,7770,0,0,13860,69960,26.971154,33.634615,1,4,Women
W03465,IT · Milan,IT,Finance,L1,Finance L1,Cat A,115,Permanent,Remote,1.0,2080,32350,0,0,0,0,0,32350,15.552885,15.552885,0,2,Men
W03467,IT · Milan,IT,Finance,L5,Finance L5,Cat F,340,Permanent,Onsite,1.0,2080,88600,13320,0,0,6000,19320,107920,42.596154,51.884615,1,4,Men
W03468,IT · Milan,IT,Operations,L1,Operations L1,Cat B,190,Fixed-term,Onsite,1.0,2080,26000,0,0,1320,0,1320,27320,12.5,13.134615,1,1,Women
W03470,IT · Milan,IT,Sales,L1,Sales L1,Cat A,145,Permanent,Onsite,1.0,2080,27800,0,3890,0,0,3890,31690,13.365385,15.235577,1,2,Men
W03471,DE · Munich,DE,Operations,L4,Operations L4,Cat E,335,Fixed-term,Hybrid,1.0,2080,72900,3030,0,0,0,3030,75930,35.048077,36.504808,1,4,Men
W03473,ES · Barcelona,ES,Sales,L1,Sales L1,Cat A,145,Permanent,Hybrid,1.0,2080,27650,0,3900,0,0,3900,31550,13.293269,15.168269,1,2,Men
W03474,PL · Kraków,PL,Operations,L3,Operations L3,Cat D,295,Permanent,Hybrid,1.0,2080,27050,1240,0,0,0,1240,28290,13.004808,13.600962,1,2,Women
W03475,IT · Milan,IT,Operations,L3,Operations L3,Cat D,295,Permanent,Onsite,1.0,2080,51750,2450,0,1320,0,3770,55520,24.879808,26.692308,1,4,Women
W03476,IT · Milan,IT,Customer Service,L6,Customer Service L6,Cat G,410,Permanent,Onsite,1.0,2080,96450,18460,0,0,6000,24460,120910,46.370192,58.129808,1,4,Women
W03477,PL · Kraków,PL,Sales,L4,Sales L4,Cat E,320,Permanent,Remote,1.0,2080,44500,3410,3990,0,0,7400,51900,21.394231,24.951923,1,4,Women
W03478,DE · Munich,DE,Sales,L3,Sales L3,Cat D,285,Permanent,Onsite,1.0,2080,75350,4250,12010,0,0,16260,91610,36.225962,44.043269,1,4,Men
W03479,IT · Milan,IT,Finance,L2,Finance L2,Cat B,185,Permanent,Remote,1.0,2080,30850,0,0,0,0,0,30850,14.831731,14.831731,0,2,Women
W03481,IT · Milan,IT,Tech,L1,Tech L1,Cat A,150,Permanent,Remote,1.0,2080,34850,0,0,0,0,0,34850,16.754808,16.754808,0,2,Men
W03482,ES · Barcelona,ES,Operations,L4,Operations L4,Cat E,335,Permanent,Onsite,1.0,2080,50550,3810,0,0,0,3810,54360,24.302885,26.134615,1,4,Men
W03483,DE · Munich,DE,Customer Service,L3,Customer Service L3,Cat D,280,Fixed-term,Remote,1.0,2080,58350,2730,0,0,0,2730,61080,28.052885,29.365385,1,3,Men
W03484,DE · Munich,DE,Finance,L2,Finance L2,Cat B,185,Permanent,Hybrid,1.0,2080,50900,0,0,0,0,0,50900,24.471154,24.471154,0,2,Women
W03485,PL · Kraków,PL,Customer Service,L2,Customer Service L2,Cat C,210,Permanent,Remote,1.0,2080,19300,0,0,0,0,0,19300,9.278846,9.278846,0,1,Women
W03486,IT · Milan,IT,Operations,L5,Operations L5,Cat F,340,Permanent,Onsite,1.0,2080,76450,10440,0,0,6000,16440,92890,36.754808,44.658654,1,4,Men
W03487,IT · Milan,IT,Customer Service,L2,Customer Service L2,Cat C,210,Permanent,Hybrid,1.0,2080,32850,0,0,0,0,0,32850,15.793269,15.793269,0,2,Women
W03488,DE · Munich,DE,HR,L3,HR L3,Cat D,255,Permanent,Onsite,1.0,2080,68950,5280,0,0,0,5280,74230,33.149038,35.6875,1,4,Men
W03489,PL · Kraków,PL,Operations,L4,Operations L4,Cat E,335,Permanent,Hybrid,1.0,2080,45700,5440,0,0,0,5440,51140,21.971154,24.586538,1,4,Women
W03490,DE · Munich,DE,Operations,L2,Operations L2,Cat C,225,Permanent,Onsite,1.0,2080,46750,0,0,1800,0,1800,48550,22.475962,23.341346,1,2,Women
W03492,DE · Munich,DE,Sales,L2,Sales L2,Cat C,215,Fixed-term,Hybrid,1.0,2080,53450,0,6980,0,0,6980,60430,25.697115,29.052885,1,3,Women
W03493,ES · Barcelona,ES,Operations,L4,Operations L4,Cat E,335,Fixed-term,Hybrid,1.0,2080,47750,3550,0,0,0,3550,51300,22.956731,24.663462,1,4,Men
W03494,DE · Munich,DE,Finance,L1,Finance L1,Cat A,115,Permanent,Onsite,0.8,1664,32320,0,0,0,0,0,32320,19.423077,19.423077,0,1,Men
W03495,IT · Milan,IT,HR,L4,HR L4,Cat E,325,Permanent,Onsite,1.0,2080,55300,4240,0,0,0,4240,59540,26.586538,28.625,1,4,Men
W03496,IT · Milan,IT,Sales,L2,Sales L2,Cat C,215,Fixed-term,Hybrid,1.0,2080,29700,0,4980,0,0,4980,34680,14.278846,16.673077,1,2,Women
W03497,IT · Milan,IT,Finance,L3,Finance L3,Cat D,255,Permanent,Hybrid,1.0,2080,45250,2420,0,0,0,2420,47670,21.754808,22.918269,1,3,Men
W03498,IT · Milan,IT,Tech,L3,Tech L3,Cat D,255,Permanent,Onsite,1.0,2080,49350,1040,0,0,0,1040,50390,23.725962,24.225962,1,3,Men
W03499,PL · Kraków,PL,Sales,L3,Sales L3,Cat D,285,Permanent,Hybrid,1.0,2080,32850,800,8140,0,0,8940,41790,15.793269,20.091346,1,4,Men
W03500,PL · Kraków,PL,Operations,L4,Operations L4,Cat E,335,Permanent,Onsite,1.0,2080,39300,3920,0,0,0,3920,43220,18.894231,20.778846,1,4,Men
W03501,DE · Munich,DE,Finance,L1,Finance L1,Cat A,115,Permanent,Hybrid,0.8,1664,30880,0,0,0,0,0,30880,18.557692,18.557692,0,1,Women
W03502,ES · Barcelona,ES,Operations,L3,Operations L3,Cat D,295,Permanent,Onsite,1.0,2080,40500,930,0,1200,0,2130,42630,19.471154,20.495192,1,3,Men
W03503,PL · Kraków,PL,Sales,L4,Sales L4,Cat E,320,Permanent,Hybrid,1.0,2080,42400,3210,4940,0,0,8150,50550,20.384615,24.302885,1,4,Men
W03504,DE · Munich,DE,Sales,L2,Sales L2,Cat C,215,Fixed-term,Onsite,1.0,2080,56900,0,9910,0,0,9910,66810,27.355769,32.120192,1,3,Men
W03505,DE · Munich,DE,Finance,L3,Finance L3,Cat D,255,Fixed-term,Remote,0.8,1664,50360,2350,0,0,0,2350,52710,30.264423,31.676683,1,3,Women
W03508,PL · Kraków,PL,Tech,L1,Tech L1,Cat A,150,Permanent,Hybrid,1.0,2080,25400,0,0,0,0,0,25400,12.211538,12.211538,0,2,Women
W03510,DE · Munich,DE,Tech,L2,Tech L2,Cat B,185,Permanent,Onsite,1.0,2080,71450,0,0,0,0,0,71450,34.350962,34.350962,0,3,Men
W03511,IT · Milan,IT,Tech,L3,Tech L3,Cat D,255,Permanent,Hybrid,1.0,2080,48950,2440,0,0,0,2440,51390,23.533654,24.706731,1,4,Men
W03512,DE · Munich,DE,Operations,L3,Operations L3,Cat D,295,Permanent,Onsite,1.0,2080,56400,3550,0,1800,0,5350,61750,27.115385,29.6875,1,3,Men
W03513,PL · Kraków,PL,Finance,L1,Finance L1,Cat A,115,Permanent,Onsite,1.0,2080,18200,0,0,0,0,0,18200,8.75,8.75,0,1,Men
W03514,PL · Kraków,PL,Operations,L1,Operations L1,Cat B,190,Permanent,Hybrid,1.0,2080,19150,0,0,0,0,0,19150,9.206731,9.206731,0,1,Women
W03515,DE · Munich,DE,Sales,L4,Sales L4,Cat E,320,Permanent,Remote,0.8,1664,67680,8040,8480,0,0,16520,84200,40.673077,50.600962,1,4,Women
W03517,PL · Kraków,PL,Finance,L2,Finance L2,Cat B,185,Permanent,Hybrid,1.0,2080,26000,0,0,0,0,0,26000,12.5,12.5,0,2,Men
W03518,IT · Milan,IT,Sales,L2,Sales L2,Cat C,215,Permanent,Onsite,1.0,2080,34750,0,4340,0,0,4340,39090,16.706731,18.793269,1,3,Women
W03519,IT · Milan,IT,Tech,L1,Tech L1,Cat A,150,Permanent,Hybrid,1.0,2080,28600,0,0,0,0,0,28600,13.75,13.75,0,1,Women
W03520,DE · Munich,DE,Sales,L1,Sales L1,Cat A,145,Permanent,Hybrid,1.0,2080,37250,0,3840,0,0,3840,41090,17.908654,19.754808,1,1,Women
W03521,PL · Kraków,PL,Customer Service,L2,Customer Service L2,Cat C,210,Permanent,Remote,1.0,2080,22050,0,0,0,0,0,22050,10.600962,10.600962,0,1,Men
W03522,DE · Munich,DE,Customer Service,L3,Customer Service L3,Cat D,280,Permanent,Onsite,1.0,2080,47200,2530,0,1800,0,4330,51530,22.692308,24.774038,1,2,Men
W03523,PL · Kraków,PL,Finance,L5,Finance L5,Cat F,340,Permanent,Hybrid,1.0,2080,66400,8100,0,0,4200,12300,78700,31.923077,37.836538,1,4,Men
W03524,IT · Milan,IT,Operations,L2,Operations L2,Cat C,225,Fixed-term,Hybrid,1.0,2080,28650,0,0,0,0,0,28650,13.774038,13.774038,0,1,Women
W03525,ES · Barcelona,ES,Tech,L4,Tech L4,Cat E,325,Permanent,Onsite,1.0,2080,65300,5000,0,0,0,5000,70300,31.394231,33.798077,1,4,Men
W03526,IT · Milan,IT,Operations,L6,Operations L6,Cat G,410,Fixed-term,Hybrid,1.0,2080,97350,25290,0,0,6000,31290,128640,46.802885,61.846154,1,4,Men
W03527,IT · Milan,IT,Customer Service,L1,Customer Service L1,Cat B,175,Permanent,Remote,1.0,2080,22400,0,0,0,0,0,22400,10.769231,10.769231,0,1,Women
W03528,DE · Munich,DE,HR,L3,HR L3,Cat D,255,Permanent,Onsite,0.8,1664,52720,2660,0,0,0,2660,55380,31.682692,33.28125,1,3,Men
W03529,IT · Milan,IT,Finance,L5,Finance L5,Cat F,340,Fixed-term,Remote,1.0,2080,97650,11730,0,0,6000,17730,115380,46.947115,55.471154,1,4,Men
W03530,PL · Kraków,PL,HR,L2,HR L2,Cat B,185,Permanent,Onsite,1.0,2080,25700,0,0,0,0,0,25700,12.355769,12.355769,0,2,Men
W03531,ES · Barcelona,ES,Operations,L1,Operations L1,Cat B,190,Permanent,Hybrid,1.0,2080,22650,0,0,0,0,0,22650,10.889423,10.889423,0,1,Women
W03532,IT · Milan,IT,Customer Service,L5,Customer Service L5,Cat F,340,Permanent,Hybrid,1.0,2080,63300,7390,0,0,6000,13390,76690,30.432692,36.870192,1,4,Men
W03534,IT · Milan,IT,Customer Service,L3,Customer Service L3,Cat D,280,Permanent,Onsite,1.0,2080,38850,1980,0,1320,0,3300,42150,18.677885,20.264423,1,3,Men
W03535,PL · Kraków,PL,Customer Service,L1,Customer Service L1,Cat B,175,Permanent,Onsite,1.0,2080,17000,0,0,840,0,840,17840,8.173077,8.576923,1,1,Men
W03536,PL · Kraków,PL,Tech,L2,Tech L2,Cat B,185,Permanent,Remote,1.0,2080,35800,0,0,0,0,0,35800,17.211538,17.211538,0,3,Women
W03537,IT · Milan,IT,Tech,L4,Tech L4,Cat E,325,Permanent,Hybrid,1.0,2080,74600,6100,0,0,0,6100,80700,35.865385,38.798077,1,4,Men
W03539,PL · Kraków,PL,Sales,L1,Sales L1,Cat A,145,Permanent,Remote,1.0,2080,23550,0,2730,0,0,2730,26280,11.322115,12.634615,1,2,Men
W03540,DE · Munich,DE,Finance,L1,Finance L1,Cat A,115,Fixed-term,Hybrid,1.0,2080,41850,0,0,0,0,0,41850,20.120192,20.120192,0,1,Men
W03541,ES · Barcelona,ES,Customer Service,L1,Customer Service L1,Cat B,175,Permanent,Hybrid,0.8,1664,20960,0,0,0,0,0,20960,12.596154,12.596154,0,1,Women
W03542,PL · Kraków,PL,Sales,L6,Sales L6,Cat G,410,Fixed-term,Hybrid,1.0,2080,94050,26800,15910,0,4200,46910,140960,45.216346,67.769231,1,4,Men
W03543,DE · Munich,DE,Customer Service,L1,Customer Service L1,Cat B,175,Fixed-term,Hybrid,1.0,2080,30250,0,0,0,0,0,30250,14.543269,14.543269,0,1,Men
W03544,DE · Munich,DE,Customer Service,L4,Customer Service L4,Cat E,320,Permanent,Hybrid,1.0,2080,77900,5720,0,0,0,5720,83620,37.451923,40.201923,1,4,Women
W03547,DE · Munich,DE,Tech,L1,Tech L1,Cat A,150,Permanent,Remote,1.0,2080,49000,0,0,0,0,0,49000,23.557692,23.557692,0,2,Men
W03549,PL · Kraków,PL,Tech,L1,Tech L1,Cat A,150,Permanent,Hybrid,1.0,2080,26450,0,0,0,0,0,26450,12.716346,12.716346,0,2,Men
W03550,PL · Kraków,PL,Customer Service,L3,Customer Service L3,Cat D,280,Permanent,Hybrid,1.0,2080,26050,680,0,0,0,680,26730,12.524038,12.850962,1,2,Men
W03551,IT · Milan,IT,Finance,L2,Finance L2,Cat B,185,Permanent,Onsite,1.0,2080,36550,0,0,0,0,0,36550,17.572115,17.572115,0,2,Women
W03552,PL · Kraków,PL,HR,L2,HR L2,Cat B,185,Fixed-term,Hybrid,0.8,1664,19120,0,0,0,0,0,19120,11.490385,11.490385,0,2,Women
W03553,IT · Milan,IT,Operations,L4,Operations L4,Cat E,335,Fixed-term,Onsite,1.0,2080,49900,4640,0,0,0,4640,54540,23.990385,26.221154,1,4,Men
W03554,IT · Milan,IT,Customer Service,L4,Customer Service L4,Cat E,320,Permanent,Onsite,1.0,2080,47550,3620,0,0,0,3620,51170,22.860577,24.600962,1,3,Women
W03555,IT · Milan,IT,Sales,L4,Sales L4,Cat E,320,Permanent,Hybrid,1.0,2080,61500,7610,11050,0,0,18660,80160,29.567308,38.538462,1,4,Men
W03556,PL · Kraków,PL,HR,L1,HR L1,Cat A,115,Permanent,Remote,1.0,2080,18150,0,0,0,0,0,18150,8.725962,8.725962,0,1,Women
W03557,IT · Milan,IT,Customer Service,L2,Customer Service L2,Cat C,210,Permanent,Hybrid,1.0,2080,29850,0,0,0,0,0,29850,14.350962,14.350962,0,2,Women
W03558,PL · Kraków,PL,Customer Service,L2,Customer Service L2,Cat C,210,Permanent,Remote,1.0,2080,26500,0,0,0,0,0,26500,12.740385,12.740385,0,2,Women
W03559,IT · Milan,IT,Operations,L1,Operations L1,Cat B,190,Permanent,Remote,1.0,2080,24100,0,0,0,0,0,24100,11.586538,11.586538,0,1,Men
W03560,PL · Kraków,PL,Customer Service,L4,Customer Service L4,Cat E,320,Permanent,Hybrid,1.0,2080,40000,4140,0,0,0,4140,44140,19.230769,21.221154,1,4,Women
W03561,DE · Munich,DE,Operations,L3,Operations L3,Cat D,295,Permanent,Remote,0.8,1664,47800,2860,0,0,0,2860,50660,28.725962,30.444712,1,3,Men
W03562,DE · Munich,DE,Operations,L2,Operations L2,Cat C,225,Permanent,Onsite,1.0,2080,45400,0,0,1800,0,1800,47200,21.826923,22.692308,1,2,Women
W03563,DE · Munich,DE,Tech,L2,Tech L2,Cat B,185,Permanent,Onsite,1.0,2080,58650,0,0,0,0,0,58650,28.197115,28.197115,0,3,Men
W03564,DE · Munich,DE,Tech,L2,Tech L2,Cat B,185,Permanent,Remote,1.0,2080,55400,0,0,0,0,0,55400,26.634615,26.634615,0,3,Men
W03566,IT · Milan,IT,Operations,L2,Operations L2,Cat C,225,Permanent,Hybrid,0.8,1664,24560,0,0,0,0,0,24560,14.759615,14.759615,0,2,Men
W03567,PL · Kraków,PL,Customer Service,L4,Customer Service L4,Cat E,320,Permanent,Hybrid,0.8,1664,30200,2190,0,0,0,2190,32390,18.149038,19.465144,1,3,Women
W03568,ES · Barcelona,ES,Finance,L2,Finance L2,Cat B,185,Permanent,Hybrid,1.0,2080,35450,0,0,0,0,0,35450,17.043269,17.043269,0,3,Men
W03569,PL · Kraków,PL,Operations,L4,Operations L4,Cat E,335,Permanent,Hybrid,1.0,2080,39300,3570,0,0,0,3570,42870,18.894231,20.610577,1,4,Men
W03570,IT · Milan,IT,Operations,L2,Operations L2,Cat C,225,Permanent,Hybrid,1.0,2080,31750,0,0,0,0,0,31750,15.264423,15.264423,0,2,Women
W03571,ES · Barcelona,ES,Finance,L5,Finance L5,Cat F,340,Permanent,Onsite,1.0,2080,75300,9960,0,0,5400,15360,90660,36.201923,43.586538,1,4,Men
W03573,PL · Kraków,PL,Customer Service,L4,Customer Service L4,Cat E,320,Permanent,Remote,1.0,2080,40800,3570,0,0,0,3570,44370,19.615385,21.331731,1,4,Men
W03574,PL · Kraków,PL,Operations,L2,Operations L2,Cat C,225,Fixed-term,Hybrid,1.0,2080,21350,0,0,0,0,0,21350,10.264423,10.264423,0,1,Women
W03575,PL · Kraków,PL,Customer Service,L1,Customer Service L1,Cat B,175,Permanent,Onsite,0.8,1664,14640,0,0,672,0,672,15312,8.798077,9.201923,1,1,Women
W03576,ES · Barcelona,ES,Operations,L3,Operations L3,Cat D,295,Permanent,Hybrid,1.0,2080,40250,1890,0,0,0,1890,42140,19.350962,20.259615,1,3,Men
W03577,PL · Kraków,PL,Sales,L1,Sales L1,Cat A,145,Permanent,Hybrid,1.0,2080,24650,0,2950,0,0,2950,27600,11.850962,13.269231,1,2,Women
W03578,PL · Kraków,PL,Customer Service,L2,Customer Service L2,Cat C,210,Permanent,Onsite,1.0,2080,26300,0,0,840,0,840,27140,12.644231,13.048077,1,2,Men
W03579,IT · Milan,IT,Operations,L1,Operations L1,Cat B,190,Fixed-term,Hybrid,1.0,2080,21700,0,0,0,0,0,21700,10.432692,10.432692,0,1,Women
W03580,ES · Barcelona,ES,Operations,L1,Operations L1,Cat B,190,Permanent,Remote,1.0,2080,25450,0,0,0,0,0,25450,12.235577,12.235577,0,1,Women
W03582,PL · Kraków,PL,Customer Service,L6,Customer Service L6,Cat G,410,Fixed-term,Hybrid,1.0,2080,82850,21670,0,0,4200,25870,108720,39.831731,52.269231,1,4,Men
W03583,DE · Munich,DE,Customer Service,L2,Customer Service L2,Cat C,210,Permanent,Onsite,1.0,2080,41750,0,0,1800,0,1800,43550,20.072115,20.9375,1,2,Men
W03584,IT · Milan,IT,Operations,L5,Operations L5,Cat F,340,Permanent,Remote,1.0,2080,68050,3870,0,0,6000,9870,77920,32.716346,37.461538,1,4,Men
W03585,PL · Kraków,PL,Operations,L2,Operations L2,Cat C,225,Permanent,Hybrid,1.0,2080,23500,0,0,0,0,0,23500,11.298077,11.298077,0,1,Men
W03586,ES · Barcelona,ES,HR,L5,HR L5,Cat F,340,Fixed-term,Hybrid,1.0,2080,72150,3760,0,0,5400,9160,81310,34.6875,39.091346,1,4,Men
W03587,PL · Kraków,PL,Tech,L3,Tech L3,Cat D,255,Permanent,Onsite,1.0,2080,40400,2120,0,0,0,2120,42520,19.423077,20.442308,1,4,Women
W03588,PL · Kraków,PL,Tech,L3,Tech L3,Cat D,255,Permanent,Hybrid,1.0,2080,39700,2000,0,0,0,2000,41700,19.086538,20.048077,1,4,Men
W03590,IT · Milan,IT,Customer Service,L2,Customer Service L2,Cat C,210,Permanent,Remote,1.0,2080,28700,0,0,0,0,0,28700,13.798077,13.798077,0,1,Women
W03591,PL · Kraków,PL,Customer Service,L1,Customer Service L1,Cat B,175,Fixed-term,Hybrid,1.0,2080,20300,0,0,0,0,0,20300,9.759615,9.759615,0,1,Men
W03592,DE · Munich,DE,Operations,L1,Operations L1,Cat B,190,Permanent,Hybrid,1.0,2080,36200,0,0,0,0,0,36200,17.403846,17.403846,0,1,Men
W03593,ES · Barcelona,ES,Tech,L2,Tech L2,Cat B,185,Fixed-term,Hybrid,1.0,2080,42350,0,0,0,0,0,42350,20.360577,20.360577,0,3,Men
W03594,ES · Barcelona,ES,Tech,L1,Tech L1,Cat A,150,Fixed-term,Onsite,1.0,2080,27500,0,0,0,0,0,27500,13.221154,13.221154,0,1,Men
W03595,PL · Kraków,PL,Operations,L2,Operations L2,Cat C,225,Permanent,Onsite,1.0,2080,25450,0,0,840,0,840,26290,12.235577,12.639423,1,2,Men
W03596,ES · Barcelona,ES,Customer Service,L1,Customer Service L1,Cat B,175,Permanent,Hybrid,1.0,2080,23250,0,0,0,0,0,23250,11.177885,11.177885,0,1,Men
W03597,PL · Kraków,PL,Sales,L4,Sales L4,Cat E,320,Permanent,Hybrid,1.0,2080,44900,3560,6410,0,0,9970,54870,21.586538,26.379808,1,4,Men
W03598,DE · Munich,DE,HR,L2,HR L2,Cat B,185,Permanent,Remote,1.0,2080,47100,0,0,0,0,0,47100,22.644231,22.644231,0,2,Women
W03599,IT · Milan,IT,HR,L1,HR L1,Cat A,115,Permanent,Hybrid,0.8,1664,21880,0,0,0,0,0,21880,13.149038,13.149038,0,1,Men
W03601,IT · Milan,IT,Sales,L3,Sales L3,Cat D,285,Permanent,Hybrid,1.0,2080,38950,2730,4190,0,0,6920,45870,18.725962,22.052885,1,3,Women
W03602,IT · Milan,IT,Customer Service,L2,Customer Service L2,Cat C,210,Permanent,Hybrid,1.0,2080,27800,0,0,0,0,0,27800,13.365385,13.365385,0,1,Men
W03603,IT · Milan,IT,HR,L2,HR L2,Cat B,185,Permanent,Hybrid,1.0,2080,31800,0,0,0,0,0,31800,15.288462,15.288462,0,2,Women
W03604,ES · Barcelona,ES,Operations,L3,Operations L3,Cat D,295,Fixed-term,Onsite,1.0,2080,34150,2330,0,1200,0,3530,37680,16.418269,18.115385,1,3,Men
W03605,IT · Milan,IT,Sales,L1,Sales L1,Cat A,145,Permanent,Onsite,1.0,2080,26000,0,3200,0,0,3200,29200,12.5,14.038462,1,2,Women
W03606,PL · Kraków,PL,Operations,L3,Operations L3,Cat D,295,Fixed-term,Onsite,1.0,2080,24200,580,0,840,0,1420,25620,11.634615,12.317308,1,2,Women
W03607,PL · Kraków,PL,Tech,L2,Tech L2,Cat B,185,Permanent,Onsite,1.0,2080,35750,0,0,0,0,0,35750,17.1875,17.1875,0,3,Women
W03608,IT · Milan,IT,HR,L3,HR L3,Cat D,255,Permanent,Hybrid,1.0,2080,41400,2040,0,0,0,2040,43440,19.903846,20.884615,1,3,Women
W03610,DE · Munich,DE,Sales,L1,Sales L1,Cat A,145,Permanent,Hybrid,1.0,2080,34600,0,4870,0,0,4870,39470,16.634615,18.975962,1,1,Women
W03611,DE · Munich,DE,HR,L4,HR L4,Cat E,325,Permanent,Hybrid,1.0,2080,82450,9070,0,0,0,9070,91520,39.639423,44.0,1,4,Women
W03614,DE · Munich,DE,Operations,L3,Operations L3,Cat D,295,Permanent,Hybrid,0.8,1664,52840,2740,0,0,0,2740,55580,31.754808,33.401442,1,3,Men
W03615,DE · Munich,DE,Sales,L3,Sales L3,Cat D,285,Fixed-term,Hybrid,1.0,2080,57600,3450,7910,0,0,11360,68960,27.692308,33.153846,1,3,Men
W03616,IT · Milan,IT,HR,L1,HR L1,Cat A,115,Permanent,Hybrid,1.0,2080,26600,0,0,0,0,0,26600,12.788462,12.788462,0,1,Women
W03617,PL · Kraków,PL,Operations,L3,Operations L3,Cat D,295,Permanent,Hybrid,1.0,2080,33850,1550,0,0,0,1550,35400,16.274038,17.019231,1,3,Women
W03618,IT · Milan,IT,Sales,L2,Sales L2,Cat C,215,Permanent,Onsite,1.0,2080,38400,0,3590,0,0,3590,41990,18.461538,20.1875,1,3,Women
W03619,PL · Kraków,PL,HR,L3,HR L3,Cat D,255,Permanent,Onsite,1.0,2080,33650,1700,0,0,0,1700,35350,16.177885,16.995192,1,3,Women
W03620,PL · Kraków,PL,Finance,L5,Finance L5,Cat F,340,Permanent,Onsite,1.0,2080,75850,8920,0,0,4200,13120,88970,36.466346,42.774038,1,4,Women
W03621,IT · Milan,IT,Operations,L2,Operations L2,Cat C,225,Fixed-term,Onsite,1.0,2080,33450,0,0,1320,0,1320,34770,16.081731,16.716346,1,2,Women
W03622,IT · Milan,IT,Customer Service,L3,Customer Service L3,Cat D,280,Permanent,Hybrid,0.8,1664,31080,1480,0,0,0,1480,32560,18.677885,19.567308,1,3,Women
W03623,ES · Barcelona,ES,Customer Service,L3,Customer Service L3,Cat D,280,Fixed-term,Hybrid,1.0,2080,33500,2230,0,0,0,2230,35730,16.105769,17.177885,1,3,Women
W03624,PL · Kraków,PL,Finance,L3,Finance L3,Cat D,255,Permanent,Onsite,1.0,2080,34300,2090,0,0,0,2090,36390,16.490385,17.495192,1,3,Women
W03625,PL · Kraków,PL,Sales,L2,Sales L2,Cat C,215,Permanent,Hybrid,1.0,2080,26000,0,4540,0,0,4540,30540,12.5,14.682692,1,3,Men
W03626,IT · Milan,IT,Customer Service,L1,Customer Service L1,Cat B,175,Permanent,Hybrid,1.0,2080,25550,0,0,0,0,0,25550,12.283654,12.283654,0,1,Men
W03627,IT · Milan,IT,Tech,L1,Tech L1,Cat A,150,Fixed-term,Remote,1.0,2080,31050,0,0,0,0,0,31050,14.927885,14.927885,0,2,Women
W03628,IT · Milan,IT,Customer Service,L5,Customer Service L5,Cat F,340,Permanent,Onsite,1.0,2080,72750,4620,0,0,6000,10620,83370,34.975962,40.081731,1,4,Women
W03629,PL · Kraków,PL,Tech,L2,Tech L2,Cat B,185,Permanent,Onsite,1.0,2080,33100,0,0,0,0,0,33100,15.913462,15.913462,0,3,Women
W03630,PL · Kraków,PL,Operations,L1,Operations L1,Cat B,190,Permanent,Hybrid,1.0,2080,24050,0,0,0,0,0,24050,11.5625,11.5625,0,2,Men
W03631,ES · Barcelona,ES,Customer Service,L3,Customer Service L3,Cat D,280,Permanent,Hybrid,1.0,2080,36500,1870,0,0,0,1870,38370,17.548077,18.447115,1,3,Men
W03632,IT · Milan,IT,Customer Service,L2,Customer Service L2,Cat C,210,Permanent,Onsite,1.0,2080,27650,0,0,1320,0,1320,28970,13.293269,13.927885,1,2,Men
W03633,PL · Kraków,PL,Customer Service,L2,Customer Service L2,Cat C,210,Permanent,Hybrid,1.0,2080,23600,0,0,0,0,0,23600,11.346154,11.346154,0,2,Women
W03634,IT · Milan,IT,Customer Service,L3,Customer Service L3,Cat D,280,Permanent,Onsite,1.0,2080,39650,1870,0,1320,0,3190,42840,19.0625,20.596154,1,3,Men
W03635,IT · Milan,IT,Operations,L2,Operations L2,Cat C,225,Permanent,Onsite,1.0,2080,29650,0,0,1320,0,1320,30970,14.254808,14.889423,1,2,Women
W03636,PL · Kraków,PL,Tech,L3,Tech L3,Cat D,255,Fixed-term,Hybrid,1.0,2080,41600,2020,0,0,0,2020,43620,20.0,20.971154,1,4,Men
W03638,PL · Kraków,PL,Tech,L4,Tech L4,Cat E,325,Permanent,Hybrid,1.0,2080,61800,6920,0,0,0,6920,68720,29.711538,33.038462,1,4,Men
W03639,IT · Milan,IT,Customer Service,L1,Customer Service L1,Cat B,175,Permanent,Remote,1.0,2080,23200,0,0,0,0,0,23200,11.153846,11.153846,0,1,Men
W03640,IT · Milan,IT,Sales,L6,Sales L6,Cat G,410,Fixed-term,Hybrid,1.0,2080,102800,18200,11220,0,6000,35420,138220,49.423077,66.451923,1,4,Men
W03642,PL · Kraków,PL,Operations,L3,Operations L3,Cat D,295,Permanent,Hybrid,1.0,2080,30200,1490,0,0,0,1490,31690,14.519231,15.235577,1,3,Women
W03643,IT · Milan,IT,Customer Service,L3,Customer Service L3,Cat D,280,Permanent,Hybrid,1.0,2080,36750,2010,0,0,0,2010,38760,17.668269,18.634615,1,3,Men
W03644,IT · Milan,IT,Customer Service,L1,Customer Service L1,Cat B,175,Permanent,Hybrid,1.0,2080,18900,0,0,0,0,0,18900,9.086538,9.086538,0,1,Men
W03645,DE · Munich,DE,HR,L1,HR L1,Cat A,115,Permanent,Hybrid,1.0,2080,41800,0,0,0,0,0,41800,20.096154,20.096154,0,1,Women
W03646,PL · Kraków,PL,Finance,L3,Finance L3,Cat D,255,Permanent,Hybrid,1.0,2080,39600,2320,0,0,0,2320,41920,19.038462,20.153846,1,4,Women
W03647,IT · Milan,IT,Customer Service,L2,Customer Service L2,Cat C,210,Permanent,Onsite,1.0,2080,30550,0,0,1320,0,1320,31870,14.6875,15.322115,1,2,Women
W03648,DE · Munich,DE,Finance,L3,Finance L3,Cat D,255,Fixed-term,Onsite,1.0,2080,65250,3340,0,0,0,3340,68590,31.370192,32.975962,1,3,Women
W03650,DE · Munich,DE,Sales,L4,Sales L4,Cat E,320,Permanent,Hybrid,1.0,2080,88850,7090,8510,0,0,15600,104450,42.716346,50.216346,1,4,Men
W03651,DE · Munich,DE,Tech,L3,Tech L3,Cat D,255,Permanent,Remote,1.0,2080,68400,3420,0,0,0,3420,71820,32.884615,34.528846,1,3,Men
W03652,IT · Milan,IT,HR,L1,HR L1,Cat A,115,Permanent,Remote,1.0,2080,29450,0,0,0,0,0,29450,14.158654,14.158654,0,2,Women
W03653,IT · Milan,IT,Operations,L3,Operations L3,Cat D,295,Permanent,Hybrid,1.0,2080,44050,2730,0,0,0,2730,46780,21.177885,22.490385,1,3,Women
W03654,IT · Milan,IT,Sales,L4,Sales L4,Cat E,320,Fixed-term,Hybrid,1.0,2080,48200,3530,9620,0,0,13150,61350,23.173077,29.495192,1,4,Men
W03655,PL · Kraków,PL,HR,L4,HR L4,Cat E,325,Permanent,Remote,1.0,2080,44150,3210,0,0,0,3210,47360,21.225962,22.769231,1,4,Men
W03657,ES · Barcelona,ES,Customer Service,L3,Customer Service L3,Cat D,280,Permanent,Hybrid,1.0,2080,37500,1870,0,0,0,1870,39370,18.028846,18.927885,1,3,Women
W03658,PL · Kraków,PL,Tech,L4,Tech L4,Cat E,325,Permanent,Remote,1.0,2080,57700,4760,0,0,0,4760,62460,27.740385,30.028846,1,4,Men
W03659,IT · Milan,IT,Sales,L1,Sales L1,Cat A,145,Permanent,Hybrid,1.0,2080,32750,0,3490,0,0,3490,36240,15.745192,17.423077,1,2,Women
W03660,ES · Barcelona,ES,Customer Service,L2,Customer Service L2,Cat C,210,Permanent,Onsite,1.0,2080,25700,0,0,1200,0,1200,26900,12.355769,12.932692,1,1,Women
W03661,IT · Milan,IT,Operations,L1,Operations L1,Cat B,190,Fixed-term,Onsite,1.0,2080,25650,0,0,1320,0,1320,26970,12.331731,12.966346,1,1,Women
W03662,PL · Kraków,PL,Tech,L2,Tech L2,Cat B,185,Permanent,Remote,1.0,2080,33800,0,0,0,0,0,33800,16.25,16.25,0,3,Women
W03663,IT · Milan,IT,Tech,L3,Tech L3,Cat D,255,Fixed-term,Hybrid,1.0,2080,46050,2130,0,0,0,2130,48180,22.139423,23.163462,1,3,Women
W03664,PL · Kraków,PL,Tech,L2,Tech L2,Cat B,185,Permanent,Onsite,1.0,2080,36550,0,0,0,0,0,36550,17.572115,17.572115,0,3,Men
W03665,IT · Milan,IT,Finance,L1,Finance L1,Cat A,115,Permanent,Hybrid,1.0,2080,31200,0,0,0,0,0,31200,15.0,15.0,0,2,Men
W03667,IT · Milan,IT,Sales,L2,Sales L2,Cat C,215,Permanent,Hybrid,1.0,2080,36500,0,3930,0,0,3930,40430,17.548077,19.4375,1,3,Women
W03669,PL · Kraków,PL,Finance,L4,Finance L4,Cat E,325,Permanent,Hybrid,1.0,2080,39250,4850,0,0,0,4850,44100,18.870192,21.201923,1,4,Men
W03670,IT · Milan,IT,Customer Service,L2,Customer Service L2,Cat C,210,Permanent,Hybrid,1.0,2080,25500,0,0,0,0,0,25500,12.259615,12.259615,0,1,Women
W03671,DE · Munich,DE,HR,L1,HR L1,Cat A,115,Permanent,Hybrid,1.0,2080,36300,0,0,0,0,0,36300,17.451923,17.451923,0,1,Women
W03673,IT · Milan,IT,Customer Service,L2,Customer Service L2,Cat C,210,Permanent,Remote,1.0,2080,28000,0,0,0,0,0,28000,13.461538,13.461538,0,1,Men
W03674,IT · Milan,IT,Sales,L3,Sales L3,Cat D,285,Permanent,Hybrid,1.0,2080,44100,1060,6080,0,0,7140,51240,21.201923,24.634615,1,4,Men
W03675,DE · Munich,DE,Operations,L6,Operations L6,Cat G,410,Permanent,Onsite,1.0,2080,132200,26310,0,0,7200,33510,165710,63.557692,79.668269,1,4,Men
W03676,IT · Milan,IT,Sales,L2,Sales L2,Cat C,215,Permanent,Hybrid,1.0,2080,30650,0,5150,0,0,5150,35800,14.735577,17.211538,1,2,Men
W03677,IT · Milan,IT,Customer Service,L6,Customer Service L6,Cat G,410,Permanent,Onsite,1.0,2080,88450,18730,0,0,6000,24730,113180,42.524038,54.413462,1,4,Men
W03678,IT · Milan,IT,Customer Service,L1,Customer Service L1,Cat B,175,Permanent,Hybrid,1.0,2080,22750,0,0,0,0,0,22750,10.9375,10.9375,0,1,Women
W03679,DE · Munich,DE,Customer Service,L2,Customer Service L2,Cat C,210,Permanent,Hybrid,1.0,2080,42400,0,0,0,0,0,42400,20.384615,20.384615,0,1,Women
W03680,IT · Milan,IT,HR,L4,HR L4,Cat E,325,Fixed-term,Remote,1.0,2080,54700,2080,0,0,0,2080,56780,26.298077,27.298077,1,4,Women
W03681,DE · Munich,DE,Tech,L6,Tech L6,Cat G,410,Permanent,Hybrid,1.0,2080,198700,19890,0,0,7200,27090,225790,95.528846,108.552885,1,4,Men
W03682,PL · Kraków,PL,Operations,L3,Operations L3,Cat D,295,Permanent,Remote,1.0,2080,31800,2210,0,0,0,2210,34010,15.288462,16.350962,1,3,Men
W03683,PL · Kraków,PL,Operations,L1,Operations L1,Cat B,190,Fixed-term,Remote,1.0,2080,19450,0,0,0,0,0,19450,9.350962,9.350962,0,1,Men
W03684,PL · Kraków,PL,Customer Service,L5,Customer Service L5,Cat F,340,Permanent,Remote,1.0,2080,38450,4490,0,0,4200,8690,47140,18.485577,22.663462,1,4,Men
W03685,DE · Munich,DE,Sales,L4,Sales L4,Cat E,320,Permanent,Hybrid,1.0,2080,77500,6380,8250,0,0,14630,92130,37.259615,44.293269,1,4,Men
W03688,IT · Milan,IT,Customer Service,L1,Customer Service L1,Cat B,175,Permanent,Hybrid,1.0,2080,23400,0,0,0,0,0,23400,11.25,11.25,0,1,Women
W03690,DE · Munich,DE,Tech,L1,Tech L1,Cat A,150,Fixed-term,Hybrid,1.0,2080,50500,0,0,0,0,0,50500,24.278846,24.278846,0,2,Women
W03693,PL · Kraków,PL,Customer Service,L2,Customer Service L2,Cat C,210,Fixed-term,Remote,1.0,2080,23650,0,0,0,0,0,23650,11.370192,11.370192,0,2,Women
W03694,ES · Barcelona,ES,Sales,L1,Sales L1,Cat A,145,Permanent,Onsite,1.0,2080,24700,0,3560,0,0,3560,28260,11.875,13.586538,1,2,Women
W03696,PL · Kraków,PL,Customer Service,L4,Customer Service L4,Cat E,320,Permanent,Remote,1.0,2080,42050,4530,0,0,0,4530,46580,20.216346,22.394231,1,4,Men
W03697,IT · Milan,IT,Sales,L3,Sales L3,Cat D,285,Permanent,Hybrid,1.0,2080,39450,1860,4630,0,0,6490,45940,18.966346,22.086538,1,3,Women
W03698,IT · Milan,IT,Sales,L5,Sales L5,Cat F,340,Permanent,Remote,0.8,1664,61240,3870,6420,0,6000,16290,77530,36.802885,46.592548,1,4,Women
W03699,IT · Milan,IT,Finance,L1,Finance L1,Cat A,115,Permanent,Onsite,1.0,2080,28050,0,0,0,0,0,28050,13.485577,13.485577,0,1,Women
W03700,IT · Milan,IT,Customer Service,L1,Customer Service L1,Cat B,175,Permanent,Hybrid,1.0,2080,22450,0,0,0,0,0,22450,10.793269,10.793269,0,1,Men
W03701,PL · Kraków,PL,HR,L1,HR L1,Cat A,115,Permanent,Remote,1.0,2080,21150,0,0,0,0,0,21150,10.168269,10.168269,0,1,Men
W03702,ES · Barcelona,ES,Sales,L4,Sales L4,Cat E,320,Permanent,Onsite,1.0,2080,54850,4420,10890,0,0,15310,70160,26.370192,33.730769,1,4,Men
W03703,ES · Barcelona,ES,Tech,L5,Tech L5,Cat F,340,Permanent,Onsite,1.0,2080,97500,6250,0,0,5400,11650,109150,46.875,52.475962,1,4,Women
W03704,DE · Munich,DE,Customer Service,L2,Customer Service L2,Cat C,210,Permanent,Hybrid,1.0,2080,48500,0,0,0,0,0,48500,23.317308,23.317308,0,2,Men
W03705,IT · Milan,IT,Tech,L3,Tech L3,Cat D,255,Permanent,Hybrid,0.8,1664,40040,1980,0,0,0,1980,42020,24.0625,25.252404,1,4,Men
W03706,PL · Kraków,PL,Customer Service,L3,Customer Service L3,Cat D,280,Permanent,Hybrid,0.8,1664,23480,1170,0,0,0,1170,24650,14.110577,14.813702,1,3,Men
W03707,IT · Milan,IT,Finance,L2,Finance L2,Cat B,185,Permanent,Onsite,1.0,2080,38500,0,0,0,0,0,38500,18.509615,18.509615,0,3,Men
W03708,IT · Milan,IT,Operations,L6,Operations L6,Cat G,410,Permanent,Onsite,1.0,2080,98500,10130,0,0,6000,16130,114630,47.355769,55.110577,1,4,Women
W03709,DE · Munich,DE,Customer Service,L1,Customer Service L1,Cat B,175,Permanent,Remote,1.0,2080,34400,0,0,0,0,0,34400,16.538462,16.538462,0,1,Men
W03711,ES · Barcelona,ES,Sales,L4,Sales L4,Cat E,320,Permanent,Hybrid,1.0,2080,52600,1960,7940,0,0,9900,62500,25.288462,30.048077,1,4,Men
W03712,IT · Milan,IT,Sales,L4,Sales L4,Cat E,320,Permanent,Hybrid,1.0,2080,65800,2920,12610,0,0,15530,81330,31.634615,39.100962,1,4,Men
W03713,IT · Milan,IT,Operations,L2,Operations L2,Cat C,225,Fixed-term,Hybrid,1.0,2080,30350,0,0,0,0,0,30350,14.591346,14.591346,0,2,Women
W03715,IT · Milan,IT,Operations,L2,Operations L2,Cat C,225,Permanent,Onsite,1.0,2080,27650,0,0,1320,0,1320,28970,13.293269,13.927885,1,2,Women
W03716,DE · Munich,DE,Tech,L4,Tech L4,Cat E,325,Permanent,Hybrid,1.0,2080,107500,10340,0,0,0,10340,117840,51.682692,56.653846,1,4,Men
W03717,IT · Milan,IT,Finance,L3,Finance L3,Cat D,255,Permanent,Onsite,1.0,2080,48000,1270,0,0,0,1270,49270,23.076923,23.6875,1,3,Women
W03718,PL · Kraków,PL,Sales,L1,Sales L1,Cat A,145,Fixed-term,Hybrid,1.0,2080,25400,0,4690,0,0,4690,30090,12.211538,14.466346,1,2,Women
W03719,IT · Milan,IT,Customer Service,L2,Customer Service L2,Cat C,210,Permanent,Remote,1.0,2080,29800,0,0,0,0,0,29800,14.326923,14.326923,0,2,Women
W03720,IT · Milan,IT,Finance,L3,Finance L3,Cat D,255,Permanent,Remote,1.0,2080,51250,2910,0,0,0,2910,54160,24.639423,26.038462,1,4,Men
W03721,PL · Kraków,PL,Customer Service,L4,Customer Service L4,Cat E,320,Permanent,Hybrid,0.8,1664,30840,1120,0,0,0,1120,31960,18.533654,19.206731,1,3,Women
W03722,PL · Kraków,PL,Operations,L1,Operations L1,Cat B,190,Permanent,Onsite,1.0,2080,21850,0,0,840,0,840,22690,10.504808,10.908654,1,1,Men
W03723,PL · Kraków,PL,Tech,L2,Tech L2,Cat B,185,Permanent,Hybrid,1.0,2080,30900,0,0,0,0,0,30900,14.855769,14.855769,0,3,Men
W03725,PL · Kraków,PL,Tech,L3,Tech L3,Cat D,255,Permanent,Remote,0.8,1664,32240,1940,0,0,0,1940,34180,19.375,20.540865,1,4,Men
W03727,PL · Kraków,PL,Finance,L5,Finance L5,Cat F,340,Permanent,Onsite,1.0,2080,69950,10330,0,0,4200,14530,84480,33.629808,40.615385,1,4,Men
W03729,PL · Kraków,PL,Operations,L3,Operations L3,Cat D,295,Permanent,Onsite,1.0,2080,38500,1930,0,840,0,2770,41270,18.509615,19.841346,1,3,Men
W03730,PL · Kraków,PL,Operations,L2,Operations L2,Cat C,225,Permanent,Onsite,1.0,2080,26700,0,0,840,0,840,27540,12.836538,13.240385,1,2,Men
W03733,DE · Munich,DE,Tech,L3,Tech L3,Cat D,255,Permanent,Hybrid,1.0,2080,82150,4030,0,0,0,4030,86180,39.495192,41.432692,1,4,Women
W03734,IT · Milan,IT,Tech,L2,Tech L2,Cat B,185,Permanent,Remote,1.0,2080,43650,0,0,0,0,0,43650,20.985577,20.985577,0,3,Men
W03735,ES · Barcelona,ES,Tech,L3,Tech L3,Cat D,255,Permanent,Hybrid,0.8,1664,39120,1910,0,0,0,1910,41030,23.509615,24.657452,1,4,Men
W03736,PL · Kraków,PL,Finance,L3,Finance L3,Cat D,255,Permanent,Onsite,0.8,1664,29400,1800,0,0,0,1800,31200,17.668269,18.75,1,3,Men
W03737,PL · Kraków,PL,Sales,L3,Sales L3,Cat D,285,Permanent,Onsite,1.0,2080,40400,2830,6380,0,0,9210,49610,19.423077,23.850962,1,4,Women
W03738,DE · Munich,DE,Customer Service,L1,Customer Service L1,Cat B,175,Permanent,Onsite,1.0,2080,34250,0,0,1800,0,1800,36050,16.466346,17.331731,1,1,Men
W03739,IT · Milan,IT,Customer Service,L1,Customer Service L1,Cat B,175,Permanent,Hybrid,1.0,2080,21850,0,0,0,0,0,21850,10.504808,10.504808,0,1,Women
W03740,IT · Milan,IT,Customer Service,L2,Customer Service L2,Cat C,210,Fixed-term,Hybrid,1.0,2080,23250,0,0,0,0,0,23250,11.177885,11.177885,0,1,Women
W03741,PL · Kraków,PL,Finance,L2,Finance L2,Cat B,185,Permanent,Hybrid,1.0,2080,32550,0,0,0,0,0,32550,15.649038,15.649038,0,3,Women
W03742,DE · Munich,DE,Operations,L2,Operations L2,Cat C,225,Permanent,Hybrid,1.0,2080,39450,0,0,0,0,0,39450,18.966346,18.966346,0,1,Women
W03744,DE · Munich,DE,Customer Service,L2,Customer Service L2,Cat C,210,Permanent,Hybrid,1.0,2080,40250,0,0,0,0,0,40250,19.350962,19.350962,0,1,Women
W03746,ES · Barcelona,ES,Customer Service,L1,Customer Service L1,Cat B,175,Permanent,Onsite,1.0,2080,24750,0,0,1200,0,1200,25950,11.899038,12.475962,1,1,Women
W03747,IT · Milan,IT,Customer Service,L4,Customer Service L4,Cat E,320,Permanent,Hybrid,1.0,2080,52450,4150,0,0,0,4150,56600,25.216346,27.211538,1,4,Women
W03748,PL · Kraków,PL,Operations,L2,Operations L2,Cat C,225,Permanent,Hybrid,0.8,1664,22200,0,0,0,0,0,22200,13.341346,13.341346,0,2,Men
W03749,PL · Kraków,PL,Sales,L3,Sales L3,Cat D,285,Permanent,Hybrid,1.0,2080,37050,980,4730,0,0,5710,42760,17.8125,20.557692,1,4,Women
W03750,IT · Milan,IT,Operations,L3,Operations L3,Cat D,295,Permanent,Onsite,1.0,2080,40300,1970,0,1320,0,3290,43590,19.375,20.956731,1,3,Women
W03751,PL · Kraków,PL,Finance,L3,Finance L3,Cat D,255,Permanent,Hybrid,1.0,2080,36400,0,0,0,0,0,36400,17.5,17.5,0,3,Women
W03752,PL · Kraków,PL,Finance,L4,Finance L4,Cat E,325,Fixed-term,Remote,1.0,2080,48600,3460,0,0,0,3460,52060,23.365385,25.028846,1,4,Men
W03754,PL · Kraków,PL,Customer Service,L3,Customer Service L3,Cat D,280,Permanent,Remote,1.0,2080,33300,850,0,0,0,850,34150,16.009615,16.418269,1,3,Men
W03755,IT · Milan,IT,Sales,L2,Sales L2,Cat C,215,Fixed-term,Onsite,1.0,2080,26800,0,5190,0,0,5190,31990,12.884615,15.379808,1,2,Men
W03756,ES · Barcelona,ES,Operations,L4,Operations L4,Cat E,335,Fixed-term,Remote,1.0,2080,51800,4460,0,0,0,4460,56260,24.903846,27.048077,1,4,Men
W03757,ES · Barcelona,ES,Customer Service,L3,Customer Service L3,Cat D,280,Permanent,Hybrid,1.0,2080,34650,2040,0,0,0,2040,36690,16.658654,17.639423,1,3,Men
W03758,PL · Kraków,PL,Operations,L5,Operations L5,Cat F,340,Permanent,Hybrid,1.0,2080,68150,0,0,0,4200,4200,72350,32.764423,34.783654,1,4,Women
W03759,IT · Milan,IT,Tech,L4,Tech L4,Cat E,325,Permanent,Onsite,1.0,2080,69150,5200,0,0,0,5200,74350,33.245192,35.745192,1,4,Women
W03761,IT · Milan,IT,Sales,L3,Sales L3,Cat D,285,Fixed-term,Onsite,1.0,2080,39300,2040,5530,0,0,7570,46870,18.894231,22.533654,1,3,Women
W03762,PL · Kraków,PL,Tech,L2,Tech L2,Cat B,185,Permanent,Onsite,1.0,2080,34200,0,0,0,0,0,34200,16.442308,16.442308,0,3,Men
W03763,IT · Milan,IT,HR,L1,HR L1,Cat A,115,Fixed-term,Hybrid,1.0,2080,26500,0,0,0,0,0,26500,12.740385,12.740385,0,1,Men
W03764,IT · Milan,IT,HR,L2,HR L2,Cat B,185,Permanent,Remote,1.0,2080,35100,0,0,0,0,0,35100,16.875,16.875,0,2,Women
W03765,PL · Kraków,PL,Customer Service,L4,Customer Service L4,Cat E,320,Permanent,Hybrid,1.0,2080,40600,3010,0,0,0,3010,43610,19.519231,20.966346,1,4,Men
W03766,PL · Kraków,PL,Customer Service,L1,Customer Service L1,Cat B,175,Fixed-term,Remote,0.8,1664,16280,0,0,0,0,0,16280,9.783654,9.783654,0,1,Women
W03767,PL · Kraków,PL,Tech,L4,Tech L4,Cat E,325,Permanent,Remote,1.0,2080,38150,2910,0,0,0,2910,41060,18.341346,19.740385,1,3,Men
W03768,IT · Milan,IT,Customer Service,L1,Customer Service L1,Cat B,175,Permanent,Hybrid,1.0,2080,21100,0,0,0,0,0,21100,10.144231,10.144231,0,1,Women
W03769,PL · Kraków,PL,Sales,L1,Sales L1,Cat A,145,Permanent,Onsite,1.0,2080,23900,0,3180,0,0,3180,27080,11.490385,13.019231,1,2,Women
W03770,PL · Kraków,PL,Operations,L2,Operations L2,Cat C,225,Permanent,Onsite,1.0,2080,25450,0,0,840,0,840,26290,12.235577,12.639423,1,2,Men
W03771,IT · Milan,IT,Customer Service,L3,Customer Service L3,Cat D,280,Permanent,Onsite,1.0,2080,33700,1720,0,1320,0,3040,36740,16.201923,17.663462,1,2,Men
W03772,DE · Munich,DE,Tech,L4,Tech L4,Cat E,325,Permanent,Remote,1.0,2080,88400,8640,0,0,0,8640,97040,42.5,46.653846,1,4,Men
W03773,PL · Kraków,PL,Operations,L1,Operations L1,Cat B,190,Permanent,Hybrid,1.0,2080,20650,0,0,0,0,0,20650,9.927885,9.927885,0,1,Men
W03774,PL · Kraków,PL,Customer Service,L1,Customer Service L1,Cat B,175,Fixed-term,Remote,1.0,2080,18650,0,0,0,0,0,18650,8.966346,8.966346,0,1,Men
W03775,PL · Kraków,PL,Customer Service,L2,Customer Service L2,Cat C,210,Permanent,Hybrid,1.0,2080,24250,0,0,0,0,0,24250,11.658654,11.658654,0,2,Women
W03776,IT · Milan,IT,Operations,L2,Operations L2,Cat C,225,Fixed-term,Hybrid,1.0,2080,28450,0,0,0,0,0,28450,13.677885,13.677885,0,1,Women
W03778,PL · Kraków,PL,Customer Service,L3,Customer Service L3,Cat D,280,Permanent,Onsite,1.0,2080,32950,1590,0,840,0,2430,35380,15.841346,17.009615,1,3,Women
W03780,PL · Kraków,PL,Customer Service,L2,Customer Service L2,Cat C,210,Permanent,Onsite,1.0,2080,24400,0,0,840,0,840,25240,11.730769,12.134615,1,2,Women
W03781,IT · Milan,IT,HR,L3,HR L3,Cat D,255,Permanent,Hybrid,1.0,2080,37150,1820,0,0,0,1820,38970,17.860577,18.735577,1,3,Men
W03782,ES · Barcelona,ES,Customer Service,L1,Customer Service L1,Cat B,175,Permanent,Hybrid,1.0,2080,26350,0,0,0,0,0,26350,12.668269,12.668269,0,1,Women
W03783,PL · Kraków,PL,Sales,L2,Sales L2,Cat C,215,Permanent,Onsite,1.0,2080,29050,0,3510,0,0,3510,32560,13.966346,15.653846,1,3,Women
W03784,PL · Kraków,PL,Finance,L1,Finance L1,Cat A,115,Permanent,Onsite,1.0,2080,24050,0,0,0,0,0,24050,11.5625,11.5625,0,2,Women
W03786,IT · Milan,IT,Sales,L1,Sales L1,Cat A,145,Permanent,Onsite,0.8,1664,19760,0,3250,0,0,3250,23010,11.875,13.828125,1,1,Women
W03787,IT · Milan,IT,Tech,L2,Tech L2,Cat B,185,Fixed-term,Remote,1.0,2080,40050,0,0,0,0,0,40050,19.254808,19.254808,0,3,Women
W03788,PL · Kraków,PL,Customer Service,L1,Customer Service L1,Cat B,175,Fixed-term,Onsite,1.0,2080,18300,0,0,840,0,840,19140,8.798077,9.201923,1,1,Women
W03789,DE · Munich,DE,HR,L4,HR L4,Cat E,325,Permanent,Hybrid,1.0,2080,63650,5060,0,0,0,5060,68710,30.600962,33.033654,1,3,Women
W03790,IT · Milan,IT,Customer Service,L4,Customer Service L4,Cat E,320,Permanent,Remote,1.0,2080,50250,1810,0,0,0,1810,52060,24.158654,25.028846,1,4,Women
W03792,PL · Kraków,PL,Sales,L2,Sales L2,Cat C,215,Permanent,Remote,1.0,2080,24000,0,1990,0,0,1990,25990,11.538462,12.495192,1,2,Women
W03793,IT · Milan,IT,Operations,L4,Operations L4,Cat E,335,Permanent,Remote,1.0,2080,48800,4040,0,0,0,4040,52840,23.461538,25.403846,1,4,Men
W03794,ES · Barcelona,ES,Customer Service,L1,Customer Service L1,Cat B,175,Permanent,Hybrid,1.0,2080,21000,0,0,0,0,0,21000,10.096154,10.096154,0,1,Women
W03795,PL · Kraków,PL,Operations,L5,Operations L5,Cat F,340,Permanent,Remote,0.8,1664,50760,2850,0,0,4200,7050,57810,30.504808,34.741587,1,4,Men
W03796,DE · Munich,DE,Finance,L4,Finance L4,Cat E,325,Permanent,Hybrid,1.0,2080,84100,8340,0,0,0,8340,92440,40.432692,44.442308,1,4,Women
W03797,ES · Barcelona,ES,Finance,L3,Finance L3,Cat D,255,Permanent,Onsite,1.0,2080,47650,3780,0,0,0,3780,51430,22.908654,24.725962,1,4,Women
W03798,DE · Munich,DE,Finance,L4,Finance L4,Cat E,325,Permanent,Hybrid,0.8,1664,65120,6830,0,0,0,6830,71950,39.134615,43.239183,1,4,Women
W03799,IT · Milan,IT,Operations,L2,Operations L2,Cat C,225,Permanent,Hybrid,1.0,2080,31500,0,0,0,0,0,31500,15.144231,15.144231,0,2,Women
W03801,IT · Milan,IT,Tech,L5,Tech L5,Cat F,340,Permanent,Onsite,1.0,2080,83350,9780,0,0,6000,15780,99130,40.072115,47.658654,1,4,Women
W03803,DE · Munich,DE,Customer Service,L5,Customer Service L5,Cat F,340,Permanent,Remote,1.0,2080,114250,19160,0,0,7200,26360,140610,54.927885,67.600962,1,4,Men
W03804,PL · Kraków,PL,Finance,L1,Finance L1,Cat A,115,Permanent,Hybrid,1.0,2080,21100,0,0,0,0,0,21100,10.144231,10.144231,0,1,Men
W03805,ES · Barcelona,ES,Operations,L1,Operations L1,Cat B,190,Permanent,Hybrid,1.0,2080,21600,0,0,0,0,0,21600,10.384615,10.384615,0,1,Women
W03806,IT · Milan,IT,Finance,L2,Finance L2,Cat B,185,Permanent,Hybrid,1.0,2080,42950,0,0,0,0,0,42950,20.649038,20.649038,0,3,Women
W03807,PL · Kraków,PL,Operations,L6,Operations L6,Cat G,410,Permanent,Remote,1.0,2080,87150,18480,0,0,4200,22680,109830,41.899038,52.802885,1,4,Women
W03808,PL · Kraków,PL,Customer Service,L2,Customer Service L2,Cat C,210,Permanent,Onsite,1.0,2080,23350,0,0,840,0,840,24190,11.225962,11.629808,1,2,Women
W03809,IT · Milan,IT,Customer Service,L2,Customer Service L2,Cat C,210,Permanent,Hybrid,0.8,1664,20480,0,0,0,0,0,20480,12.307692,12.307692,0,1,Women
W03811,DE · Munich,DE,Customer Service,L3,Customer Service L3,Cat D,280,Permanent,Hybrid,0.8,1664,48120,2390,0,0,0,2390,50510,28.918269,30.354567,1,3,Women
W03812,PL · Kraków,PL,Tech,L2,Tech L2,Cat B,185,Permanent,Hybrid,1.0,2080,36300,0,0,0,0,0,36300,17.451923,17.451923,0,3,Men
W03813,DE · Munich,DE,HR,L2,HR L2,Cat B,185,Fixed-term,Hybrid,1.0,2080,42750,0,0,0,0,0,42750,20.552885,20.552885,0,2,Women
W03814,PL · Kraków,PL,Customer Service,L5,Customer Service L5,Cat F,340,Permanent,Hybrid,1.0,2080,63850,7520,0,0,4200,11720,75570,30.697115,36.331731,1,4,Women
W03815,ES · Barcelona,ES,HR,L2,HR L2,Cat B,185,Permanent,Hybrid,1.0,2080,28300,0,0,0,0,0,28300,13.605769,13.605769,0,2,Women
W03816,DE · Munich,DE,Operations,L2,Operations L2,Cat C,225,Fixed-term,Onsite,1.0,2080,36350,0,0,1800,0,1800,38150,17.475962,18.341346,1,1,Men
W03817,PL · Kraków,PL,Operations,L2,Operations L2,Cat C,225,Fixed-term,Hybrid,1.0,2080,22250,0,0,0,0,0,22250,10.697115,10.697115,0,1,Women
W03818,IT · Milan,IT,Operations,L3,Operations L3,Cat D,295,Permanent,Onsite,1.0,2080,33800,920,0,1320,0,2240,36040,16.25,17.326923,1,2,Women
W03819,IT · Milan,IT,Sales,L1,Sales L1,Cat A,145,Permanent,Onsite,1.0,2080,27350,0,3720,0,0,3720,31070,13.149038,14.9375,1,2,Men
W03820,ES · Barcelona,ES,Finance,L1,Finance L1,Cat A,115,Permanent,Onsite,1.0,2080,32050,0,0,0,0,0,32050,15.408654,15.408654,0,2,Men
W03821,ES · Barcelona,ES,Operations,L1,Operations L1,Cat B,190,Permanent,Hybrid,1.0,2080,26300,0,0,0,0,0,26300,12.644231,12.644231,0,1,Women
W03822,PL · Kraków,PL,Tech,L4,Tech L4,Cat E,325,Permanent,Hybrid,1.0,2080,52100,4140,0,0,0,4140,56240,25.048077,27.038462,1,4,Men
W03823,PL · Kraków,PL,Tech,L1,Tech L1,Cat A,150,Fixed-term,Hybrid,1.0,2080,26200,0,0,0,0,0,26200,12.596154,12.596154,0,2,Men
W03824,DE · Munich,DE,Operations,L3,Operations L3,Cat D,295,Fixed-term,Hybrid,1.0,2080,49550,2620,0,0,0,2620,52170,23.822115,25.081731,1,2,Women
W03825,PL · Kraków,PL,Sales,L2,Sales L2,Cat C,215,Fixed-term,Onsite,1.0,2080,26300,0,4050,0,0,4050,30350,12.644231,14.591346,1,3,Men
W03826,PL · Kraków,PL,Tech,L2,Tech L2,Cat B,185,Permanent,Hybrid,1.0,2080,37400,0,0,0,0,0,37400,17.980769,17.980769,0,3,Women
W03827,IT · Milan,IT,Tech,L1,Tech L1,Cat A,150,Fixed-term,Hybrid,1.0,2080,26700,0,0,0,0,0,26700,12.836538,12.836538,0,1,Men
W03828,PL · Kraków,PL,Sales,L2,Sales L2,Cat C,215,Permanent,Onsite,1.0,2080,29300,0,4370,0,0,4370,33670,14.086538,16.1875,1,3,Women
W03829,ES · Barcelona,ES,Sales,L2,Sales L2,Cat C,215,Fixed-term,Hybrid,1.0,2080,27350,0,4690,0,0,4690,32040,13.149038,15.403846,1,2,Men
W03830,DE · Munich,DE,HR,L2,HR L2,Cat B,185,Permanent,Hybrid,0.8,1664,36880,0,0,0,0,0,36880,22.163462,22.163462,0,2,Women
W03831,IT · Milan,IT,HR,L1,HR L1,Cat A,115,Permanent,Hybrid,0.8,1664,17600,0,0,0,0,0,17600,10.576923,10.576923,0,1,Women
W03832,DE · Munich,DE,Tech,L2,Tech L2,Cat B,185,Permanent,Hybrid,1.0,2080,62450,0,0,0,0,0,62450,30.024038,30.024038,0,3,Women
W03833,IT · Milan,IT,Finance,L3,Finance L3,Cat D,255,Permanent,Hybrid,1.0,2080,51550,2550,0,0,0,2550,54100,24.783654,26.009615,1,4,Women
W03834,PL · Kraków,PL,Tech,L2,Tech L2,Cat B,185,Permanent,Onsite,1.0,2080,35350,0,0,0,0,0,35350,16.995192,16.995192,0,3,Men
W03835,ES · Barcelona,ES,Operations,L3,Operations L3,Cat D,295,Permanent,Onsite,1.0,2080,38800,2440,0,1200,0,3640,42440,18.653846,20.403846,1,3,Men
W03836,DE · Munich,DE,Tech,L1,Tech L1,Cat A,150,Fixed-term,Onsite,1.0,2080,37150,0,0,0,0,0,37150,17.860577,17.860577,0,1,Women
W03837,IT · Milan,IT,Operations,L3,Operations L3,Cat D,295,Permanent,Hybrid,1.0,2080,36150,890,0,0,0,890,37040,17.379808,17.807692,1,2,Men
W03838,DE · Munich,DE,Operations,L2,Operations L2,Cat C,225,Fixed-term,Remote,1.0,2080,44450,0,0,0,0,0,44450,21.370192,21.370192,0,2,Men
W03839,ES · Barcelona,ES,HR,L2,HR L2,Cat B,185,Permanent,Onsite,1.0,2080,31250,0,0,0,0,0,31250,15.024038,15.024038,0,2,Women
W03841,PL · Kraków,PL,Sales,L4,Sales L4,Cat E,320,Permanent,Hybrid,1.0,2080,52700,5160,10320,0,0,15480,68180,25.336538,32.778846,1,4,Men
W03842,DE · Munich,DE,HR,L3,HR L3,Cat D,255,Fixed-term,Hybrid,1.0,2080,48250,2930,0,0,0,2930,51180,23.197115,24.605769,1,2,Women
W03843,ES · Barcelona,ES,Tech,L4,Tech L4,Cat E,325,Permanent,Remote,1.0,2080,62650,5300,0,0,0,5300,67950,30.120192,32.668269,1,4,Men
W03844,PL · Kraków,PL,Operations,L2,Operations L2,Cat C,225,Permanent,Hybrid,1.0,2080,27900,0,0,0,0,0,27900,13.413462,13.413462,0,2,Men
W03845,PL · Kraków,PL,Customer Service,L3,Customer Service L3,Cat D,280,Permanent,Hybrid,1.0,2080,33600,0,0,0,0,0,33600,16.153846,16.153846,0,3,Men
W03846,PL · Kraków,PL,Tech,L1,Tech L1,Cat A,150,Permanent,Hybrid,1.0,2080,24250,0,0,0,0,0,24250,11.658654,11.658654,0,2,Women
W03847,ES · Barcelona,ES,Sales,L1,Sales L1,Cat A,145,Permanent,Onsite,1.0,2080,23850,0,2330,0,0,2330,26180,11.466346,12.586538,1,1,Women
W03848,IT · Milan,IT,Tech,L4,Tech L4,Cat E,325,Permanent,Onsite,1.0,2080,76900,5950,0,0,0,5950,82850,36.971154,39.831731,1,4,Men
W03850,ES · Barcelona,ES,Customer Service,L1,Customer Service L1,Cat B,175,Permanent,Hybrid,1.0,2080,24000,0,0,0,0,0,24000,11.538462,11.538462,0,1,Men
W03851,IT · Milan,IT,Operations,L1,Operations L1,Cat B,190,Fixed-term,Onsite,1.0,2080,26750,0,0,1320,0,1320,28070,12.860577,13.495192,1,1,Men
W03852,IT · Milan,IT,Sales,L2,Sales L2,Cat C,215,Permanent,Onsite,1.0,2080,35150,0,5880,0,0,5880,41030,16.899038,19.725962,1,3,Men
W03853,ES · Barcelona,ES,Customer Service,L3,Customer Service L3,Cat D,280,Permanent,Hybrid,1.0,2080,32050,1600,0,0,0,1600,33650,15.408654,16.177885,1,2,Women
W03855,DE · Munich,DE,Customer Service,L6,Customer Service L6,Cat G,410,Fixed-term,Hybrid,1.0,2080,112000,23730,0,0,7200,30930,142930,53.846154,68.716346,1,4,Men
W03857,PL · Kraków,PL,Finance,L2,Finance L2,Cat B,185,Permanent,Hybrid,1.0,2080,30550,0,0,0,0,0,30550,14.6875,14.6875,0,3,Men
W03858,IT · Milan,IT,HR,L1,HR L1,Cat A,115,Permanent,Hybrid,1.0,2080,27600,0,0,0,0,0,27600,13.269231,13.269231,0,1,Men
W03859,PL · Kraków,PL,Finance,L1,Finance L1,Cat A,115,Permanent,Hybrid,1.0,2080,25500,0,0,0,0,0,25500,12.259615,12.259615,0,2,Women
W03860,DE · Munich,DE,Customer Service,L3,Customer Service L3,Cat D,280,Permanent,Onsite,1.0,2080,49750,2560,0,1800,0,4360,54110,23.918269,26.014423,1,3,Women
W03861,ES · Barcelona,ES,Customer Service,L2,Customer Service L2,Cat C,210,Permanent,Onsite,0.8,1664,18800,0,0,960,0,960,19760,11.298077,11.875,1,1,Women
W03862,DE · Munich,DE,Customer Service,L1,Customer Service L1,Cat B,175,Permanent,Hybrid,1.0,2080,31500,0,0,0,0,0,31500,15.144231,15.144231,0,1,Women
W03863,DE · Munich,DE,Finance,L4,Finance L4,Cat E,325,Permanent,Hybrid,1.0,2080,86100,7010,0,0,0,7010,93110,41.394231,44.764423,1,4,Men
W03864,IT · Milan,IT,Operations,L3,Operations L3,Cat D,295,Fixed-term,Onsite,1.0,2080,35650,2010,0,1320,0,3330,38980,17.139423,18.740385,1,3,Women
W03865,DE · Munich,DE,Customer Service,L5,Customer Service L5,Cat F,340,Permanent,Hybrid,0.8,1664,72400,11140,0,0,7200,18340,90740,43.509615,54.53125,1,4,Women
W03866,PL · Kraków,PL,Customer Service,L4,Customer Service L4,Cat E,320,Permanent,Hybrid,1.0,2080,38700,3100,0,0,0,3100,41800,18.605769,20.096154,1,4,Men
W03867,IT · Milan,IT,Operations,L3,Operations L3,Cat D,295,Permanent,Onsite,1.0,2080,41850,990,0,1320,0,2310,44160,20.120192,21.230769,1,3,Men
W03868,DE · Munich,DE,Operations,L2,Operations L2,Cat C,225,Permanent,Onsite,0.8,1664,36840,0,0,1440,0,1440,38280,22.139423,23.004808,1,2,Women
W03869,PL · Kraków,PL,Sales,L3,Sales L3,Cat D,285,Permanent,Hybrid,1.0,2080,33800,1630,4250,0,0,5880,39680,16.25,19.076923,1,3,Men
W03870,IT · Milan,IT,Operations,L2,Operations L2,Cat C,225,Fixed-term,Hybrid,1.0,2080,23600,0,0,0,0,0,23600,11.346154,11.346154,0,1,Women
W03871,DE · Munich,DE,Tech,L1,Tech L1,Cat A,150,Permanent,Hybrid,1.0,2080,49250,0,0,0,0,0,49250,23.677885,23.677885,0,2,Women
W03872,DE · Munich,DE,HR,L1,HR L1,Cat A,115,Permanent,Remote,1.0,2080,41950,0,0,0,0,0,41950,20.168269,20.168269,0,1,Women
W03873,DE · Munich,DE,Operations,L5,Operations L5,Cat F,340,Permanent,Remote,1.0,2080,109950,16430,0,0,7200,23630,133580,52.860577,64.221154,1,4,Women
W03874,IT · Milan,IT,Customer Service,L2,Customer Service L2,Cat C,210,Permanent,Onsite,1.0,2080,24650,0,0,1320,0,1320,25970,11.850962,12.485577,1,1,Women
W03875,PL · Kraków,PL,Operations,L2,Operations L2,Cat C,225,Permanent,Hybrid,1.0,2080,27650,0,0,0,0,0,27650,13.293269,13.293269,0,2,Women
W03876,ES · Barcelona,ES,Operations,L1,Operations L1,Cat B,190,Permanent,Remote,0.8,1664,20160,0,0,0,0,0,20160,12.115385,12.115385,0,1,Women
W03877,PL · Kraków,PL,Operations,L1,Operations L1,Cat B,190,Permanent,Hybrid,1.0,2080,21450,0,0,0,0,0,21450,10.3125,10.3125,0,1,Men
W03878,PL · Kraków,PL,Tech,L2,Tech L2,Cat B,185,Fixed-term,Remote,0.8,1664,25520,0,0,0,0,0,25520,15.336538,15.336538,0,3,Men
W03879,IT · Milan,IT,Operations,L4,Operations L4,Cat E,335,Fixed-term,Hybrid,0.8,1664,36440,3360,0,0,0,3360,39800,21.899038,23.918269,1,3,Men
W03880,PL · Kraków,PL,Operations,L1,Operations L1,Cat B,190,Permanent,Hybrid,1.0,2080,18950,0,0,0,0,0,18950,9.110577,9.110577,0,1,Women
W03881,IT · Milan,IT,Operations,L1,Operations L1,Cat B,190,Fixed-term,Hybrid,1.0,2080,23000,0,0,0,0,0,23000,11.057692,11.057692,0,1,Women
W03882,PL · Kraków,PL,Operations,L1,Operations L1,Cat B,190,Fixed-term,Hybrid,1.0,2080,21450,0,0,0,0,0,21450,10.3125,10.3125,0,1,Women
W03883,IT · Milan,IT,Tech,L2,Tech L2,Cat B,185,Permanent,Onsite,1.0,2080,41950,0,0,0,0,0,41950,20.168269,20.168269,0,3,Women
W03884,IT · Milan,IT,Customer Service,L4,Customer Service L4,Cat E,320,Permanent,Hybrid,1.0,2080,41800,3760,0,0,0,3760,45560,20.096154,21.903846,1,3,Women
W03885,PL · Kraków,PL,HR,L4,HR L4,Cat E,325,Permanent,Hybrid,1.0,2080,47450,4770,0,0,0,4770,52220,22.8125,25.105769,1,4,Women
W03886,PL · Kraków,PL,Customer Service,L2,Customer Service L2,Cat C,210,Permanent,Onsite,1.0,2080,20100,0,0,840,0,840,20940,9.663462,10.067308,1,1,Men
W03887,PL · Kraków,PL,Tech,L1,Tech L1,Cat A,150,Permanent,Remote,1.0,2080,22050,0,0,0,0,0,22050,10.600962,10.600962,0,1,Women
W03888,IT · Milan,IT,HR,L1,HR L1,Cat A,115,Permanent,Onsite,1.0,2080,24200,0,0,0,0,0,24200,11.634615,11.634615,0,1,Women
W03889,DE · Munich,DE,Finance,L2,Finance L2,Cat B,185,Permanent,Onsite,1.0,2080,54550,0,0,0,0,0,54550,26.225962,26.225962,0,3,Women
W03890,IT · Milan,IT,Customer Service,L1,Customer Service L1,Cat B,175,Permanent,Onsite,1.0,2080,21950,0,0,1320,0,1320,23270,10.552885,11.1875,1,1,Men
W03891,DE · Munich,DE,Customer Service,L1,Customer Service L1,Cat B,175,Fixed-term,Onsite,1.0,2080,29700,0,0,1800,0,1800,31500,14.278846,15.144231,1,1,Women
W03892,PL · Kraków,PL,Tech,L1,Tech L1,Cat A,150,Permanent,Hybrid,1.0,2080,24600,0,0,0,0,0,24600,11.826923,11.826923,0,2,Men
W03894,ES · Barcelona,ES,Customer Service,L3,Customer Service L3,Cat D,280,Fixed-term,Hybrid,1.0,2080,34750,1770,0,0,0,1770,36520,16.706731,17.557692,1,3,Women
W03895,PL · Kraków,PL,Operations,L6,Operations L6,Cat G,410,Permanent,Hybrid,1.0,2080,68800,14490,0,0,4200,18690,87490,33.076923,42.0625,1,4,Women
W03896,IT · Milan,IT,Finance,L3,Finance L3,Cat D,255,Permanent,Onsite,1.0,2080,44350,1950,0,0,0,1950,46300,21.322115,22.259615,1,3,Women
W03897,IT · Milan,IT,Customer Service,L4,Customer Service L4,Cat E,320,Permanent,Hybrid,1.0,2080,51000,2060,0,0,0,2060,53060,24.519231,25.509615,1,4,Men
W03898,IT · Milan,IT,Tech,L3,Tech L3,Cat D,255,Permanent,Hybrid,1.0,2080,55250,3380,0,0,0,3380,58630,26.5625,28.1875,1,4,Men
W03899,DE · Munich,DE,Sales,L2,Sales L2,Cat C,215,Permanent,Hybrid,1.0,2080,49000,0,5700,0,0,5700,54700,23.557692,26.298077,1,3,Women
W03900,DE · Munich,DE,Finance,L3,Finance L3,Cat D,255,Permanent,Hybrid,0.8,1664,54440,2500,0,0,0,2500,56940,32.716346,34.21875,1,3,Women
W03901,PL · Kraków,PL,Customer Service,L1,Customer Service L1,Cat B,175,Permanent,Onsite,1.0,2080,18450,0,0,840,0,840,19290,8.870192,9.274038,1,1,Men
W03902,IT · Milan,IT,Operations,L5,Operations L5,Cat F,340,Permanent,Remote,1.0,2080,48600,6100,0,0,6000,12100,60700,23.365385,29.182692,1,4,Men
W03904,PL · Kraków,PL,Tech,L3,Tech L3,Cat D,255,Permanent,Onsite,1.0,2080,38450,1840,0,0,0,1840,40290,18.485577,19.370192,1,3,Women
W03905,PL · Kraków,PL,Sales,L4,Sales L4,Cat E,320,Permanent,Hybrid,1.0,2080,44500,3460,7170,0,0,10630,55130,21.394231,26.504808,1,4,Women
W03906,DE · Munich,DE,Finance,L2,Finance L2,Cat B,185,Fixed-term,Hybrid,1.0,2080,60550,0,0,0,0,0,60550,29.110577,29.110577,0,3,Men
W03907,ES · Barcelona,ES,Tech,L2,Tech L2,Cat B,185,Permanent,Onsite,1.0,2080,39000,0,0,0,0,0,39000,18.75,18.75,0,3,Men
W03909,IT · Milan,IT,Tech,L2,Tech L2,Cat B,185,Permanent,Hybrid,1.0,2080,48850,0,0,0,0,0,48850,23.485577,23.485577,0,3,Men
W03910,IT · Milan,IT,Sales,L1,Sales L1,Cat A,145,Permanent,Hybrid,0.8,1664,22680,0,3490,0,0,3490,26170,13.629808,15.727163,1,2,Men
W03911,ES · Barcelona,ES,Operations,L4,Operations L4,Cat E,335,Permanent,Hybrid,1.0,2080,50350,4240,0,0,0,4240,54590,24.206731,26.245192,1,4,Women
W03912,PL · Kraków,PL,Tech,L2,Tech L2,Cat B,185,Fixed-term,Hybrid,1.0,2080,31850,0,0,0,0,0,31850,15.3125,15.3125,0,3,Men
W03913,IT · Milan,IT,Sales,L3,Sales L3,Cat D,285,Permanent,Remote,1.0,2080,47550,2270,8460,0,0,10730,58280,22.860577,28.019231,1,4,Men
W03914,DE · Munich,DE,Tech,L1,Tech L1,Cat A,150,Fixed-term,Remote,1.0,2080,39850,0,0,0,0,0,39850,19.158654,19.158654,0,1,Men
W03915,PL · Kraków,PL,Operations,L5,Operations L5,Cat F,340,Permanent,Hybrid,1.0,2080,61050,9400,0,0,4200,13600,74650,29.350962,35.889423,1,4,Women
W03916,PL · Kraków,PL,Tech,L3,Tech L3,Cat D,255,Permanent,Remote,1.0,2080,37700,1790,0,0,0,1790,39490,18.125,18.985577,1,3,Men
W03917,DE · Munich,DE,Operations,L3,Operations L3,Cat D,295,Permanent,Hybrid,1.0,2080,53650,2730,0,0,0,2730,56380,25.793269,27.105769,1,3,Women
W03918,IT · Milan,IT,Finance,L1,Finance L1,Cat A,115,Permanent,Hybrid,1.0,2080,32300,0,0,0,0,0,32300,15.528846,15.528846,0,2,Men
W03919,IT · Milan,IT,Customer Service,L1,Customer Service L1,Cat B,175,Fixed-term,Remote,1.0,2080,18750,0,0,0,0,0,18750,9.014423,9.014423,0,1,Men
W03920,ES · Barcelona,ES,HR,L2,HR L2,Cat B,185,Permanent,Hybrid,1.0,2080,29450,0,0,0,0,0,29450,14.158654,14.158654,0,2,Women
W03921,PL · Kraków,PL,Customer Service,L2,Customer Service L2,Cat C,210,Permanent,Onsite,0.8,1664,21440,0,0,672,0,672,22112,12.884615,13.288462,1,2,Men
W03923,DE · Munich,DE,Tech,L2,Tech L2,Cat B,185,Permanent,Hybrid,1.0,2080,57000,0,0,0,0,0,57000,27.403846,27.403846,0,3,Men
W03924,PL · Kraków,PL,Operations,L1,Operations L1,Cat B,190,Permanent,Hybrid,1.0,2080,19450,0,0,0,0,0,19450,9.350962,9.350962,0,1,Men
W03925,DE · Munich,DE,Operations,L5,Operations L5,Cat F,340,Permanent,Remote,1.0,2080,92400,14010,0,0,7200,21210,113610,44.423077,54.620192,1,4,Men
W03926,DE · Munich,DE,Operations,L4,Operations L4,Cat E,335,Permanent,Remote,1.0,2080,71450,5220,0,0,0,5220,76670,34.350962,36.860577,1,4,Women
W03927,DE · Munich,DE,Customer Service,L2,Customer Service L2,Cat C,210,Permanent,Onsite,1.0,2080,46950,0,0,1800,0,1800,48750,22.572115,23.4375,1,2,Men
W03928,PL · Kraków,PL,Operations,L4,Operations L4,Cat E,335,Fixed-term,Onsite,1.0,2080,40850,5150,0,0,0,5150,46000,19.639423,22.115385,1,4,Men
W03929,DE · Munich,DE,Customer Service,L2,Customer Service L2,Cat C,210,Permanent,Hybrid,1.0,2080,42650,0,0,0,0,0,42650,20.504808,20.504808,0,1,Women
W03930,IT · Milan,IT,Sales,L6,Sales L6,Cat G,410,Fixed-term,Onsite,1.0,2080,106250,0,12030,0,6000,18030,124280,51.081731,59.75,1,4,Men
W03931,PL · Kraków,PL,Sales,L2,Sales L2,Cat C,215,Fixed-term,Hybrid,1.0,2080,28150,0,2770,0,0,2770,30920,13.533654,14.865385,1,3,Women
W03932,DE · Munich,DE,Customer Service,L1,Customer Service L1,Cat B,175,Fixed-term,Onsite,1.0,2080,34200,0,0,1800,0,1800,36000,16.442308,17.307692,1,1,Women
W03933,PL · Kraków,PL,Finance,L1,Finance L1,Cat A,115,Permanent,Hybrid,1.0,2080,23250,0,0,0,0,0,23250,11.177885,11.177885,0,1,Women
W03934,DE · Munich,DE,Customer Service,L3,Customer Service L3,Cat D,280,Permanent,Hybrid,1.0,2080,50850,0,0,0,0,0,50850,24.447115,24.447115,0,2,Women
W03935,DE · Munich,DE,Operations,L1,Operations L1,Cat B,190,Permanent,Hybrid,1.0,2080,40150,0,0,0,0,0,40150,19.302885,19.302885,0,1,Men
W03936,ES · Barcelona,ES,Customer Service,L2,Customer Service L2,Cat C,210,Permanent,Hybrid,1.0,2080,27650,0,0,0,0,0,27650,13.293269,13.293269,0,1,Women
W03938,IT · Milan,IT,Operations,L5,Operations L5,Cat F,340,Permanent,Onsite,0.8,1664,61240,7460,0,0,6000,13460,74700,36.802885,44.891827,1,4,Women
W03939,DE · Munich,DE,HR,L2,HR L2,Cat B,185,Permanent,Hybrid,1.0,2080,47450,0,0,0,0,0,47450,22.8125,22.8125,0,2,Men
W03940,DE · Munich,DE,Tech,L2,Tech L2,Cat B,185,Permanent,Hybrid,0.8,1664,46720,0,0,0,0,0,46720,28.076923,28.076923,0,3,Women
W03941,PL · Kraków,PL,Customer Service,L3,Customer Service L3,Cat D,280,Permanent,Hybrid,1.0,2080,30350,1390,0,0,0,1390,31740,14.591346,15.259615,1,3,Women
W03943,DE · Munich,DE,Customer Service,L3,Customer Service L3,Cat D,280,Permanent,Remote,1.0,2080,62550,4120,0,0,0,4120,66670,30.072115,32.052885,1,3,Women
W03945,IT · Milan,IT,Operations,L1,Operations L1,Cat B,190,Permanent,Remote,1.0,2080,24350,0,0,0,0,0,24350,11.706731,11.706731,0,1,Men
W03946,DE · Munich,DE,Operations,L4,Operations L4,Cat E,335,Permanent,Onsite,1.0,2080,61700,4580,0,0,0,4580,66280,29.663462,31.865385,1,3,Men
W03949,IT · Milan,IT,Sales,L3,Sales L3,Cat D,285,Permanent,Remote,0.8,1664,36640,2050,4950,0,0,7000,43640,22.019231,26.225962,1,4,Women
W03950,ES · Barcelona,ES,Customer Service,L2,Customer Service L2,Cat C,210,Fixed-term,Onsite,1.0,2080,31700,0,0,1200,0,1200,32900,15.240385,15.817308,1,2,Men
W03951,DE · Munich,DE,Customer Service,L4,Customer Service L4,Cat E,320,Fixed-term,Onsite,1.0,2080,54850,4460,0,0,0,4460,59310,26.370192,28.514423,1,3,Men
W03952,DE · Munich,DE,Customer Service,L3,Customer Service L3,Cat D,280,Fixed-term,Onsite,1.0,2080,54000,1350,0,1800,0,3150,57150,25.961538,27.475962,1,3,Women
W03953,IT · Milan,IT,Tech,L1,Tech L1,Cat A,150,Permanent,Onsite,1.0,2080,31000,0,0,0,0,0,31000,14.903846,14.903846,0,2,Men
W03955,IT · Milan,IT,Operations,L1,Operations L1,Cat B,190,Fixed-term,Hybrid,1.0,2080,23950,0,0,0,0,0,23950,11.514423,11.514423,0,1,Women
W03956,PL · Kraków,PL,Customer Service,L4,Customer Service L4,Cat E,320,Permanent,Onsite,0.8,1664,31080,2760,0,0,0,2760,33840,18.677885,20.336538,1,4,Men
W03957,IT · Milan,IT,Tech,L2,Tech L2,Cat B,185,Permanent,Hybrid,1.0,2080,39850,0,0,0,0,0,39850,19.158654,19.158654,0,3,Women
W03958,IT · Milan,IT,Customer Service,L2,Customer Service L2,Cat C,210,Permanent,Onsite,1.0,2080,29150,0,0,1320,0,1320,30470,14.014423,14.649038,1,2,Women
W03959,PL · Kraków,PL,Customer Service,L4,Customer Service L4,Cat E,320,Permanent,Hybrid,1.0,2080,39900,3940,0,0,0,3940,43840,19.182692,21.076923,1,4,Women
W03960,IT · Milan,IT,Customer Service,L3,Customer Service L3,Cat D,280,Permanent,Onsite,1.0,2080,33900,1390,0,1320,0,2710,36610,16.298077,17.600962,1,2,Men
W03961,PL · Kraków,PL,Operations,L2,Operations L2,Cat C,225,Permanent,Onsite,1.0,2080,24100,0,0,840,0,840,24940,11.586538,11.990385,1,2,Women
W03962,PL · Kraków,PL,Operations,L2,Operations L2,Cat C,225,Permanent,Onsite,1.0,2080,26650,0,0,840,0,840,27490,12.8125,13.216346,1,2,Men
W03963,PL · Kraków,PL,Customer Service,L1,Customer Service L1,Cat B,175,Permanent,Hybrid,1.0,2080,20100,0,0,0,0,0,20100,9.663462,9.663462,0,1,Women
W03964,PL · Kraków,PL,Customer Service,L4,Customer Service L4,Cat E,320,Permanent,Remote,1.0,2080,48850,4280,0,0,0,4280,53130,23.485577,25.543269,1,4,Women
W03965,DE · Munich,DE,Sales,L3,Sales L3,Cat D,285,Fixed-term,Hybrid,1.0,2080,58400,2860,10060,0,0,12920,71320,28.076923,34.288462,1,3,Men
W03966,DE · Munich,DE,HR,L4,HR L4,Cat E,325,Permanent,Onsite,1.0,2080,86850,6450,0,0,0,6450,93300,41.754808,44.855769,1,4,Men
W03968,ES · Barcelona,ES,HR,L1,HR L1,Cat A,115,Permanent,Hybrid,1.0,2080,24700,0,0,0,0,0,24700,11.875,11.875,0,1,Women
W03969,ES · Barcelona,ES,Tech,L5,Tech L5,Cat F,340,Permanent,Hybrid,1.0,2080,92300,0,0,0,5400,5400,97700,44.375,46.971154,1,4,Men
W03971,PL · Kraków,PL,Sales,L2,Sales L2,Cat C,215,Permanent,Hybrid,1.0,2080,25050,0,3430,0,0,3430,28480,12.043269,13.692308,1,2,Women
W03972,DE · Munich,DE,Sales,L2,Sales L2,Cat C,215,Permanent,Onsite,1.0,2080,46200,0,7370,0,0,7370,53570,22.211538,25.754808,1,2,Women
W03974,DE · Munich,DE,HR,L3,HR L3,Cat D,255,Permanent,Onsite,1.0,2080,64250,3390,0,0,0,3390,67640,30.889423,32.519231,1,3,Women
W03975,IT · Milan,IT,Customer Service,L2,Customer Service L2,Cat C,210,Permanent,Hybrid,1.0,2080,28100,0,0,0,0,0,28100,13.509615,13.509615,0,1,Men
W03976,PL · Kraków,PL,Operations,L3,Operations L3,Cat D,295,Permanent,Hybrid,1.0,2080,32000,1970,0,0,0,1970,33970,15.384615,16.331731,1,3,Women
W03977,IT · Milan,IT,Operations,L5,Operations L5,Cat F,340,Permanent,Remote,1.0,2080,77000,4790,0,0,6000,10790,87790,37.019231,42.206731,1,4,Men
W03978,IT · Milan,IT,Sales,L1,Sales L1,Cat A,145,Fixed-term,Remote,1.0,2080,27100,0,4440,0,0,4440,31540,13.028846,15.163462,1,2,Men
W03979,DE · Munich,DE,HR,L2,HR L2,Cat B,185,Permanent,Onsite,1.0,2080,40800,0,0,0,0,0,40800,19.615385,19.615385,0,1,Men
W03981,ES · Barcelona,ES,Operations,L1,Operations L1,Cat B,190,Permanent,Onsite,1.0,2080,22950,0,0,1200,0,1200,24150,11.033654,11.610577,1,1,Women
W03982,DE · Munich,DE,Operations,L1,Operations L1,Cat B,190,Permanent,Remote,1.0,2080,36850,0,0,0,0,0,36850,17.716346,17.716346,0,1,Women
W03983,PL · Kraków,PL,Tech,L3,Tech L3,Cat D,255,Permanent,Hybrid,1.0,2080,49550,2310,0,0,0,2310,51860,23.822115,24.932692,1,4,Men
W03984,DE · Munich,DE,Sales,L4,Sales L4,Cat E,320,Fixed-term,Hybrid,1.0,2080,67800,4980,8140,0,0,13120,80920,32.596154,38.903846,1,4,Women
W03985,PL · Kraków,PL,Finance,L2,Finance L2,Cat B,185,Permanent,Hybrid,1.0,2080,30400,0,0,0,0,0,30400,14.615385,14.615385,0,3,Women
W03986,PL · Kraków,PL,Customer Service,L2,Customer Service L2,Cat C,210,Permanent,Onsite,1.0,2080,23100,0,0,840,0,840,23940,11.105769,11.509615,1,2,Women
W03987,DE · Munich,DE,Finance,L1,Finance L1,Cat A,115,Permanent,Hybrid,1.0,2080,41450,0,0,0,0,0,41450,19.927885,19.927885,0,1,Men
W03988,ES · Barcelona,ES,Finance,L2,Finance L2,Cat B,185,Permanent,Remote,1.0,2080,39100,0,0,0,0,0,39100,18.798077,18.798077,0,3,Men
W03989,DE · Munich,DE,Customer Service,L3,Customer Service L3,Cat D,280,Permanent,Hybrid,1.0,2080,43800,2950,0,0,0,2950,46750,21.057692,22.475962,1,2,Men
W03990,PL · Kraków,PL,Tech,L2,Tech L2,Cat B,185,Permanent,Hybrid,1.0,2080,36800,0,0,0,0,0,36800,17.692308,17.692308,0,3,Women
W03991,ES · Barcelona,ES,Tech,L2,Tech L2,Cat B,185,Permanent,Hybrid,1.0,2080,33550,0,0,0,0,0,33550,16.129808,16.129808,0,2,Women
W03992,PL · Kraków,PL,Tech,L5,Tech L5,Cat F,340,Permanent,Hybrid,1.0,2080,84250,9740,0,0,4200,13940,98190,40.504808,47.206731,1,4,Women
W03993,PL · Kraków,PL,Sales,L2,Sales L2,Cat C,215,Permanent,Hybrid,1.0,2080,28350,0,2860,0,0,2860,31210,13.629808,15.004808,1,3,Women
W03994,PL · Kraków,PL,Operations,L5,Operations L5,Cat F,340,Permanent,Onsite,1.0,2080,61050,6680,0,0,4200,10880,71930,29.350962,34.581731,1,4,Women
W03995,PL · Kraków,PL,Sales,L1,Sales L1,Cat A,145,Permanent,Hybrid,1.0,2080,18200,0,1700,0,0,1700,19900,8.75,9.567308,1,1,Men
W03997,DE · Munich,DE,Customer Service,L2,Customer Service L2,Cat C,210,Permanent,Onsite,1.0,2080,39900,0,0,1800,0,1800,41700,19.182692,20.048077,1,1,Women
W03999,PL · Kraków,PL,Customer Service,L1,Customer Service L1,Cat B,175,Permanent,Hybrid,1.0,2080,17200,0,0,0,0,0,17200,8.269231,8.269231,0,1,Women
