worker_id,entity,country,site,department,job_level,role,gender,contract_type,work_model,fte,weekly_hours,performance_rating,base_pay,bonus,commission,shift_allowance,car_allowance
W00001,PL · Kraków,PL,Krakow,Customer Service,L2,Customer Service L2,F,Permanent,Hybrid,1.0,40,3,24050,0,0,0,0
W00002,PL · Kraków,PL,Krakow,Sales,L1,Sales L1,M,Permanent,Hybrid,1.0,40,3,21800,0,3760,0,0
W00003,ES · Barcelona,ES,Barcelona,Customer Service,L2,Customer Service L2,M,Permanent,Hybrid,1.0,40,2,29450,0,0,0,0
W00004,PL · Kraków,PL,Krakow,Customer Service,L2,Customer Service L2,M,Permanent,Remote,1.0,40,3,26550,0,0,0,0
W00005,DE · Munich,DE,Munich,Operations,L1,Operations L1,M,Permanent,Hybrid,1.0,40,3,41350,0,0,0,0
W00006,PL · Kraków,PL,Krakow,Customer Service,L6,Customer Service L6,M,Permanent,Onsite,1.0,40,3,77250,16730,0,0,4200
W00007,IT · Milan,IT,Milan,Finance,L3,Finance L3,M,Permanent,Hybrid,1.0,40,4,42650,2390,0,0,0
W00008,PL · Kraków,PL,Krakow,Customer Service,L3,Customer Service L3,M,Permanent,Remote,1.0,40,3,31200,1430,0,0,0
W00009,DE · Munich,DE,Munich,HR,L2,HR L2,F,Permanent,Onsite,1.0,40,3,44900,0,0,0,0
W00010,PL · Kraków,PL,Krakow,Customer Service,L1,Customer Service L1,F,Permanent,Hybrid,1.0,40,3,18550,0,0,0,0
W00011,DE · Munich,DE,Munich,Finance,L3,Finance L3,F,Permanent,Onsite,1.0,40,2,69750,1670,0,0,0
W00013,IT · Milan,IT,Milan,Operations,L1,Operations L1,F,Permanent,Onsite,1.0,40,3,28100,0,0,1320,0
W00014,IT · Milan,IT,Milan,Operations,L1,Operations L1,F,Permanent,Onsite,1.0,40,2,25550,0,0,1320,0
W00015,PL · Kraków,PL,Krakow,Operations,L3,Operations L3,M,Permanent,Hybrid,1.0,40,1,34300,0,0,0,0
W00016,PL · Kraków,PL,Krakow,Operations,L1,Operations L1,F,Fixed-term,Onsite,1.0,40,4,15550,0,0,840,0
W00017,IT · Milan,IT,Milan,Customer Service,L1,Customer Service L1,F,Permanent,Remote,1.0,40,3,18550,0,0,0,0
W00018,IT · Milan,IT,Milan,HR,L1,HR L1,F,Permanent,Remote,1.0,40,2,23050,0,0,0,0
W00020,ES · Barcelona,ES,Barcelona,Sales,L4,Sales L4,M,Fixed-term,Remote,1.0,40,4,54850,5830,9240,0,0
W00021,PL · Kraków,PL,Krakow,Customer Service,L1,Customer Service L1,M,Permanent,Remote,1.0,40,5,17850,0,0,0,0
W00022,DE · Munich,DE,Munich,Operations,L3,Operations L3,M,Permanent,Onsite,1.0,40,3,60050,3100,0,1800,0
W00023,PL · Kraków,PL,Krakow,Tech,L1,Tech L1,M,Permanent,Remote,0.8,32,3,22480,0,0,0,0
W00025,IT · Milan,IT,Milan,Operations,L4,Operations L4,F,Permanent,Onsite,1.0,40,3,49050,3740,0,0,0
W00027,ES · Barcelona,ES,Barcelona,Operations,L4,Operations L4,M,Permanent,Onsite,1.0,40,2,53400,2270,0,0,0
W00028,PL · Kraków,PL,Krakow,Customer Service,L1,Customer Service L1,M,Permanent,Hybrid,1.0,40,1,19600,0,0,0,0
W00029,ES · Barcelona,ES,Barcelona,Customer Service,L2,Customer Service L2,M,Permanent,Hybrid,1.0,40,3,27900,0,0,0,0
W00030,PL · Kraków,PL,Krakow,Customer Service,L3,Customer Service L3,F,Permanent,Hybrid,1.0,40,3,32050,1530,0,0,0
W00031,ES · Barcelona,ES,Barcelona,Operations,L4,Operations L4,M,Permanent,Hybrid,1.0,40,4,55850,4890,0,0,0
W00032,IT · Milan,IT,Milan,HR,L2,HR L2,F,Permanent,Onsite,1.0,40,4,30000,0,0,0,0
W00033,PL · Kraków,PL,Krakow,Finance,L1,Finance L1,M,Permanent,Hybrid,1.0,40,3,22300,0,0,0,0
W00035,IT · Milan,IT,Milan,Operations,L3,Operations L3,M,Permanent,Hybrid,1.0,40,3,42800,2180,0,0,0
W00036,DE · Munich,DE,Munich,Operations,L3,Operations L3,M,Permanent,Onsite,1.0,40,3,64350,3200,0,1800,0
W00037,PL · Kraków,PL,Krakow,Operations,L2,Operations L2,F,Permanent,Hybrid,1.0,40,3,23750,0,0,0,0
W00038,IT · Milan,IT,Milan,Customer Service,L1,Customer Service L1,F,Permanent,Hybrid,1.0,40,3,21500,0,0,0,0
W00039,IT · Milan,IT,Milan,Finance,L1,Finance L1,F,Permanent,Remote,1.0,40,4,31400,0,0,0,0
W00040,PL · Kraków,PL,Krakow,Operations,L2,Operations L2,M,Permanent,Onsite,1.0,40,2,25400,0,0,840,0
W00041,PL · Kraków,PL,Krakow,Tech,L2,Tech L2,F,Permanent,Onsite,1.0,40,3,25050,0,0,0,0
W00042,IT · Milan,IT,Milan,Customer Service,L2,Customer Service L2,M,Permanent,Onsite,0.8,32,4,25960,0,0,1056,0
W00043,IT · Milan,IT,Milan,Tech,L4,Tech L4,M,Permanent,Remote,1.0,40,3,65050,5570,0,0,0
W00044,PL · Kraków,PL,Krakow,Operations,L3,Operations L3,M,Permanent,Hybrid,1.0,40,2,34100,810,0,0,0
W00045,IT · Milan,IT,Milan,Finance,L2,Finance L2,F,Permanent,Remote,1.0,40,2,34050,0,0,0,0
W00046,IT · Milan,IT,Milan,Tech,L2,Tech L2,F,Fixed-term,Hybrid,1.0,40,3,39350,0,0,0,0
W00047,IT · Milan,IT,Milan,Tech,L3,Tech L3,F,Permanent,Hybrid,1.0,40,5,45000,3660,0,0,0
W00048,PL · Kraków,PL,Krakow,Tech,L2,Tech L2,F,Permanent,Hybrid,1.0,40,5,34850,0,0,0,0
W00049,ES · Barcelona,ES,Barcelona,Customer Service,L5,Customer Service L5,F,Permanent,Hybrid,1.0,40,5,62050,11650,0,0,5400
W00050,ES · Barcelona,ES,Barcelona,Finance,L4,Finance L4,F,Permanent,Onsite,1.0,40,3,54000,4610,0,0,0
W00051,DE · Munich,DE,Munich,Customer Service,L1,Customer Service L1,F,Permanent,Onsite,1.0,40,2,31700,0,0,1800,0
W00053,PL · Kraków,PL,Krakow,HR,L4,HR L4,F,Permanent,Hybrid,1.0,40,4,52850,5910,0,0,0
W00054,ES · Barcelona,ES,Barcelona,Customer Service,L4,Customer Service L4,M,Permanent,Hybrid,0.8,32,3,32080,2560,0,0,0
W00055,PL · Kraków,PL,Krakow,Customer Service,L4,Customer Service L4,F,Fixed-term,Remote,1.0,40,4,38100,3920,0,0,0
W00057,IT · Milan,IT,Milan,Operations,L3,Operations L3,F,Permanent,Hybrid,1.0,40,3,37050,1960,0,0,0
W00058,PL · Kraków,PL,Krakow,Operations,L1,Operations L1,M,Permanent,Remote,1.0,40,4,16650,0,0,0,0
W00059,DE · Munich,DE,Munich,Customer Service,L2,Customer Service L2,F,Permanent,Hybrid,1.0,40,4,41600,0,0,0,0
W00061,PL · Kraków,PL,Krakow,Sales,L1,Sales L1,M,Fixed-term,Onsite,1.0,40,4,21550,0,4500,0,0
W00062,IT · Milan,IT,Milan,Operations,L5,Operations L5,F,Fixed-term,Remote,1.0,40,3,71050,8620,0,0,6000
W00063,IT · Milan,IT,Milan,Customer Service,L3,Customer Service L3,M,Permanent,Onsite,1.0,40,4,39750,2450,0,1320,0
W00064,IT · Milan,IT,Milan,Operations,L2,Operations L2,F,Permanent,Hybrid,0.8,32,4,21360,0,0,0,0
W00066,PL · Kraków,PL,Krakow,Sales,L3,Sales L3,M,Permanent,Onsite,1.0,40,3,32950,1540,4490,0,0
W00067,IT · Milan,IT,Milan,Customer Service,L3,Customer Service L3,F,Permanent,Hybrid,1.0,40,3,40950,2190,0,0,0
W00068,PL · Kraków,PL,Krakow,Tech,L2,Tech L2,M,Permanent,Onsite,0.8,32,3,26880,0,0,0,0
W00069,IT · Milan,IT,Milan,HR,L3,HR L3,M,Permanent,Remote,1.0,40,4,43150,2670,0,0,0
W00070,ES · Barcelona,ES,Barcelona,Tech,L3,Tech L3,M,Permanent,Onsite,1.0,40,3,59300,2680,0,0,0
W00072,DE · Munich,DE,Munich,Tech,L1,Tech L1,M,Permanent,Remote,1.0,40,5,41350,0,0,0,0
W00073,PL · Kraków,PL,Krakow,Sales,L3,Sales L3,F,Permanent,Onsite,1.0,40,3,30950,1390,2650,0,0
W00074,PL · Kraków,PL,Krakow,Sales,L3,Sales L3,F,Fixed-term,Hybrid,1.0,40,3,30000,1480,5260,0,0
W00075,PL · Kraków,PL,Krakow,Finance,L2,Finance L2,M,Permanent,Hybrid,1.0,40,4,30200,0,0,0,0
W00076,IT · Milan,IT,Milan,Operations,L5,Operations L5,M,Permanent,Onsite,1.0,40,3,79400,9650,0,0,6000
W00077,PL · Kraków,PL,Krakow,Operations,L1,Operations L1,F,Permanent,Hybrid,1.0,40,3,21350,0,0,0,0
W00078,PL · Kraków,PL,Krakow,Customer Service,L1,Customer Service L1,M,Permanent,Hybrid,1.0,40,4,20750,0,0,0,0
W00079,DE · Munich,DE,Munich,Operations,L4,Operations L4,F,Permanent,Hybrid,1.0,40,3,69000,5350,0,0,0
W00081,IT · Milan,IT,Milan,HR,L2,HR L2,F,Fixed-term,Hybrid,0.8,32,3,26720,0,0,0,0
W00082,IT · Milan,IT,Milan,Customer Service,L5,Customer Service L5,M,Permanent,Hybrid,1.0,40,4,70850,10810,0,0,6000
W00083,IT · Milan,IT,Milan,Customer Service,L2,Customer Service L2,M,Permanent,Onsite,1.0,40,1,27650,0,0,1320,0
W00085,DE · Munich,DE,Munich,Customer Service,L3,Customer Service L3,F,Permanent,Hybrid,0.8,32,3,43960,2310,0,0,0
W00086,DE · Munich,DE,Munich,Customer Service,L4,Customer Service L4,F,Permanent,Onsite,1.0,40,2,79200,3130,0,0,0
W00088,IT · Milan,IT,Milan,Tech,L2,Tech L2,M,Permanent,Hybrid,1.0,40,4,38500,0,0,0,0
W00089,PL · Kraków,PL,Krakow,Operations,L1,Operations L1,F,Permanent,Hybrid,1.0,40,3,21200,0,0,0,0
W00090,ES · Barcelona,ES,Barcelona,Operations,L1,Operations L1,M,Fixed-term,Onsite,1.0,40,3,19600,0,0,1200,0
W00091,DE · Munich,DE,Munich,Customer Service,L2,Customer Service L2,F,Permanent,Onsite,1.0,40,2,43950,0,0,1800,0
W00092,PL · Kraków,PL,Krakow,Sales,L4,Sales L4,F,Permanent,Onsite,1.0,40,2,46500,1930,5130,0,0
W00094,IT · Milan,IT,Milan,Tech,L3,Tech L3,M,Permanent,Hybrid,1.0,40,3,58800,2670,0,0,0
W00095,PL · Kraków,PL,Krakow,Tech,L2,Tech L2,F,Permanent,Hybrid,1.0,40,3,34200,0,0,0,0
W00096,IT · Milan,IT,Milan,Operations,L3,Operations L3,F,Fixed-term,Hybrid,1.0,40,4,41850,2910,0,0,0
W00097,IT · Milan,IT,Milan,HR,L2,HR L2,M,Permanent,Hybrid,1.0,40,3,32950,0,0,0,0
W00098,PL · Kraków,PL,Krakow,Finance,L3,Finance L3,M,Permanent,Hybrid,1.0,40,3,38600,2060,0,0,0
W00099,PL · Kraków,PL,Krakow,HR,L2,HR L2,F,Permanent,Hybrid,1.0,40,3,24450,0,0,0,0
W00100,ES · Barcelona,ES,Barcelona,Sales,L2,Sales L2,F,Permanent,Hybrid,1.0,40,3,33200,0,3190,0,0
W00102,IT · Milan,IT,Milan,Operations,L1,Operations L1,M,Permanent,Hybrid,1.0,40,3,24250,0,0,0,0
W00103,ES · Barcelona,ES,Barcelona,Operations,L2,Operations L2,M,Permanent,Hybrid,1.0,40,4,31200,0,0,0,0
W00104,PL · Kraków,PL,Krakow,Tech,L5,Tech L5,M,Permanent,Hybrid,1.0,40,3,72500,9110,0,0,4200
W00105,PL · Kraków,PL,Krakow,Customer Service,L2,Customer Service L2,M,Fixed-term,Hybrid,1.0,40,2,24950,0,0,0,0
W00106,IT · Milan,IT,Milan,HR,L5,HR L5,F,Permanent,Onsite,1.0,40,3,91750,10500,0,0,6000
W00107,ES · Barcelona,ES,Barcelona,Customer Service,L4,Customer Service L4,F,Fixed-term,Hybrid,1.0,40,3,53750,3770,0,0,0
W00108,PL · Kraków,PL,Krakow,Tech,L2,Tech L2,M,Permanent,Hybrid,1.0,40,4,31800,0,0,0,0
W00111,DE · Munich,DE,Munich,Tech,L2,Tech L2,M,Permanent,Onsite,1.0,40,3,53350,0,0,0,0
W00112,ES · Barcelona,ES,Barcelona,Customer Service,L2,Customer Service L2,F,Permanent,Onsite,1.0,40,3,27850,0,0,1200,0
W00113,DE · Munich,DE,Munich,Operations,L4,Operations L4,M,Fixed-term,Remote,1.0,40,2,77500,3320,0,0,0
W00114,ES · Barcelona,ES,Barcelona,Operations,L4,Operations L4,M,Permanent,Hybrid,1.0,40,3,46900,3550,0,0,0
W00115,IT · Milan,IT,Milan,Customer Service,L2,Customer Service L2,M,Permanent,Remote,1.0,40,3,30450,0,0,0,0
W00116,IT · Milan,IT,Milan,Customer Service,L3,Customer Service L3,F,Permanent,Remote,1.0,40,3,39100,2000,0,0,0
W00117,PL · Kraków,PL,Krakow,Tech,L3,Tech L3,F,Permanent,Onsite,1.0,40,3,41050,2190,0,0,0
W00118,DE · Munich,DE,Munich,Operations,L2,Operations L2,M,Permanent,Onsite,1.0,40,3,46300,0,0,1800,0
W00119,IT · Milan,IT,Milan,Customer Service,L3,Customer Service L3,M,Permanent,Hybrid,1.0,40,4,39500,2540,0,0,0
W00120,IT · Milan,IT,Milan,Finance,L2,Finance L2,M,Fixed-term,Onsite,1.0,40,4,33800,0,0,0,0
W00121,PL · Kraków,PL,Krakow,Operations,L2,Operations L2,F,Permanent,Hybrid,1.0,40,2,21050,0,0,0,0
W00122,PL · Kraków,PL,Krakow,Customer Service,L2,Customer Service L2,F,Permanent,Onsite,1.0,40,4,26700,0,0,840,0
W00123,IT · Milan,IT,Milan,Finance,L6,Finance L6,M,Permanent,Remote,1.0,40,3,103450,20840,0,0,6000
W00124,PL · Kraków,PL,Krakow,Tech,L3,Tech L3,M,Permanent,Hybrid,1.0,40,3,43500,2050,0,0,0
W00125,PL · Kraków,PL,Krakow,Customer Service,L3,Customer Service L3,F,Fixed-term,Hybrid,1.0,40,3,31400,1470,0,0,0
W00126,PL · Kraków,PL,Krakow,Tech,L1,Tech L1,F,Fixed-term,Remote,1.0,40,4,29450,0,0,0,0
W00127,ES · Barcelona,ES,Barcelona,Tech,L2,Tech L2,M,Permanent,Onsite,1.0,40,2,39200,0,0,0,0
W00130,PL · Kraków,PL,Krakow,Sales,L2,Sales L2,F,Permanent,Hybrid,1.0,40,2,25000,0,3320,0,0
W00131,ES · Barcelona,ES,Barcelona,Customer Service,L2,Customer Service L2,M,Permanent,Hybrid,1.0,40,3,31000,0,0,0,0
W00132,IT · Milan,IT,Milan,Customer Service,L3,Customer Service L3,M,Fixed-term,Hybrid,1.0,40,4,38750,2640,0,0,0
W00133,PL · Kraków,PL,Krakow,Sales,L2,Sales L2,F,Permanent,Hybrid,1.0,40,2,27150,0,4930,0,0
W00134,DE · Munich,DE,Munich,Tech,L5,Tech L5,M,Permanent,Onsite,1.0,40,3,151500,18400,0,0,7200
W00135,PL · Kraków,PL,Krakow,Operations,L3,Operations L3,M,Permanent,Remote,1.0,40,2,31550,820,0,0,0
W00136,DE · Munich,DE,Munich,Customer Service,L6,Customer Service L6,M,Permanent,Hybrid,1.0,40,3,138500,25900,0,0,7200
W00137,PL · Kraków,PL,Krakow,Operations,L1,Operations L1,F,Permanent,Onsite,0.8,32,2,14760,0,0,672,0
W00138,IT · Milan,IT,Milan,Sales,L1,Sales L1,F,Fixed-term,Hybrid,0.8,32,3,20960,0,4190,0,0
W00142,ES · Barcelona,ES,Barcelona,Operations,L1,Operations L1,F,Permanent,Hybrid,1.0,40,4,25950,0,0,0,0
W00143,IT · Milan,IT,Milan,Operations,L3,Operations L3,M,Permanent,Onsite,1.0,40,3,37950,1940,0,1320,0
W00144,IT · Milan,IT,Milan,Finance,L1,Finance L1,F,Permanent,Onsite,1.0,40,3,27100,0,0,0,0
W00145,IT · Milan,IT,Milan,Customer Service,L1,Customer Service L1,F,Permanent,Remote,1.0,40,4,24750,0,0,0,0
W00146,DE · Munich,DE,Munich,Sales,L1,Sales L1,F,Fixed-term,Hybrid,1.0,40,4,38250,0,4910,0,0
W00147,ES · Barcelona,ES,Barcelona,Operations,L5,Operations L5,M,Permanent,Onsite,1.0,40,5,61500,9580,0,0,5400
W00148,IT · Milan,IT,Milan,Tech,L1,Tech L1,M,Permanent,Hybrid,1.0,40,1,36300,0,0,0,0
W00150,IT · Milan,IT,Milan,Tech,L2,Tech L2,F,Fixed-term,Hybrid,1.0,40,2,36750,0,0,0,0
W00151,DE · Munich,DE,Munich,Sales,L1,Sales L1,M,Fixed-term,Onsite,1.0,40,3,40250,0,5990,0,0
W00152,IT · Milan,IT,Milan,Customer Service,L3,Customer Service L3,F,Permanent,Onsite,1.0,40,4,39450,2660,0,1320,0
W00153,PL · Kraków,PL,Krakow,Sales,L2,Sales L2,F,Permanent,Remote,1.0,40,3,31200,0,3990,0,0
W00154,PL · Kraków,PL,Krakow,Tech,L1,Tech L1,F,Permanent,Onsite,1.0,40,3,27050,0,0,0,0
W00155,PL · Kraków,PL,Krakow,Tech,L2,Tech L2,F,Permanent,Onsite,1.0,40,3,36400,0,0,0,0
W00156,ES · Barcelona,ES,Barcelona,Customer Service,L3,Customer Service L3,F,Permanent,Remote,1.0,40,3,31750,1490,0,0,0
W00157,IT · Milan,IT,Milan,Finance,L3,Finance L3,F,Permanent,Hybrid,1.0,40,4,45350,2500,0,0,0
W00158,ES · Barcelona,ES,Barcelona,Tech,L1,Tech L1,M,Fixed-term,Remote,1.0,40,3,29250,0,0,0,0
W00159,PL · Kraków,PL,Krakow,Operations,L3,Operations L3,F,Permanent,Hybrid,1.0,40,4,29250,1950,0,0,0
W00160,PL · Kraków,PL,Krakow,Operations,L2,Operations L2,M,Permanent,Remote,1.0,40,1,25800,0,0,0,0
W00161,DE · Munich,DE,Munich,Finance,L5,Finance L5,F,Permanent,Remote,1.0,40,3,150550,18010,0,0,7200
W00162,PL · Kraków,PL,Krakow,Finance,L2,Finance L2,M,Permanent,Remote,1.0,40,3,31200,0,0,0,0
W00163,DE · Munich,DE,Munich,Operations,L2,Operations L2,F,Fixed-term,Hybrid,1.0,40,4,44850,0,0,0,0
W00164,IT · Milan,IT,Milan,Sales,L2,Sales L2,M,Permanent,Hybrid,1.0,40,5,36300,0,3880,0,0
W00165,DE · Munich,DE,Munich,Customer Service,L2,Customer Service L2,M,Permanent,Remote,1.0,40,3,41850,0,0,0,0
W00166,IT · Milan,IT,Milan,Tech,L4,Tech L4,F,Permanent,Onsite,1.0,40,1,69650,0,0,0,0
W00167,IT · Milan,IT,Milan,Customer Service,L4,Customer Service L4,F,Permanent,Hybrid,1.0,40,3,46350,3660,0,0,0
W00170,IT · Milan,IT,Milan,Operations,L3,Operations L3,F,Permanent,Remote,1.0,40,3,38150,1870,0,0,0
W00172,IT · Milan,IT,Milan,Sales,L3,Sales L3,M,Permanent,Hybrid,1.0,40,4,44900,2740,5700,0,0
W00173,DE · Munich,DE,Munich,Operations,L3,Operations L3,F,Permanent,Onsite,1.0,40,5,62550,4700,0,1800,0
W00174,IT · Milan,IT,Milan,Sales,L1,Sales L1,M,Permanent,Hybrid,0.8,32,3,18200,0,2620,0,0
W00175,PL · Kraków,PL,Krakow,Operations,L1,Operations L1,F,Permanent,Onsite,1.0,40,2,20600,0,0,840,0
W00176,ES · Barcelona,ES,Barcelona,Customer Service,L1,Customer Service L1,F,Permanent,Hybrid,1.0,40,3,22350,0,0,0,0
W00177,PL · Kraków,PL,Krakow,Tech,L5,Tech L5,M,Permanent,Hybrid,0.8,32,3,58400,6860,0,0,4200
W00178,IT · Milan,IT,Milan,Customer Service,L1,Customer Service L1,M,Permanent,Hybrid,1.0,40,2,25600,0,0,0,0
W00180,PL · Kraków,PL,Krakow,Customer Service,L4,Customer Service L4,M,Fixed-term,Hybrid,1.0,40,3,40700,3440,0,0,0
W00181,DE · Munich,DE,Munich,Customer Service,L4,Customer Service L4,F,Permanent,Hybrid,1.0,40,3,74900,5840,0,0,0
W00182,PL · Kraków,PL,Krakow,Operations,L2,Operations L2,F,Permanent,Onsite,1.0,40,3,24750,0,0,840,0
W00183,IT · Milan,IT,Milan,Customer Service,L1,Customer Service L1,F,Permanent,Hybrid,1.0,40,4,24300,0,0,0,0
W00184,DE · Munich,DE,Munich,HR,L1,HR L1,F,Permanent,Hybrid,1.0,40,4,40650,0,0,0,0
W00185,IT · Milan,IT,Milan,Operations,L2,Operations L2,F,Permanent,Hybrid,1.0,40,3,29950,0,0,0,0
W00186,PL · Kraków,PL,Krakow,HR,L3,HR L3,F,Permanent,Hybrid,1.0,40,1,33050,0,0,0,0
W00187,IT · Milan,IT,Milan,Customer Service,L1,Customer Service L1,F,Fixed-term,Onsite,1.0,40,3,23350,0,0,1320,0
W00189,DE · Munich,DE,Munich,Operations,L2,Operations L2,F,Fixed-term,Onsite,1.0,40,4,41050,0,0,1800,0
W00190,DE · Munich,DE,Munich,Tech,L6,Tech L6,M,Permanent,Onsite,1.0,40,3,191400,37280,0,0,7200
W00191,IT · Milan,IT,Milan,Tech,L2,Tech L2,F,Permanent,Hybrid,1.0,40,3,38800,0,0,0,0
W00192,PL · Kraków,PL,Krakow,Customer Service,L2,Customer Service L2,M,Permanent,Hybrid,1.0,40,3,22750,0,0,0,0
W00193,PL · Kraków,PL,Krakow,HR,L4,HR L4,M,Fixed-term,Onsite,1.0,40,3,42100,3370,0,0,0
W00194,PL · Kraków,PL,Krakow,Sales,L1,Sales L1,M,Permanent,Hybrid,1.0,40,4,22950,0,3170,0,0
W00195,IT · Milan,IT,Milan,Sales,L2,Sales L2,F,Permanent,Onsite,1.0,40,3,35350,0,4050,0,0
W00196,DE · Munich,DE,Munich,Customer Service,L4,Customer Service L4,M,Fixed-term,Onsite,1.0,40,3,65950,5330,0,0,0
W00197,PL · Kraków,PL,Krakow,Customer Service,L1,Customer Service L1,M,Fixed-term,Onsite,1.0,40,3,16550,0,0,840,0
W00198,PL · Kraków,PL,Krakow,Customer Service,L4,Customer Service L4,F,Permanent,Remote,1.0,40,3,40100,3410,0,0,0
W00199,DE · Munich,DE,Munich,Operations,L1,Operations L1,F,Permanent,Hybrid,1.0,40,3,33300,0,0,0,0
W00200,IT · Milan,IT,Milan,Customer Service,L1,Customer Service L1,F,Permanent,Hybrid,1.0,40,4,20250,0,0,0,0
W00201,PL · Kraków,PL,Krakow,Operations,L1,Operations L1,F,Permanent,Hybrid,1.0,40,4,17850,0,0,0,0
W00202,DE · Munich,DE,Munich,Tech,L1,Tech L1,F,Permanent,Remote,1.0,40,3,36950,0,0,0,0
W00203,DE · Munich,DE,Munich,Sales,L1,Sales L1,M,Permanent,Hybrid,0.8,32,4,35120,0,3700,0,0
W00205,IT · Milan,IT,Milan,Operations,L2,Operations L2,M,Permanent,Onsite,1.0,40,3,31800,0,0,1320,0
W00206,PL · Kraków,PL,Krakow,Customer Service,L1,Customer Service L1,F,Permanent,Onsite,1.0,40,3,20400,0,0,840,0
W00208,DE · Munich,DE,Munich,Tech,L3,Tech L3,M,Permanent,Hybrid,1.0,40,4,78550,4850,0,0,0
W00209,DE · Munich,DE,Munich,Customer Service,L3,Customer Service L3,M,Permanent,Remote,1.0,40,2,50200,1220,0,0,0
W00212,ES · Barcelona,ES,Barcelona,Tech,L1,Tech L1,F,Fixed-term,Onsite,1.0,40,3,30350,0,0,0,0
W00213,IT · Milan,IT,Milan,Tech,L5,Tech L5,M,Permanent,Remote,1.0,40,3,101400,12990,0,0,6000
W00215,PL · Kraków,PL,Krakow,HR,L1,HR L1,M,Permanent,Hybrid,1.0,40,3,19850,0,0,0,0
W00216,PL · Kraków,PL,Krakow,Operations,L1,Operations L1,F,Permanent,Onsite,1.0,40,2,17850,0,0,840,0
W00217,ES · Barcelona,ES,Barcelona,Customer Service,L1,Customer Service L1,M,Fixed-term,Onsite,1.0,40,4,22200,0,0,1200,0
W00218,IT · Milan,IT,Milan,Operations,L5,Operations L5,F,Permanent,Onsite,1.0,40,4,80550,11860,0,0,6000
W00220,DE · Munich,DE,Munich,Operations,L3,Operations L3,M,Permanent,Onsite,0.8,32,4,51240,2920,0,1440,0
W00222,IT · Milan,IT,Milan,Tech,L2,Tech L2,M,Permanent,Hybrid,1.0,40,4,42400,0,0,0,0
W00223,ES · Barcelona,ES,Barcelona,Finance,L5,Finance L5,M,Permanent,Remote,0.8,32,3,69080,8610,0,0,5400
W00224,IT · Milan,IT,Milan,Operations,L2,Operations L2,M,Permanent,Hybrid,1.0,40,4,34350,0,0,0,0
W00226,DE · Munich,DE,Munich,Tech,L3,Tech L3,F,Fixed-term,Onsite,1.0,40,3,61400,3570,0,0,0
W00227,PL · Kraków,PL,Krakow,Tech,L4,Tech L4,M,Permanent,Remote,1.0,40,4,61850,6140,0,0,0
W00228,IT · Milan,IT,Milan,Customer Service,L1,Customer Service L1,M,Fixed-term,Hybrid,1.0,40,4,24250,0,0,0,0
W00229,IT · Milan,IT,Milan,Tech,L2,Tech L2,M,Permanent,Hybrid,1.0,40,1,45300,0,0,0,0
W00230,PL · Kraków,PL,Krakow,Customer Service,L1,Customer Service L1,F,Permanent,Hybrid,0.8,32,2,13360,0,0,0,0
W00231,PL · Kraków,PL,Krakow,Customer Service,L3,Customer Service L3,F,Fixed-term,Onsite,1.0,40,4,30200,1690,0,840,0
W00232,PL · Kraków,PL,Krakow,Operations,L1,Operations L1,F,Permanent,Hybrid,1.0,40,3,17200,0,0,0,0
W00233,ES · Barcelona,ES,Barcelona,Operations,L2,Operations L2,F,Permanent,Onsite,1.0,40,3,24750,0,0,1200,0
W00234,PL · Kraków,PL,Krakow,Operations,L4,Operations L4,M,Permanent,Onsite,1.0,40,2,46200,1850,0,0,0
W00235,IT · Milan,IT,Milan,Finance,L2,Finance L2,F,Permanent,Onsite,1.0,40,2,35750,0,0,0,0
W00236,PL · Kraków,PL,Krakow,Tech,L3,Tech L3,M,Permanent,Hybrid,1.0,40,3,42150,2080,0,0,0
W00237,DE · Munich,DE,Munich,Sales,L2,Sales L2,M,Permanent,Hybrid,1.0,40,4,40950,0,5740,0,0
W00238,IT · Milan,IT,Milan,Customer Service,L2,Customer Service L2,M,Permanent,Remote,1.0,40,3,29550,0,0,0,0
W00240,DE · Munich,DE,Munich,Finance,L2,Finance L2,M,Permanent,Remote,1.0,40,3,59850,0,0,0,0
W00241,ES · Barcelona,ES,Barcelona,Sales,L5,Sales L5,M,Permanent,Hybrid,1.0,40,4,83550,12360,11320,0,5400
W00242,PL · Kraków,PL,Krakow,Sales,L1,Sales L1,M,Permanent,Hybrid,1.0,40,2,22900,0,3860,0,0
W00243,ES · Barcelona,ES,Barcelona,Customer Service,L5,Customer Service L5,M,Permanent,Remote,1.0,40,4,71500,11480,0,0,5400
W00245,DE · Munich,DE,Munich,Operations,L2,Operations L2,F,Permanent,Hybrid,1.0,40,2,47700,0,0,0,0
W00246,IT · Milan,IT,Milan,Customer Service,L5,Customer Service L5,F,Fixed-term,Hybrid,1.0,40,3,70900,8990,0,0,6000
W00247,IT · Milan,IT,Milan,Operations,L2,Operations L2,F,Fixed-term,Onsite,0.8,32,3,25480,0,0,1056,0
W00248,IT · Milan,IT,Milan,Customer Service,L1,Customer Service L1,F,Fixed-term,Hybrid,1.0,40,2,25550,0,0,0,0
W00252,ES · Barcelona,ES,Barcelona,Operations,L1,Operations L1,M,Fixed-term,Hybrid,1.0,40,3,24500,0,0,0,0
W00254,PL · Kraków,PL,Krakow,Sales,L1,Sales L1,F,Permanent,Hybrid,1.0,40,1,22250,0,2590,0,0
W00255,PL · Kraków,PL,Krakow,Customer Service,L3,Customer Service L3,F,Permanent,Onsite,1.0,40,3,28800,1500,0,840,0
W00258,IT · Milan,IT,Milan,Operations,L1,Operations L1,M,Permanent,Hybrid,1.0,40,3,25400,0,0,0,0
W00259,DE · Munich,DE,Munich,Sales,L2,Sales L2,F,Permanent,Onsite,1.0,40,2,47900,0,9370,0,0
W00260,IT · Milan,IT,Milan,Customer Service,L4,Customer Service L4,M,Permanent,Remote,1.0,40,3,50600,4190,0,0,0
W00261,PL · Kraków,PL,Krakow,Operations,L2,Operations L2,M,Permanent,Remote,1.0,40,3,23050,0,0,0,0
W00262,PL · Kraków,PL,Krakow,Sales,L2,Sales L2,M,Permanent,Hybrid,1.0,40,4,29800,0,3570,0,0
W00264,ES · Barcelona,ES,Barcelona,Customer Service,L2,Customer Service L2,F,Permanent,Hybrid,1.0,40,4,26100,0,0,0,0
W00265,PL · Kraków,PL,Krakow,Tech,L2,Tech L2,M,Permanent,Hybrid,1.0,40,4,31800,0,0,0,0
W00267,DE · Munich,DE,Munich,Operations,L3,Operations L3,M,Permanent,Hybrid,1.0,40,3,63200,3420,0,0,0
W00269,PL · Kraków,PL,Krakow,Tech,L5,Tech L5,F,Fixed-term,Hybrid,1.0,40,3,64450,7540,0,0,4200
W00270,PL · Kraków,PL,Krakow,Operations,L4,Operations L4,M,Permanent,Hybrid,1.0,40,4,38500,4060,0,0,0
W00271,IT · Milan,IT,Milan,Tech,L3,Tech L3,F,Permanent,Onsite,1.0,40,3,57650,2880,0,0,0
W00272,PL · Kraków,PL,Krakow,Customer Service,L2,Customer Service L2,M,Fixed-term,Hybrid,1.0,40,2,22600,0,0,0,0
W00274,IT · Milan,IT,Milan,Operations,L4,Operations L4,M,Permanent,Hybrid,1.0,40,3,51100,4320,0,0,0
W00275,PL · Kraków,PL,Krakow,Sales,L2,Sales L2,F,Permanent,Onsite,1.0,40,3,26500,0,2240,0,0
W00276,IT · Milan,IT,Milan,Customer Service,L2,Customer Service L2,M,Permanent,Remote,1.0,40,2,31550,0,0,0,0
W00277,ES · Barcelona,ES,Barcelona,Operations,L3,Operations L3,M,Fixed-term,Hybrid,1.0,40,3,39150,2080,0,0,0
W00278,PL · Kraków,PL,Krakow,Operations,L3,Operations L3,F,Fixed-term,Remote,1.0,40,3,34850,1650,0,0,0
W00279,DE · Munich,DE,Munich,Operations,L3,Operations L3,M,Permanent,Onsite,1.0,40,2,57550,1410,0,1800,0
W00280,PL · Kraków,PL,Krakow,Sales,L2,Sales L2,F,Permanent,Onsite,1.0,40,4,27300,0,2970,0,0
W00281,ES · Barcelona,ES,Barcelona,HR,L2,HR L2,M,Permanent,Onsite,1.0,40,3,30900,0,0,0,0
W00283,DE · Munich,DE,Munich,Customer Service,L1,Customer Service L1,F,Permanent,Hybrid,1.0,40,4,37350,0,0,0,0
W00284,DE · Munich,DE,Munich,Tech,L2,Tech L2,M,Permanent,Onsite,1.0,40,3,54000,0,0,0,0
W00285,PL · Kraków,PL,Krakow,Finance,L3,Finance L3,F,Permanent,Hybrid,1.0,40,3,31850,1560,0,0,0
W00287,PL · Kraków,PL,Krakow,Sales,L2,Sales L2,M,Fixed-term,Hybrid,1.0,40,4,31550,0,6050,0,0
W00288,ES · Barcelona,ES,Barcelona,Customer Service,L1,Customer Service L1,M,Permanent,Hybrid,1.0,40,3,24150,0,0,0,0
W00289,PL · Kraków,PL,Krakow,Customer Service,L2,Customer Service L2,M,Permanent,Hybrid,1.0,40,3,24950,0,0,0,0
W00291,IT · Milan,IT,Milan,Finance,L2,Finance L2,F,Permanent,Onsite,1.0,40,5,29000,0,0,0,0
W00292,PL · Kraków,PL,Krakow,HR,L2,HR L2,F,Permanent,Hybrid,1.0,40,2,22100,0,0,0,0
W00293,IT · Milan,IT,Milan,Tech,L2,Tech L2,F,Permanent,Hybrid,1.0,40,1,42200,0,0,0,0
W00294,PL · Kraków,PL,Krakow,Customer Service,L1,Customer Service L1,F,Permanent,Remote,1.0,40,4,16850,0,0,0,0
W00295,IT · Milan,IT,Milan,Sales,L2,Sales L2,M,Fixed-term,Remote,1.0,40,3,31500,0,4170,0,0
W00297,ES · Barcelona,ES,Barcelona,Operations,L1,Operations L1,F,Permanent,Remote,1.0,40,3,23500,0,0,0,0
W00298,DE · Munich,DE,Munich,Operations,L1,Operations L1,M,Permanent,Onsite,1.0,40,4,36250,0,0,1800,0
W00300,IT · Milan,IT,Milan,Tech,L2,Tech L2,F,Permanent,Remote,1.0,40,3,37950,0,0,0,0
W00301,IT · Milan,IT,Milan,Sales,L4,Sales L4,F,Permanent,Hybrid,1.0,40,3,47700,3820,6830,0,0
W00302,PL · Kraków,PL,Krakow,Finance,L2,Finance L2,M,Permanent,Hybrid,1.0,40,4,30300,0,0,0,0
W00303,DE · Munich,DE,Munich,Sales,L2,Sales L2,M,Permanent,Hybrid,1.0,40,3,54550,0,6960,0,0
W00304,PL · Kraków,PL,Krakow,Operations,L3,Operations L3,F,Permanent,Onsite,1.0,40,5,32500,2220,0,840,0
W00305,DE · Munich,DE,Munich,Operations,L2,Operations L2,M,Fixed-term,Hybrid,1.0,40,3,41950,0,0,0,0
W00306,PL · Kraków,PL,Krakow,Tech,L5,Tech L5,M,Permanent,Remote,1.0,40,4,73950,11550,0,0,4200
W00307,ES · Barcelona,ES,Barcelona,Customer Service,L2,Customer Service L2,F,Permanent,Onsite,1.0,40,3,29550,0,0,1200,0
W00308,ES · Barcelona,ES,Barcelona,Tech,L1,Tech L1,F,Fixed-term,Onsite,1.0,40,4,27600,0,0,0,0
W00309,PL · Kraków,PL,Krakow,Operations,L4,Operations L4,M,Permanent,Onsite,1.0,40,5,38000,4540,0,0,0
W00310,PL · Kraków,PL,Krakow,Sales,L1,Sales L1,M,Permanent,Hybrid,1.0,40,3,22400,0,3470,0,0
W00311,PL · Kraków,PL,Krakow,Finance,L2,Finance L2,F,Permanent,Hybrid,1.0,40,4,32150,0,0,0,0
W00312,IT · Milan,IT,Milan,Operations,L1,Operations L1,F,Permanent,Onsite,1.0,40,3,25050,0,0,1320,0
W00313,PL · Kraków,PL,Krakow,Finance,L3,Finance L3,M,Fixed-term,Hybrid,1.0,40,2,37000,840,0,0,0
W00314,ES · Barcelona,ES,Barcelona,Sales,L1,Sales L1,F,Permanent,Hybrid,1.0,40,3,27000,0,4140,0,0
W00315,DE · Munich,DE,Munich,Operations,L2,Operations L2,M,Permanent,Hybrid,1.0,40,5,36650,0,0,0,0
W00316,PL · Kraków,PL,Krakow,Customer Service,L1,Customer Service L1,M,Permanent,Onsite,1.0,40,1,16600,0,0,840,0
W00318,ES · Barcelona,ES,Barcelona,Tech,L5,Tech L5,M,Fixed-term,Onsite,1.0,40,4,97200,14080,0,0,5400
W00319,IT · Milan,IT,Milan,Operations,L6,Operations L6,M,Permanent,Hybrid,1.0,40,4,96750,24630,0,0,6000
W00321,PL · Kraków,PL,Krakow,Finance,L4,Finance L4,M,Fixed-term,Hybrid,1.0,40,3,50550,4230,0,0,0
W00322,ES · Barcelona,ES,Barcelona,Customer Service,L2,Customer Service L2,M,Permanent,Hybrid,0.8,32,4,21800,0,0,0,0
W00323,IT · Milan,IT,Milan,HR,L1,HR L1,F,Fixed-term,Hybrid,1.0,40,4,24150,0,0,0,0
W00324,DE · Munich,DE,Munich,Operations,L3,Operations L3,M,Fixed-term,Hybrid,1.0,40,2,59900,1390,0,0,0
W00325,DE · Munich,DE,Munich,Operations,L1,Operations L1,M,Permanent,Hybrid,1.0,40,3,36450,0,0,0,0
W00326,PL · Kraków,PL,Krakow,HR,L1,HR L1,F,Permanent,Remote,1.0,40,2,20500,0,0,0,0
W00327,IT · Milan,IT,Milan,Operations,L1,Operations L1,F,Permanent,Onsite,0.8,32,3,15200,0,0,1056,0
W00328,IT · Milan,IT,Milan,Operations,L5,Operations L5,M,Fixed-term,Onsite,1.0,40,3,90450,10670,0,0,6000
W00329,IT · Milan,IT,Milan,Customer Service,L1,Customer Service L1,M,Permanent,Hybrid,1.0,40,4,24850,0,0,0,0
W00331,ES · Barcelona,ES,Barcelona,Customer Service,L3,Customer Service L3,F,Permanent,Onsite,1.0,40,2,36600,900,0,1200,0
W00335,IT · Milan,IT,Milan,Operations,L3,Operations L3,M,Permanent,Hybrid,0.8,32,2,35200,900,0,0,0
W00336,PL · Kraków,PL,Krakow,Customer Service,L5,Customer Service L5,M,Permanent,Remote,0.8,32,2,52560,3460,0,0,4200
W00337,PL · Kraków,PL,Krakow,Tech,L3,Tech L3,M,Fixed-term,Onsite,1.0,40,4,45950,2640,0,0,0
W00338,DE · Munich,DE,Munich,Customer Service,L1,Customer Service L1,F,Fixed-term,Hybrid,1.0,40,3,33450,0,0,0,0
W00340,PL · Kraków,PL,Krakow,Operations,L3,Operations L3,F,Permanent,Onsite,1.0,40,3,28600,1520,0,840,0
W00342,DE · Munich,DE,Munich,Customer Service,L1,Customer Service L1,F,Fixed-term,Hybrid,1.0,40,3,36750,0,0,0,0
W00343,DE · Munich,DE,Munich,HR,L5,HR L5,F,Permanent,Remote,1.0,40,2,101000,6060,0,0,7200
W00345,IT · Milan,IT,Milan,Finance,L3,Finance L3,M,Fixed-term,Hybrid,1.0,40,4,41450,2430,0,0,0
W00346,PL · Kraków,PL,Krakow,HR,L4,HR L4,F,Fixed-term,Hybrid,1.0,40,3,51100,3900,0,0,0
W00347,ES · Barcelona,ES,Barcelona,HR,L1,HR L1,M,Permanent,Onsite,1.0,40,4,27050,0,0,0,0
W00349,IT · Milan,IT,Milan,HR,L1,HR L1,M,Permanent,Hybrid,1.0,40,3,21300,0,0,0,0
W00350,DE · Munich,DE,Munich,Operations,L1,Operations L1,F,Permanent,Onsite,1.0,40,2,35100,0,0,1800,0
W00351,DE · Munich,DE,Munich,Tech,L2,Tech L2,M,Permanent,Onsite,1.0,40,4,63350,0,0,0,0
W00352,DE · Munich,DE,Munich,Sales,L2,Sales L2,M,Permanent,Hybrid,1.0,40,3,49300,0,10030,0,0
W00353,ES · Barcelona,ES,Barcelona,Tech,L3,Tech L3,F,Permanent,Hybrid,1.0,40,5,55200,4020,0,0,0
W00354,IT · Milan,IT,Milan,Operations,L2,Operations L2,F,Fixed-term,Onsite,1.0,40,4,29100,0,0,1320,0
W00355,IT · Milan,IT,Milan,Operations,L1,Operations L1,M,Permanent,Hybrid,1.0,40,4,22550,0,0,0,0
W00356,ES · Barcelona,ES,Barcelona,Customer Service,L3,Customer Service L3,F,Permanent,Onsite,1.0,40,4,37050,2210,0,1200,0
W00358,PL · Kraków,PL,Krakow,Customer Service,L4,Customer Service L4,F,Permanent,Hybrid,1.0,40,3,36550,3130,0,0,0
W00359,ES · Barcelona,ES,Barcelona,Sales,L4,Sales L4,F,Permanent,Onsite,1.0,40,3,53000,4640,7770,0,0
W00360,DE · Munich,DE,Munich,Operations,L2,Operations L2,M,Permanent,Hybrid,0.8,32,4,36640,0,0,0,0
W00361,IT · Milan,IT,Milan,Tech,L2,Tech L2,F,Permanent,Onsite,1.0,40,3,34900,0,0,0,0
W00362,IT · Milan,IT,Milan,Operations,L5,Operations L5,M,Fixed-term,Hybrid,1.0,40,3,77900,8980,0,0,6000
W00363,PL · Kraków,PL,Krakow,Operations,L2,Operations L2,M,Fixed-term,Hybrid,1.0,40,2,22550,0,0,0,0
W00364,IT · Milan,IT,Milan,Finance,L2,Finance L2,F,Permanent,Hybrid,0.8,32,2,29280,0,0,0,0
W00365,DE · Munich,DE,Munich,Operations,L2,Operations L2,F,Permanent,Hybrid,1.0,40,3,42900,0,0,0,0
W00367,IT · Milan,IT,Milan,Tech,L2,Tech L2,F,Permanent,Hybrid,1.0,40,4,35350,0,0,0,0
W00368,ES · Barcelona,ES,Barcelona,Tech,L1,Tech L1,M,Permanent,Onsite,1.0,40,3,29150,0,0,0,0
W00369,PL · Kraków,PL,Krakow,Operations,L2,Operations L2,M,Permanent,Hybrid,1.0,40,1,23950,0,0,0,0
W00371,ES · Barcelona,ES,Barcelona,Operations,L2,Operations L2,M,Permanent,Onsite,1.0,40,4,31050,0,0,1200,0
W00372,PL · Kraków,PL,Krakow,Sales,L2,Sales L2,M,Permanent,Remote,1.0,40,3,29050,0,3750,0,0
W00373,PL · Kraków,PL,Krakow,Operations,L3,Operations L3,M,Permanent,Remote,1.0,40,4,34600,2250,0,0,0
W00374,DE · Munich,DE,Munich,Customer Service,L2,Customer Service L2,M,Permanent,Remote,1.0,40,5,38750,0,0,0,0
W00375,IT · Milan,IT,Milan,Customer Service,L4,Customer Service L4,M,Permanent,Onsite,1.0,40,4,47350,4880,0,0,0
W00376,IT · Milan,IT,Milan,Customer Service,L2,Customer Service L2,F,Permanent,Onsite,1.0,40,2,29250,0,0,1320,0
W00377,IT · Milan,IT,Milan,Customer Service,L2,Customer Service L2,M,Permanent,Remote,1.0,40,2,33200,0,0,0,0
W00378,IT · Milan,IT,Milan,Operations,L2,Operations L2,F,Permanent,Remote,1.0,40,3,29400,0,0,0,0
W00379,IT · Milan,IT,Milan,Customer Service,L2,Customer Service L2,M,Permanent,Hybrid,1.0,40,4,25300,0,0,0,0
W00380,PL · Kraków,PL,Krakow,Customer Service,L1,Customer Service L1,M,Permanent,Onsite,1.0,40,3,20500,0,0,840,0
W00382,DE · Munich,DE,Munich,Customer Service,L2,Customer Service L2,F,Permanent,Hybrid,1.0,40,2,41450,0,0,0,0
W00384,IT · Milan,IT,Milan,Finance,L3,Finance L3,M,Permanent,Remote,1.0,40,3,42050,2060,0,0,0
W00385,IT · Milan,IT,Milan,Sales,L1,Sales L1,F,Permanent,Onsite,1.0,40,3,25100,0,3080,0,0
W00386,DE · Munich,DE,Munich,Tech,L4,Tech L4,F,Permanent,Hybrid,1.0,40,3,98950,8150,0,0,0
W00388,IT · Milan,IT,Milan,HR,L4,HR L4,F,Permanent,Hybrid,1.0,40,4,45900,4890,0,0,0
W00389,IT · Milan,IT,Milan,Operations,L1,Operations L1,F,Permanent,Hybrid,1.0,40,3,20200,0,0,0,0
W00390,IT · Milan,IT,Milan,Operations,L3,Operations L3,M,Permanent,Onsite,1.0,40,2,39800,1040,0,1320,0
W00391,PL · Kraków,PL,Krakow,Customer Service,L3,Customer Service L3,M,Permanent,Remote,1.0,40,3,29250,1570,0,0,0
W00392,DE · Munich,DE,Munich,Operations,L4,Operations L4,F,Fixed-term,Hybrid,1.0,40,2,67700,2610,0,0,0
W00394,IT · Milan,IT,Milan,Operations,L1,Operations L1,F,Permanent,Hybrid,1.0,40,2,27150,0,0,0,0
W00396,DE · Munich,DE,Munich,HR,L4,HR L4,M,Permanent,Hybrid,0.8,32,4,62400,6600,0,0,0
W00397,IT · Milan,IT,Milan,Customer Service,L2,Customer Service L2,F,Fixed-term,Onsite,1.0,40,3,24350,0,0,1320,0
W00398,PL · Kraków,PL,Krakow,HR,L1,HR L1,F,Permanent,Hybrid,1.0,40,3,23500,0,0,0,0
W00399,PL · Kraków,PL,Krakow,Customer Service,L4,Customer Service L4,M,Fixed-term,Onsite,1.0,40,4,40000,4050,0,0,0
W00400,ES · Barcelona,ES,Barcelona,Tech,L1,Tech L1,F,Permanent,Remote,1.0,40,3,30750,0,0,0,0
W00401,IT · Milan,IT,Milan,Operations,L3,Operations L3,M,Permanent,Remote,1.0,40,4,38250,2550,0,0,0
W00402,PL · Kraków,PL,Krakow,Customer Service,L2,Customer Service L2,M,Permanent,Hybrid,1.0,40,5,22800,0,0,0,0
W00403,PL · Kraków,PL,Krakow,Sales,L3,Sales L3,M,Permanent,Onsite,1.0,40,2,33300,860,6100,0,0
W00404,PL · Kraków,PL,Krakow,Customer Service,L2,Customer Service L2,M,Fixed-term,Onsite,1.0,40,3,27450,0,0,840,0
W00405,PL · Kraków,PL,Krakow,Operations,L2,Operations L2,M,Permanent,Remote,1.0,40,3,25150,0,0,0,0
W00406,PL · Kraków,PL,Krakow,Customer Service,L4,Customer Service L4,M,Fixed-term,Hybrid,1.0,40,2,38450,1660,0,0,0
W00407,DE · Munich,DE,Munich,Operations,L6,Operations L6,M,Permanent,Onsite,1.0,40,2,141300,15350,0,0,7200
W00408,PL · Kraków,PL,Krakow,Customer Service,L3,Customer Service L3,F,Permanent,Hybrid,1.0,40,3,29700,1340,0,0,0
W00409,PL · Kraków,PL,Krakow,Operations,L2,Operations L2,M,Permanent,Remote,1.0,40,3,25550,0,0,0,0
W00410,PL · Kraków,PL,Krakow,HR,L1,HR L1,M,Permanent,Hybrid,1.0,40,2,20900,0,0,0,0
W00411,ES · Barcelona,ES,Barcelona,Customer Service,L4,Customer Service L4,M,Permanent,Hybrid,1.0,40,4,44150,4530,0,0,0
W00412,DE · Munich,DE,Munich,Tech,L1,Tech L1,M,Fixed-term,Remote,1.0,40,3,48050,0,0,0,0
W00413,DE · Munich,DE,Munich,Sales,L3,Sales L3,F,Permanent,Onsite,1.0,40,3,50750,2810,5710,0,0
W00414,IT · Milan,IT,Milan,Finance,L4,Finance L4,M,Fixed-term,Hybrid,1.0,40,4,58300,5440,0,0,0
W00415,IT · Milan,IT,Milan,Customer Service,L1,Customer Service L1,F,Fixed-term,Onsite,1.0,40,2,22800,0,0,1320,0
W00416,ES · Barcelona,ES,Barcelona,Finance,L1,Finance L1,F,Permanent,Hybrid,1.0,40,3,28500,0,0,0,0
W00417,IT · Milan,IT,Milan,HR,L3,HR L3,F,Permanent,Onsite,1.0,40,3,44250,2130,0,0,0
W00418,ES · Barcelona,ES,Barcelona,Tech,L1,Tech L1,M,Permanent,Onsite,1.0,40,3,32150,0,0,0,0
W00419,IT · Milan,IT,Milan,Sales,L3,Sales L3,F,Permanent,Hybrid,1.0,40,4,42300,2690,4210,0,0
W00421,IT · Milan,IT,Milan,Finance,L3,Finance L3,M,Permanent,Hybrid,1.0,40,4,52850,3270,0,0,0
W00422,ES · Barcelona,ES,Barcelona,Operations,L1,Operations L1,F,Permanent,Hybrid,1.0,40,1,20250,0,0,0,0
W00423,IT · Milan,IT,Milan,HR,L3,HR L3,F,Permanent,Hybrid,1.0,40,2,35500,850,0,0,0
W00424,PL · Kraków,PL,Krakow,Sales,L1,Sales L1,M,Permanent,Hybrid,1.0,40,4,19150,0,2970,0,0
W00425,IT · Milan,IT,Milan,Operations,L2,Operations L2,F,Fixed-term,Hybrid,1.0,40,3,29400,0,0,0,0
W00428,PL · Kraków,PL,Krakow,Customer Service,L3,Customer Service L3,M,Permanent,Hybrid,1.0,40,3,31950,1670,0,0,0
W00429,IT · Milan,IT,Milan,Operations,L3,Operations L3,F,Permanent,Hybrid,0.8,32,3,31480,1520,0,0,0
W00430,PL · Kraków,PL,Krakow,Operations,L5,Operations L5,M,Permanent,Remote,1.0,40,2,58350,3610,0,0,4200
W00432,DE · Munich,DE,Munich,Customer Service,L1,Customer Service L1,F,Permanent,Hybrid,1.0,40,4,32200,0,0,0,0
W00433,PL · Kraków,PL,Krakow,Customer Service,L2,Customer Service L2,M,Permanent,Hybrid,1.0,40,3,25700,0,0,0,0
W00435,IT · Milan,IT,Milan,Operations,L2,Operations L2,M,Permanent,Hybrid,1.0,40,3,29150,0,0,0,0
W00437,IT · Milan,IT,Milan,Operations,L5,Operations L5,M,Permanent,Hybrid,1.0,40,3,69000,8580,0,0,6000
W00438,PL · Kraków,PL,Krakow,Customer Service,L1,Customer Service L1,F,Permanent,Hybrid,1.0,40,3,16800,0,0,0,0
W00439,PL · Kraków,PL,Krakow,Tech,L4,Tech L4,M,Fixed-term,Onsite,1.0,40,4,56400,5230,0,0,0
W00440,ES · Barcelona,ES,Barcelona,Sales,L2,Sales L2,F,Permanent,Onsite,1.0,40,4,34700,0,3670,0,0
W00441,DE · Munich,DE,Munich,Operations,L2,Operations L2,M,Permanent,Remote,1.0,40,3,50250,0,0,0,0
W00442,ES · Barcelona,ES,Barcelona,Operations,L3,Operations L3,M,Permanent,Onsite,1.0,40,1,36100,0,0,1200,0
W00443,ES · Barcelona,ES,Barcelona,Operations,L3,Operations L3,M,Permanent,Hybrid,1.0,40,4,41650,2660,0,0,0
W00445,PL · Kraków,PL,Krakow,Sales,L2,Sales L2,M,Fixed-term,Onsite,1.0,40,3,23900,0,2800,0,0
W00446,IT · Milan,IT,Milan,Operations,L4,Operations L4,M,Permanent,Remote,1.0,40,4,53950,5360,0,0,0
W00447,DE · Munich,DE,Munich,Operations,L1,Operations L1,M,Fixed-term,Hybrid,1.0,40,3,35250,0,0,0,0
W00448,DE · Munich,DE,Munich,Customer Service,L2,Customer Service L2,M,Permanent,Hybrid,1.0,40,2,43900,0,0,0,0
W00449,PL · Kraków,PL,Krakow,Operations,L2,Operations L2,F,Permanent,Onsite,1.0,40,5,25200,0,0,840,0
W00450,IT · Milan,IT,Milan,Customer Service,L1,Customer Service L1,F,Permanent,Hybrid,1.0,40,3,23700,0,0,0,0
W00451,PL · Kraków,PL,Krakow,Tech,L3,Tech L3,F,Fixed-term,Hybrid,1.0,40,2,36350,1000,0,0,0
W00452,IT · Milan,IT,Milan,Tech,L1,Tech L1,M,Permanent,Hybrid,1.0,40,4,34400,0,0,0,0
W00453,IT · Milan,IT,Milan,Operations,L1,Operations L1,M,Permanent,Hybrid,1.0,40,3,19450,0,0,0,0
W00454,ES · Barcelona,ES,Barcelona,Finance,L1,Finance L1,M,Permanent,Hybrid,0.8,32,5,21200,0,0,0,0
W00455,ES · Barcelona,ES,Barcelona,Operations,L2,Operations L2,M,Permanent,Onsite,1.0,40,2,27000,0,0,1200,0
W00456,IT · Milan,IT,Milan,Customer Service,L5,Customer Service L5,M,Permanent,Onsite,1.0,40,4,79200,11840,0,0,6000
W00458,IT · Milan,IT,Milan,Customer Service,L1,Customer Service L1,F,Permanent,Hybrid,1.0,40,3,24600,0,0,0,0
W00459,ES · Barcelona,ES,Barcelona,Operations,L5,Operations L5,M,Permanent,Onsite,1.0,40,3,58650,6630,0,0,5400
W00460,PL · Kraków,PL,Krakow,Customer Service,L3,Customer Service L3,F,Permanent,Hybrid,1.0,40,4,30500,1860,0,0,0
W00461,PL · Kraków,PL,Krakow,Operations,L3,Operations L3,F,Permanent,Onsite,1.0,40,3,32400,1520,0,840,0
W00464,ES · Barcelona,ES,Barcelona,Tech,L2,Tech L2,F,Permanent,Onsite,0.8,32,3,33360,0,0,0,0
W00465,IT · Milan,IT,Milan,Operations,L1,Operations L1,M,Permanent,Hybrid,1.0,40,4,26700,0,0,0,0
W00466,IT · Milan,IT,Milan,Customer Service,L3,Customer Service L3,F,Permanent,Hybrid,1.0,40,2,40600,1070,0,0,0
W00467,DE · Munich,DE,Munich,Customer Service,L2,Customer Service L2,M,Permanent,Remote,1.0,40,3,44000,0,0,0,0
W00468,ES · Barcelona,ES,Barcelona,HR,L4,HR L4,M,Permanent,Remote,1.0,40,4,48300,4540,0,0,0
W00469,PL · Kraków,PL,Krakow,HR,L3,HR L3,F,Fixed-term,Remote,1.0,40,3,34700,1810,0,0,0
W00470,PL · Kraków,PL,Krakow,Tech,L2,Tech L2,M,Permanent,Hybrid,1.0,40,3,25550,0,0,0,0
W00471,IT · Milan,IT,Milan,Sales,L2,Sales L2,M,Permanent,Hybrid,1.0,40,4,34200,0,4390,0,0
W00473,PL · Kraków,PL,Krakow,Tech,L2,Tech L2,M,Permanent,Hybrid,1.0,40,2,33150,0,0,0,0
W00474,ES · Barcelona,ES,Barcelona,Tech,L1,Tech L1,F,Fixed-term,Hybrid,1.0,40,3,29500,0,0,0,0
W00475,IT · Milan,IT,Milan,Operations,L2,Operations L2,F,Fixed-term,Onsite,1.0,40,4,27350,0,0,1320,0
W00476,DE · Munich,DE,Munich,Customer Service,L4,Customer Service L4,M,Permanent,Onsite,0.8,32,4,68800,7530,0,0,0
W00477,ES · Barcelona,ES,Barcelona,Customer Service,L2,Customer Service L2,F,Permanent,Hybrid,1.0,40,3,28650,0,0,0,0
W00478,ES · Barcelona,ES,Barcelona,Sales,L2,Sales L2,F,Permanent,Hybrid,1.0,40,3,28250,0,4350,0,0
W00479,DE · Munich,DE,Munich,Sales,L1,Sales L1,M,Permanent,Remote,1.0,40,5,40000,0,6800,0,0
W00480,DE · Munich,DE,Munich,Tech,L5,Tech L5,M,Permanent,Onsite,1.0,40,3,151350,17480,0,0,7200
W00482,PL · Kraków,PL,Krakow,Tech,L1,Tech L1,F,Permanent,Onsite,1.0,40,4,24300,0,0,0,0
W00483,DE · Munich,DE,Munich,Customer Service,L3,Customer Service L3,F,Permanent,Hybrid,1.0,40,3,52950,2740,0,0,0
W00484,PL · Kraków,PL,Krakow,Operations,L2,Operations L2,F,Permanent,Onsite,1.0,40,3,23600,0,0,840,0
W00485,PL · Kraków,PL,Krakow,Operations,L3,Operations L3,M,Permanent,Hybrid,1.0,40,3,22950,1120,0,0,0
W00486,ES · Barcelona,ES,Barcelona,Operations,L1,Operations L1,F,Permanent,Onsite,1.0,40,3,22550,0,0,1200,0
W00487,PL · Kraków,PL,Krakow,Sales,L2,Sales L2,M,Permanent,Hybrid,1.0,40,4,26050,0,4260,0,0
W00488,ES · Barcelona,ES,Barcelona,Operations,L1,Operations L1,M,Permanent,Hybrid,1.0,40,2,21750,0,0,0,0
W00489,IT · Milan,IT,Milan,Sales,L3,Sales L3,M,Permanent,Hybrid,1.0,40,3,45400,2010,10550,0,0
W00490,ES · Barcelona,ES,Barcelona,Sales,L1,Sales L1,M,Permanent,Remote,1.0,40,3,26950,0,4860,0,0
W00491,PL · Kraków,PL,Krakow,Customer Service,L1,Customer Service L1,M,Permanent,Hybrid,1.0,40,4,23050,0,0,0,0
W00492,DE · Munich,DE,Munich,Operations,L1,Operations L1,F,Fixed-term,Onsite,1.0,40,4,28950,0,0,1800,0
W00493,PL · Kraków,PL,Krakow,HR,L3,HR L3,M,Permanent,Hybrid,1.0,40,5,36600,2710,0,0,0
W00494,ES · Barcelona,ES,Barcelona,Finance,L2,Finance L2,F,Permanent,Onsite,1.0,40,3,34400,0,0,0,0
W00495,PL · Kraków,PL,Krakow,Operations,L2,Operations L2,F,Permanent,Remote,1.0,40,4,25700,0,0,0,0
W00496,PL · Kraków,PL,Krakow,Operations,L2,Operations L2,M,Permanent,Hybrid,1.0,40,2,26100,0,0,0,0
W00498,IT · Milan,IT,Milan,Customer Service,L1,Customer Service L1,F,Permanent,Hybrid,1.0,40,2,21750,0,0,0,0
W00501,IT · Milan,IT,Milan,Operations,L5,Operations L5,M,Fixed-term,Hybrid,1.0,40,3,72850,8800,0,0,6000
W00502,IT · Milan,IT,Milan,Customer Service,L2,Customer Service L2,M,Permanent,Hybrid,0.8,32,2,21680,0,0,0,0
W00503,ES · Barcelona,ES,Barcelona,Finance,L4,Finance L4,F,Permanent,Onsite,1.0,40,2,62350,2690,0,0,0
W00504,DE · Munich,DE,Munich,Finance,L3,Finance L3,F,Fixed-term,Hybrid,0.8,32,3,54040,2760,0,0,0
W00505,PL · Kraków,PL,Krakow,Sales,L3,Sales L3,M,Permanent,Onsite,1.0,40,3,37050,2040,4890,0,0
W00506,PL · Kraków,PL,Krakow,Customer Service,L5,Customer Service L5,M,Permanent,Hybrid,1.0,40,3,63650,7540,0,0,4200
W00507,ES · Barcelona,ES,Barcelona,Customer Service,L4,Customer Service L4,M,Permanent,Remote,1.0,40,2,41100,1720,0,0,0
W00509,DE · Munich,DE,Munich,Customer Service,L2,Customer Service L2,F,Permanent,Hybrid,1.0,40,4,39350,0,0,0,0
W00510,IT · Milan,IT,Milan,Customer Service,L2,Customer Service L2,M,Fixed-term,Remote,1.0,40,3,30900,0,0,0,0
W00511,PL · Kraków,PL,Krakow,Customer Service,L4,Customer Service L4,M,Permanent,Onsite,1.0,40,4,48800,5210,0,0,0
W00512,IT · Milan,IT,Milan,Customer Service,L3,Customer Service L3,M,Permanent,Hybrid,1.0,40,3,40200,1980,0,0,0
W00513,ES · Barcelona,ES,Barcelona,Customer Service,L2,Customer Service L2,F,Permanent,Hybrid,1.0,40,2,25400,0,0,0,0
W00514,IT · Milan,IT,Milan,HR,L5,HR L5,M,Fixed-term,Onsite,1.0,40,4,83800,12270,0,0,6000
W00515,IT · Milan,IT,Milan,Finance,L4,Finance L4,M,Permanent,Onsite,1.0,40,3,66500,5530,0,0,0
W00516,ES · Barcelona,ES,Barcelona,Customer Service,L2,Customer Service L2,F,Fixed-term,Remote,1.0,40,3,27000,0,0,0,0
W00518,ES · Barcelona,ES,Barcelona,Sales,L2,Sales L2,F,Permanent,Remote,1.0,40,1,32250,0,3890,0,0
W00519,DE · Munich,DE,Munich,Customer Service,L4,Customer Service L4,M,Permanent,Hybrid,1.0,40,3,66150,5230,0,0,0
W00520,PL · Kraków,PL,Krakow,Tech,L1,Tech L1,F,Permanent,Remote,1.0,40,4,23600,0,0,0,0
W00521,PL · Kraków,PL,Krakow,Customer Service,L5,Customer Service L5,M,Permanent,Remote,1.0,40,3,58050,6950,0,0,4200
W00523,PL · Kraków,PL,Krakow,Customer Service,L2,Customer Service L2,M,Permanent,Remote,1.0,40,3,24550,0,0,0,0
W00524,IT · Milan,IT,Milan,Tech,L2,Tech L2,M,Permanent,Remote,1.0,40,2,40050,0,0,0,0
W00525,DE · Munich,DE,Munich,Finance,L4,Finance L4,M,Fixed-term,Hybrid,1.0,40,3,79700,6460,0,0,0
W00526,DE · Munich,DE,Munich,Operations,L1,Operations L1,M,Permanent,Remote,1.0,40,4,33300,0,0,0,0
W00528,ES · Barcelona,ES,Barcelona,Finance,L1,Finance L1,F,Fixed-term,Remote,1.0,40,5,29050,0,0,0,0
W00529,PL · Kraków,PL,Krakow,Customer Service,L1,Customer Service L1,F,Permanent,Onsite,1.0,40,2,19250,0,0,840,0
W00530,DE · Munich,DE,Munich,Customer Service,L2,Customer Service L2,F,Permanent,Remote,1.0,40,3,45800,0,0,0,0
W00531,IT · Milan,IT,Milan,Sales,L4,Sales L4,M,Permanent,Hybrid,1.0,40,3,50850,4340,9280,0,0
W00532,DE · Munich,DE,Munich,Customer Service,L4,Customer Service L4,F,Permanent,Onsite,1.0,40,3,86250,6990,0,0,0
W00533,PL · Kraków,PL,Krakow,Finance,L1,Finance L1,M,Permanent,Hybrid,1.0,40,3,22600,0,0,0,0
W00534,ES · Barcelona,ES,Barcelona,Operations,L2,Operations L2,F,Permanent,Onsite,1.0,40,3,27450,0,0,1200,0
W00535,IT · Milan,IT,Milan,Customer Service,L3,Customer Service L3,M,Permanent,Onsite,1.0,40,3,36950,1740,0,1320,0
W00537,IT · Milan,IT,Milan,HR,L1,HR L1,M,Permanent,Hybrid,1.0,40,3,26500,0,0,0,0
W00538,IT · Milan,IT,Milan,HR,L5,HR L5,M,Permanent,Hybrid,0.8,32,4,58800,7980,0,0,6000
W00539,ES · Barcelona,ES,Barcelona,Customer Service,L1,Customer Service L1,M,Fixed-term,Hybrid,1.0,40,3,27350,0,0,0,0
W00540,IT · Milan,IT,Milan,Tech,L5,Tech L5,F,Permanent,Onsite,1.0,40,4,91000,13240,0,0,6000
W00541,PL · Kraków,PL,Krakow,Customer Service,L1,Customer Service L1,F,Permanent,Onsite,1.0,40,3,18750,0,0,840,0
W00542,ES · Barcelona,ES,Barcelona,Customer Service,L2,Customer Service L2,F,Permanent,Hybrid,1.0,40,2,28650,0,0,0,0
W00543,IT · Milan,IT,Milan,Customer Service,L1,Customer Service L1,M,Fixed-term,Hybrid,1.0,40,3,24200,0,0,0,0
W00544,IT · Milan,IT,Milan,Customer Service,L3,Customer Service L3,M,Fixed-term,Onsite,1.0,40,3,32050,1580,0,1320,0
W00546,ES · Barcelona,ES,Barcelona,Customer Service,L1,Customer Service L1,M,Permanent,Remote,1.0,40,3,21550,0,0,0,0
W00547,PL · Kraków,PL,Krakow,Operations,L3,Operations L3,F,Permanent,Onsite,1.0,40,3,31650,1550,0,840,0
W00548,PL · Kraków,PL,Krakow,Customer Service,L1,Customer Service L1,F,Permanent,Hybrid,1.0,40,3,18450,0,0,0,0
W00549,IT · Milan,IT,Milan,Customer Service,L3,Customer Service L3,M,Permanent,Hybrid,1.0,40,5,35750,2850,0,0,0
W00550,PL · Kraków,PL,Krakow,Operations,L3,Operations L3,F,Permanent,Remote,1.0,40,3,37250,1950,0,0,0
W00551,DE · Munich,DE,Munich,Customer Service,L3,Customer Service L3,F,Permanent,Onsite,1.0,40,4,67950,4110,0,1800,0
W00553,PL · Kraków,PL,Krakow,Tech,L4,Tech L4,F,Permanent,Remote,1.0,40,3,52550,4350,0,0,0
W00555,DE · Munich,DE,Munich,Customer Service,L1,Customer Service L1,F,Permanent,Remote,1.0,40,2,32950,0,0,0,0
W00558,PL · Kraków,PL,Krakow,Operations,L2,Operations L2,M,Permanent,Onsite,1.0,40,4,23950,0,0,840,0
W00559,IT · Milan,IT,Milan,Finance,L3,Finance L3,M,Fixed-term,Hybrid,1.0,40,3,39250,1680,0,0,0
W00560,PL · Kraków,PL,Krakow,Customer Service,L1,Customer Service L1,M,Permanent,Onsite,1.0,40,3,18000,0,0,840,0
W00561,PL · Kraków,PL,Krakow,Customer Service,L1,Customer Service L1,M,Fixed-term,Onsite,1.0,40,5,18750,0,0,840,0
W00562,IT · Milan,IT,Milan,Operations,L3,Operations L3,M,Permanent,Hybrid,1.0,40,3,44000,2330,0,0,0
W00563,DE · Munich,DE,Munich,HR,L2,HR L2,M,Fixed-term,Remote,1.0,40,2,51150,0,0,0,0
W00564,PL · Kraków,PL,Krakow,HR,L2,HR L2,F,Fixed-term,Onsite,1.0,40,5,27450,0,0,0,0
W00565,IT · Milan,IT,Milan,HR,L3,HR L3,M,Permanent,Hybrid,1.0,40,3,40950,2180,0,0,0
W00566,ES · Barcelona,ES,Barcelona,Sales,L2,Sales L2,M,Permanent,Hybrid,1.0,40,3,33750,0,4470,0,0
W00567,PL · Kraków,PL,Krakow,HR,L1,HR L1,F,Fixed-term,Onsite,1.0,40,3,17600,0,0,0,0
W00568,ES · Barcelona,ES,Barcelona,Operations,L1,Operations L1,M,Permanent,Hybrid,1.0,40,3,28850,0,0,0,0
W00570,DE · Munich,DE,Munich,Customer Service,L2,Customer Service L2,M,Fixed-term,Onsite,1.0,40,4,40250,0,0,1800,0
W00571,DE · Munich,DE,Munich,Operations,L1,Operations L1,M,Permanent,Hybrid,1.0,40,2,35050,0,0,0,0
W00573,DE · Munich,DE,Munich,Tech,L1,Tech L1,M,Permanent,Hybrid,1.0,40,4,52100,0,0,0,0
W00574,IT · Milan,IT,Milan,Customer Service,L2,Customer Service L2,F,Permanent,Onsite,1.0,40,5,27600,0,0,1320,0
W00575,PL · Kraków,PL,Krakow,Sales,L2,Sales L2,F,Permanent,Onsite,1.0,40,2,29000,0,4080,0,0
W00576,PL · Kraków,PL,Krakow,Customer Service,L3,Customer Service L3,F,Permanent,Hybrid,1.0,40,4,29800,1820,0,0,0
W00577,ES · Barcelona,ES,Barcelona,Operations,L3,Operations L3,M,Permanent,Remote,1.0,40,3,35600,1590,0,0,0
W00578,PL · Kraków,PL,Krakow,Tech,L1,Tech L1,F,Fixed-term,Hybrid,1.0,40,3,23050,0,0,0,0
W00579,IT · Milan,IT,Milan,Tech,L3,Tech L3,M,Fixed-term,Hybrid,1.0,40,3,53100,2590,0,0,0
W00581,DE · Munich,DE,Munich,Customer Service,L4,Customer Service L4,F,Permanent,Remote,1.0,40,2,73850,2920,0,0,0
W00582,ES · Barcelona,ES,Barcelona,Customer Service,L1,Customer Service L1,F,Permanent,Remote,1.0,40,3,24450,0,0,0,0
W00583,DE · Munich,DE,Munich,Sales,L2,Sales L2,F,Permanent,Hybrid,1.0,40,3,50000,0,2170,0,0
W00585,ES · Barcelona,ES,Barcelona,HR,L2,HR L2,F,Permanent,Onsite,0.8,32,4,24680,0,0,0,0
W00586,IT · Milan,IT,Milan,Operations,L2,Operations L2,F,Permanent,Hybrid,1.0,40,3,33500,0,0,0,0
W00587,PL · Kraków,PL,Krakow,Operations,L2,Operations L2,M,Permanent,Hybrid,1.0,40,2,25400,0,0,0,0
W00588,PL · Kraków,PL,Krakow,Tech,L1,Tech L1,M,Permanent,Hybrid,1.0,40,3,25000,0,0,0,0
W00589,IT · Milan,IT,Milan,Tech,L2,Tech L2,M,Permanent,Hybrid,1.0,40,4,36400,0,0,0,0
W00590,IT · Milan,IT,Milan,Sales,L1,Sales L1,F,Permanent,Hybrid,1.0,40,3,23800,0,2520,0,0
W00593,IT · Milan,IT,Milan,Customer Service,L5,Customer Service L5,F,Permanent,Hybrid,1.0,40,2,78650,5130,0,0,6000
W00595,PL · Kraków,PL,Krakow,Operations,L1,Operations L1,F,Permanent,Onsite,1.0,40,5,20250,0,0,840,0
W00597,PL · Kraków,PL,Krakow,HR,L1,HR L1,F,Permanent,Hybrid,1.0,40,3,19050,0,0,0,0
W00598,IT · Milan,IT,Milan,Tech,L5,Tech L5,M,Permanent,Onsite,1.0,40,3,93050,10780,0,0,6000
W00599,PL · Kraków,PL,Krakow,Operations,L2,Operations L2,M,Permanent,Onsite,1.0,40,2,23950,0,0,840,0
W00600,PL · Kraków,PL,Krakow,Finance,L1,Finance L1,F,Permanent,Hybrid,1.0,40,3,21400,0,0,0,0
W00601,ES · Barcelona,ES,Barcelona,Finance,L4,Finance L4,F,Permanent,Onsite,1.0,40,3,64650,5000,0,0,0
W00603,PL · Kraków,PL,Krakow,Tech,L5,Tech L5,F,Permanent,Hybrid,1.0,40,2,70800,4180,0,0,4200
W00604,PL · Kraków,PL,Krakow,Customer Service,L4,Customer Service L4,F,Fixed-term,Remote,1.0,40,4,40550,4570,0,0,0
W00605,DE · Munich,DE,Munich,Sales,L1,Sales L1,M,Permanent,Hybrid,1.0,40,3,41550,0,6830,0,0
W00606,DE · Munich,DE,Munich,Finance,L1,Finance L1,M,Permanent,Hybrid,1.0,40,3,41150,0,0,0,0
W00607,PL · Kraków,PL,Krakow,Sales,L3,Sales L3,F,Permanent,Remote,1.0,40,3,40850,2060,5930,0,0
W00608,ES · Barcelona,ES,Barcelona,Tech,L2,Tech L2,F,Permanent,Onsite,1.0,40,3,38400,0,0,0,0
W00609,IT · Milan,IT,Milan,Tech,L3,Tech L3,M,Fixed-term,Hybrid,1.0,40,4,53000,3090,0,0,0
W00610,IT · Milan,IT,Milan,Customer Service,L4,Customer Service L4,M,Fixed-term,Onsite,1.0,40,3,49550,4230,0,0,0
W00611,ES · Barcelona,ES,Barcelona,Tech,L3,Tech L3,F,Fixed-term,Hybrid,1.0,40,3,49600,2380,0,0,0
W00612,DE · Munich,DE,Munich,Operations,L4,Operations L4,F,Fixed-term,Onsite,1.0,40,3,71750,6140,0,0,0
W00613,DE · Munich,DE,Munich,Operations,L2,Operations L2,M,Permanent,Hybrid,1.0,40,4,43100,0,0,0,0
W00614,ES · Barcelona,ES,Barcelona,Customer Service,L1,Customer Service L1,M,Permanent,Hybrid,1.0,40,4,21150,0,0,0,0
W00615,ES · Barcelona,ES,Barcelona,Finance,L1,Finance L1,F,Permanent,Onsite,1.0,40,3,24950,0,0,0,0
W00616,IT · Milan,IT,Milan,Customer Service,L1,Customer Service L1,F,Permanent,Hybrid,1.0,40,3,25600,0,0,0,0
W00617,DE · Munich,DE,Munich,Sales,L2,Sales L2,M,Permanent,Remote,1.0,40,2,43450,0,5360,0,0
W00618,IT · Milan,IT,Milan,Tech,L2,Tech L2,M,Permanent,Hybrid,1.0,40,4,44800,0,0,0,0
W00619,PL · Kraków,PL,Krakow,Operations,L5,Operations L5,F,Permanent,Onsite,1.0,40,4,57850,9180,0,0,4200
W00621,ES · Barcelona,ES,Barcelona,Tech,L1,Tech L1,F,Permanent,Hybrid,1.0,40,4,29650,0,0,0,0
W00622,PL · Kraków,PL,Krakow,Customer Service,L2,Customer Service L2,M,Fixed-term,Hybrid,1.0,40,3,21150,0,0,0,0
W00623,ES · Barcelona,ES,Barcelona,Customer Service,L4,Customer Service L4,M,Permanent,Hybrid,1.0,40,3,46550,3860,0,0,0
W00624,PL · Kraków,PL,Krakow,Tech,L2,Tech L2,M,Permanent,Hybrid,1.0,40,3,29700,0,0,0,0
W00626,PL · Kraków,PL,Krakow,Finance,L4,Finance L4,M,Permanent,Hybrid,1.0,40,4,51650,5420,0,0,0
W00627,ES · Barcelona,ES,Barcelona,Sales,L2,Sales L2,F,Permanent,Hybrid,1.0,40,3,37250,0,3800,0,0
W00628,ES · Barcelona,ES,Barcelona,Tech,L1,Tech L1,F,Permanent,Hybrid,1.0,40,3,32000,0,0,0,0
W00629,DE · Munich,DE,Munich,Tech,L1,Tech L1,F,Permanent,Remote,1.0,40,3,46350,0,0,0,0
W00630,ES · Barcelona,ES,Barcelona,Customer Service,L3,Customer Service L3,F,Permanent,Hybrid,0.8,32,3,35320,1660,0,0,0
W00631,IT · Milan,IT,Milan,Sales,L1,Sales L1,F,Permanent,Hybrid,1.0,40,3,24800,0,3020,0,0
W00632,PL · Kraków,PL,Krakow,Operations,L1,Operations L1,F,Permanent,Onsite,1.0,40,4,20300,0,0,840,0
W00633,ES · Barcelona,ES,Barcelona,Sales,L3,Sales L3,F,Permanent,Remote,1.0,40,3,43050,2000,6400,0,0
W00634,PL · Kraków,PL,Krakow,Operations,L3,Operations L3,M,Permanent,Remote,1.0,40,3,32050,1650,0,0,0
W00635,PL · Kraków,PL,Krakow,Sales,L2,Sales L2,F,Fixed-term,Hybrid,0.8,32,3,22240,0,2570,0,0
W00636,DE · Munich,DE,Munich,Tech,L4,Tech L4,F,Permanent,Onsite,1.0,40,3,105400,8160,0,0,0
W00638,ES · Barcelona,ES,Barcelona,Finance,L5,Finance L5,M,Fixed-term,Hybrid,1.0,40,3,66600,7270,0,0,5400
W00640,DE · Munich,DE,Munich,Finance,L3,Finance L3,M,Fixed-term,Onsite,1.0,40,3,64400,3160,0,0,0
W00641,ES · Barcelona,ES,Barcelona,Customer Service,L4,Customer Service L4,F,Permanent,Hybrid,1.0,40,3,39750,3100,0,0,0
W00642,PL · Kraków,PL,Krakow,Customer Service,L2,Customer Service L2,M,Fixed-term,Onsite,1.0,40,4,23300,0,0,840,0
W00643,IT · Milan,IT,Milan,Customer Service,L2,Customer Service L2,M,Fixed-term,Onsite,1.0,40,4,24600,0,0,1320,0
W00644,PL · Kraków,PL,Krakow,Operations,L2,Operations L2,M,Fixed-term,Onsite,1.0,40,3,25750,0,0,840,0
W00645,PL · Kraków,PL,Krakow,Customer Service,L4,Customer Service L4,M,Permanent,Hybrid,1.0,40,1,38850,0,0,0,0
W00646,PL · Kraków,PL,Krakow,Customer Service,L3,Customer Service L3,F,Permanent,Onsite,1.0,40,4,27200,1620,0,840,0
W00648,DE · Munich,DE,Munich,Operations,L1,Operations L1,F,Fixed-term,Onsite,1.0,40,4,29300,0,0,1800,0
W00649,PL · Kraków,PL,Krakow,Customer Service,L2,Customer Service L2,F,Fixed-term,Onsite,1.0,40,3,22650,0,0,840,0
W00650,IT · Milan,IT,Milan,Customer Service,L3,Customer Service L3,M,Permanent,Hybrid,1.0,40,4,39150,2530,0,0,0
W00651,PL · Kraków,PL,Krakow,Operations,L3,Operations L3,M,Fixed-term,Onsite,1.0,40,3,26100,1250,0,840,0
W00652,PL · Kraków,PL,Krakow,Operations,L3,Operations L3,M,Permanent,Hybrid,1.0,40,2,30550,840,0,0,0
W00653,ES · Barcelona,ES,Barcelona,HR,L2,HR L2,F,Fixed-term,Onsite,1.0,40,3,30350,0,0,0,0
W00654,PL · Kraków,PL,Krakow,Finance,L2,Finance L2,M,Permanent,Onsite,1.0,40,3,23450,0,0,0,0
W00655,PL · Kraków,PL,Krakow,Operations,L1,Operations L1,M,Permanent,Hybrid,1.0,40,3,19100,0,0,0,0
W00656,IT · Milan,IT,Milan,Operations,L4,Operations L4,F,Permanent,Hybrid,1.0,40,3,52800,4260,0,0,0
W00657,DE · Munich,DE,Munich,Finance,L4,Finance L4,M,Fixed-term,Remote,1.0,40,3,87200,6680,0,0,0
W00659,DE · Munich,DE,Munich,Tech,L4,Tech L4,M,Permanent,Onsite,1.0,40,4,94100,10310,0,0,0
W00661,DE · Munich,DE,Munich,Customer Service,L4,Customer Service L4,F,Permanent,Onsite,1.0,40,3,73200,5780,0,0,0
W00662,PL · Kraków,PL,Krakow,Customer Service,L2,Customer Service L2,F,Fixed-term,Hybrid,1.0,40,3,22500,0,0,0,0
W00664,PL · Kraków,PL,Krakow,Customer Service,L2,Customer Service L2,F,Permanent,Onsite,0.8,32,3,18560,0,0,672,0
W00665,PL · Kraków,PL,Krakow,Tech,L1,Tech L1,F,Permanent,Onsite,1.0,40,4,27050,0,0,0,0
W00666,IT · Milan,IT,Milan,Customer Service,L1,Customer Service L1,F,Permanent,Onsite,1.0,40,3,23700,0,0,1320,0
W00667,PL · Kraków,PL,Krakow,Customer Service,L3,Customer Service L3,F,Permanent,Onsite,1.0,40,3,28900,1450,0,840,0
W00668,PL · Kraków,PL,Krakow,HR,L2,HR L2,F,Permanent,Hybrid,1.0,40,3,21950,0,0,0,0
W00670,ES · Barcelona,ES,Barcelona,Operations,L4,Operations L4,F,Permanent,Hybrid,1.0,40,2,48750,2040,0,0,0
W00671,PL · Kraków,PL,Krakow,Customer Service,L4,Customer Service L4,F,Permanent,Onsite,1.0,40,3,45450,3640,0,0,0
W00672,IT · Milan,IT,Milan,Operations,L2,Operations L2,M,Permanent,Hybrid,1.0,40,2,36050,0,0,0,0
W00673,PL · Kraków,PL,Krakow,Customer Service,L2,Customer Service L2,M,Fixed-term,Hybrid,1.0,40,3,23000,0,0,0,0
W00674,PL · Kraków,PL,Krakow,Customer Service,L1,Customer Service L1,M,Permanent,Hybrid,1.0,40,3,17100,0,0,0,0
W00675,IT · Milan,IT,Milan,Tech,L5,Tech L5,F,Fixed-term,Hybrid,1.0,40,3,97950,12370,0,0,6000
W00676,DE · Munich,DE,Munich,Operations,L3,Operations L3,M,Permanent,Hybrid,1.0,40,5,57800,4450,0,0,0
W00677,IT · Milan,IT,Milan,Operations,L4,Operations L4,M,Permanent,Remote,0.8,32,3,44520,3700,0,0,0
W00679,PL · Kraków,PL,Krakow,Finance,L3,Finance L3,M,Permanent,Remote,1.0,40,4,36350,2160,0,0,0
W00680,ES · Barcelona,ES,Barcelona,Customer Service,L5,Customer Service L5,F,Permanent,Hybrid,1.0,40,2,67600,3790,0,0,5400
W00681,DE · Munich,DE,Munich,Customer Service,L2,Customer Service L2,M,Permanent,Hybrid,1.0,40,3,46400,0,0,0,0
W00682,PL · Kraków,PL,Krakow,Operations,L1,Operations L1,M,Permanent,Remote,1.0,40,3,19250,0,0,0,0
W00683,PL · Kraków,PL,Krakow,Customer Service,L1,Customer Service L1,M,Permanent,Onsite,1.0,40,2,18150,0,0,840,0
W00684,DE · Munich,DE,Munich,Operations,L5,Operations L5,M,Permanent,Hybrid,0.8,32,1,72720,0,0,0,7200
W00685,PL · Kraków,PL,Krakow,Tech,L2,Tech L2,F,Permanent,Remote,1.0,40,4,32550,0,0,0,0
W00686,ES · Barcelona,ES,Barcelona,Customer Service,L2,Customer Service L2,F,Permanent,Hybrid,1.0,40,4,23700,0,0,0,0
W00687,PL · Kraków,PL,Krakow,Finance,L1,Finance L1,F,Fixed-term,Hybrid,1.0,40,3,22050,0,0,0,0
W00688,ES · Barcelona,ES,Barcelona,Sales,L4,Sales L4,M,Permanent,Hybrid,1.0,40,3,58550,4920,10470,0,0
W00689,PL · Kraków,PL,Krakow,Customer Service,L3,Customer Service L3,M,Fixed-term,Hybrid,1.0,40,4,35250,2290,0,0,0
W00690,DE · Munich,DE,Munich,Customer Service,L4,Customer Service L4,F,Permanent,Remote,1.0,40,3,64850,5040,0,0,0
W00691,PL · Kraków,PL,Krakow,Operations,L5,Operations L5,M,Permanent,Onsite,1.0,40,2,63200,3620,0,0,4200
W00693,ES · Barcelona,ES,Barcelona,Finance,L2,Finance L2,F,Permanent,Onsite,1.0,40,4,32950,0,0,0,0
W00695,DE · Munich,DE,Munich,Sales,L1,Sales L1,F,Permanent,Onsite,1.0,40,4,41400,0,5300,0,0
W00696,ES · Barcelona,ES,Barcelona,Customer Service,L4,Customer Service L4,F,Permanent,Hybrid,1.0,40,5,40950,5000,0,0,0
W00697,ES · Barcelona,ES,Barcelona,Tech,L4,Tech L4,M,Fixed-term,Onsite,0.8,32,3,47080,3810,0,0,0
W00698,DE · Munich,DE,Munich,Operations,L3,Operations L3,F,Permanent,Onsite,1.0,40,2,57550,1510,0,1800,0
W00700,DE · Munich,DE,Munich,Tech,L1,Tech L1,M,Fixed-term,Hybrid,1.0,40,3,44350,0,0,0,0
W00701,PL · Kraków,PL,Krakow,Sales,L3,Sales L3,M,Permanent,Remote,1.0,40,3,35950,1620,6600,0,0
W00702,IT · Milan,IT,Milan,Finance,L1,Finance L1,M,Permanent,Hybrid,1.0,40,3,27850,0,0,0,0
W00703,IT · Milan,IT,Milan,Customer Service,L2,Customer Service L2,F,Permanent,Hybrid,1.0,40,3,31750,0,0,0,0
W00704,PL · Kraków,PL,Krakow,HR,L1,HR L1,M,Permanent,Onsite,1.0,40,2,21350,0,0,0,0
W00705,DE · Munich,DE,Munich,Customer Service,L4,Customer Service L4,M,Permanent,Hybrid,1.0,40,3,75050,6270,0,0,0
W00706,ES · Barcelona,ES,Barcelona,HR,L3,HR L3,M,Permanent,Onsite,1.0,40,3,47050,2440,0,0,0
W00707,DE · Munich,DE,Munich,Tech,L1,Tech L1,M,Permanent,Onsite,0.8,32,5,35040,0,0,0,0
W00708,PL · Kraków,PL,Krakow,Operations,L2,Operations L2,M,Permanent,Hybrid,0.8,32,3,17640,0,0,0,0
W00709,PL · Kraków,PL,Krakow,Operations,L3,Operations L3,F,Permanent,Remote,0.8,32,3,23440,1070,0,0,0
W00710,PL · Kraków,PL,Krakow,Sales,L2,Sales L2,F,Fixed-term,Onsite,1.0,40,1,29150,0,5820,0,0
W00711,IT · Milan,IT,Milan,Operations,L3,Operations L3,M,Permanent,Onsite,1.0,40,3,41950,2240,0,1320,0
W00712,PL · Kraków,PL,Krakow,Operations,L3,Operations L3,M,Permanent,Hybrid,1.0,40,1,30300,0,0,0,0
W00713,ES · Barcelona,ES,Barcelona,Customer Service,L3,Customer Service L3,F,Fixed-term,Hybrid,1.0,40,4,35850,2300,0,0,0
W00714,PL · Kraków,PL,Krakow,HR,L4,HR L4,M,Fixed-term,Hybrid,1.0,40,2,36900,1580,0,0,0
W00715,DE · Munich,DE,Munich,Finance,L4,Finance L4,M,Permanent,Hybrid,1.0,40,4,104150,10270,0,0,0
W00716,DE · Munich,DE,Munich,Finance,L1,Finance L1,F,Permanent,Onsite,1.0,40,2,38050,0,0,0,0
W00717,PL · Kraków,PL,Krakow,Operations,L2,Operations L2,F,Permanent,Onsite,1.0,40,4,23750,0,0,840,0
W00718,PL · Kraków,PL,Krakow,Tech,L3,Tech L3,M,Permanent,Hybrid,1.0,40,3,36600,1840,0,0,0
W00719,PL · Kraków,PL,Krakow,Customer Service,L1,Customer Service L1,F,Permanent,Onsite,1.0,40,3,19450,0,0,840,0
W00720,ES · Barcelona,ES,Barcelona,Finance,L2,Finance L2,M,Permanent,Remote,1.0,40,4,37700,0,0,0,0
W00722,IT · Milan,IT,Milan,Operations,L5,Operations L5,F,Permanent,Onsite,1.0,40,4,83900,12170,0,0,6000
W00723,IT · Milan,IT,Milan,Operations,L1,Operations L1,F,Fixed-term,Onsite,1.0,40,2,18350,0,0,1320,0
W00725,PL · Kraków,PL,Krakow,Operations,L3,Operations L3,F,Fixed-term,Hybrid,1.0,40,3,31550,1560,0,0,0
W00726,PL · Kraków,PL,Krakow,Customer Service,L1,Customer Service L1,F,Permanent,Hybrid,1.0,40,4,17200,0,0,0,0
W00727,DE · Munich,DE,Munich,Operations,L5,Operations L5,F,Permanent,Hybrid,1.0,40,3,102750,12420,0,0,7200
W00729,ES · Barcelona,ES,Barcelona,Operations,L2,Operations L2,M,Permanent,Onsite,1.0,40,3,29350,0,0,1200,0
W00730,IT · Milan,IT,Milan,Customer Service,L1,Customer Service L1,M,Permanent,Remote,1.0,40,3,23650,0,0,0,0
W00731,PL · Kraków,PL,Krakow,Customer Service,L6,Customer Service L6,M,Permanent,Remote,1.0,40,4,84150,20120,0,0,4200
W00732,DE · Munich,DE,Munich,Finance,L3,Finance L3,M,Permanent,Onsite,1.0,40,3,62950,3300,0,0,0
W00733,ES · Barcelona,ES,Barcelona,Operations,L2,Operations L2,F,Permanent,Onsite,1.0,40,3,30650,0,0,1200,0
W00734,ES · Barcelona,ES,Barcelona,HR,L3,HR L3,F,Permanent,Onsite,0.8,32,3,32680,1750,0,0,0
W00735,PL · Kraków,PL,Krakow,Tech,L2,Tech L2,F,Fixed-term,Remote,1.0,40,3,32050,0,0,0,0
W00736,ES · Barcelona,ES,Barcelona,Customer Service,L3,Customer Service L3,M,Fixed-term,Remote,1.0,40,3,34950,1830,0,0,0
W00737,IT · Milan,IT,Milan,HR,L2,HR L2,F,Fixed-term,Onsite,0.8,32,3,25880,0,0,0,0
W00738,DE · Munich,DE,Munich,Sales,L2,Sales L2,M,Permanent,Hybrid,1.0,40,2,54300,0,6790,0,0
W00739,ES · Barcelona,ES,Barcelona,Finance,L4,Finance L4,F,Permanent,Remote,1.0,40,1,55200,0,0,0,0
W00740,IT · Milan,IT,Milan,Tech,L4,Tech L4,M,Fixed-term,Remote,1.0,40,3,71350,5440,0,0,0
W00741,IT · Milan,IT,Milan,Sales,L2,Sales L2,M,Fixed-term,Onsite,1.0,40,2,31400,0,3050,0,0
W00742,IT · Milan,IT,Milan,Customer Service,L2,Customer Service L2,M,Permanent,Hybrid,1.0,40,3,26700,0,0,0,0
W00743,PL · Kraków,PL,Krakow,Customer Service,L1,Customer Service L1,M,Permanent,Onsite,1.0,40,4,20050,0,0,840,0
W00746,PL · Kraków,PL,Krakow,HR,L3,HR L3,F,Fixed-term,Hybrid,1.0,40,3,35750,1760,0,0,0
W00747,DE · Munich,DE,Munich,Finance,L2,Finance L2,F,Permanent,Remote,1.0,40,3,62650,0,0,0,0
W00748,ES · Barcelona,ES,Barcelona,Sales,L2,Sales L2,F,Permanent,Hybrid,1.0,40,3,28450,0,2820,0,0
W00749,IT · Milan,IT,Milan,Operations,L1,Operations L1,M,Permanent,Hybrid,1.0,40,4,24050,0,0,0,0
W00751,PL · Kraków,PL,Krakow,Customer Service,L3,Customer Service L3,M,Permanent,Hybrid,1.0,40,3,28450,1510,0,0,0
W00752,PL · Kraków,PL,Krakow,Finance,L3,Finance L3,M,Permanent,Hybrid,1.0,40,3,35550,2010,0,0,0
W00753,IT · Milan,IT,Milan,Customer Service,L3,Customer Service L3,F,Permanent,Hybrid,1.0,40,3,37850,1870,0,0,0
W00754,PL · Kraków,PL,Krakow,Customer Service,L1,Customer Service L1,F,Permanent,Hybrid,1.0,40,4,18200,0,0,0,0
W00755,PL · Kraków,PL,Krakow,Finance,L1,Finance L1,M,Permanent,Hybrid,1.0,40,2,22000,0,0,0,0
W00756,IT · Milan,IT,Milan,Operations,L4,Operations L4,M,Permanent,Hybrid,0.8,32,2,47920,1900,0,0,0
W00757,IT · Milan,IT,Milan,Customer Service,L1,Customer Service L1,M,Permanent,Hybrid,1.0,40,2,25550,0,0,0,0
W00758,PL · Kraków,PL,Krakow,Operations,L1,Operations L1,M,Permanent,Hybrid,1.0,40,2,19750,0,0,0,0
W00759,PL · Kraków,PL,Krakow,Customer Service,L1,Customer Service L1,F,Fixed-term,Hybrid,1.0,40,4,15800,0,0,0,0
W00761,DE · Munich,DE,Munich,Sales,L2,Sales L2,F,Permanent,Hybrid,1.0,40,4,62500,0,6110,0,0
W00763,ES · Barcelona,ES,Barcelona,HR,L5,HR L5,F,Permanent,Hybrid,1.0,40,4,70200,10680,0,0,5400
W00764,DE · Munich,DE,Munich,Operations,L3,Operations L3,F,Fixed-term,Hybrid,1.0,40,3,54650,2860,0,0,0
W00765,DE · Munich,DE,Munich,Customer Service,L2,Customer Service L2,M,Fixed-term,Remote,0.8,32,3,35320,0,0,0,0
W00767,ES · Barcelona,ES,Barcelona,Tech,L2,Tech L2,M,Fixed-term,Hybrid,1.0,40,3,38800,0,0,0,0
W00768,PL · Kraków,PL,Krakow,Finance,L1,Finance L1,M,Fixed-term,Onsite,1.0,40,3,24050,0,0,0,0
W00769,DE · Munich,DE,Munich,Tech,L4,Tech L4,M,Permanent,Onsite,1.0,40,5,106400,11850,0,0,0
W00770,DE · Munich,DE,Munich,Sales,L3,Sales L3,M,Permanent,Hybrid,0.8,32,2,57240,1420,9100,0,0
W00771,IT · Milan,IT,Milan,Customer Service,L3,Customer Service L3,F,Permanent,Hybrid,1.0,40,3,35150,1860,0,0,0
W00772,DE · Munich,DE,Munich,HR,L2,HR L2,F,Permanent,Hybrid,1.0,40,1,44300,0,0,0,0
W00773,PL · Kraków,PL,Krakow,Tech,L1,Tech L1,M,Permanent,Hybrid,1.0,40,3,29550,0,0,0,0
W00774,PL · Kraków,PL,Krakow,Tech,L1,Tech L1,M,Permanent,Onsite,1.0,40,3,27200,0,0,0,0
W00775,IT · Milan,IT,Milan,Operations,L1,Operations L1,F,Permanent,Hybrid,1.0,40,3,27200,0,0,0,0
W00776,PL · Kraków,PL,Krakow,Sales,L4,Sales L4,M,Permanent,Onsite,1.0,40,3,41050,3700,5980,0,0
W00777,PL · Kraków,PL,Krakow,Customer Service,L2,Customer Service L2,F,Fixed-term,Hybrid,1.0,40,3,23700,0,0,0,0
W00778,PL · Kraków,PL,Krakow,Customer Service,L1,Customer Service L1,M,Permanent,Hybrid,1.0,40,1,19150,0,0,0,0
W00779,PL · Kraków,PL,Krakow,Sales,L2,Sales L2,F,Permanent,Onsite,1.0,40,2,27750,0,3210,0,0
W00780,IT · Milan,IT,Milan,Operations,L6,Operations L6,M,Permanent,Hybrid,1.0,40,3,89550,16420,0,0,6000
W00781,PL · Kraków,PL,Krakow,Finance,L1,Finance L1,M,Permanent,Onsite,0.8,32,4,16960,0,0,0,0
W00782,IT · Milan,IT,Milan,Finance,L1,Finance L1,M,Permanent,Onsite,1.0,40,3,28150,0,0,0,0
W00784,PL · Kraków,PL,Krakow,Finance,L4,Finance L4,M,Permanent,Onsite,1.0,40,3,44600,3580,0,0,0
W00785,IT · Milan,IT,Milan,Tech,L3,Tech L3,M,Permanent,Onsite,1.0,40,3,40450,2000,0,0,0
W00786,PL · Kraków,PL,Krakow,Customer Service,L3,Customer Service L3,M,Permanent,Onsite,1.0,40,3,30700,1740,0,840,0
W00787,PL · Kraków,PL,Krakow,Operations,L2,Operations L2,M,Permanent,Hybrid,1.0,40,4,26350,0,0,0,0
W00788,DE · Munich,DE,Munich,HR,L3,HR L3,F,Permanent,Hybrid,1.0,40,3,60150,3380,0,0,0
W00790,IT · Milan,IT,Milan,Operations,L1,Operations L1,F,Permanent,Hybrid,1.0,40,3,24450,0,0,0,0
W00791,ES · Barcelona,ES,Barcelona,Sales,L1,Sales L1,M,Permanent,Remote,1.0,40,3,24700,0,3540,0,0
W00792,PL · Kraków,PL,Krakow,Sales,L1,Sales L1,F,Fixed-term,Onsite,1.0,40,2,24150,0,2880,0,0
W00793,PL · Kraków,PL,Krakow,Customer Service,L2,Customer Service L2,F,Permanent,Hybrid,1.0,40,3,28400,0,0,0,0
W00797,PL · Kraków,PL,Krakow,Customer Service,L2,Customer Service L2,M,Fixed-term,Hybrid,1.0,40,3,24200,0,0,0,0
W00798,IT · Milan,IT,Milan,Operations,L4,Operations L4,M,Permanent,Onsite,1.0,40,3,53400,4510,0,0,0
W00799,ES · Barcelona,ES,Barcelona,Customer Service,L1,Customer Service L1,F,Permanent,Hybrid,1.0,40,1,23650,0,0,0,0
W00800,ES · Barcelona,ES,Barcelona,Sales,L3,Sales L3,M,Permanent,Hybrid,1.0,40,2,39250,990,4730,0,0
W00801,DE · Munich,DE,Munich,Customer Service,L2,Customer Service L2,F,Permanent,Hybrid,1.0,40,3,41200,0,0,0,0
W00802,IT · Milan,IT,Milan,HR,L1,HR L1,M,Permanent,Hybrid,1.0,40,3,26550,0,0,0,0
W00803,DE · Munich,DE,Munich,Operations,L2,Operations L2,M,Permanent,Onsite,1.0,40,3,44700,0,0,1800,0
W00806,DE · Munich,DE,Munich,Operations,L3,Operations L3,M,Permanent,Hybrid,1.0,40,3,57400,2900,0,0,0
W00807,ES · Barcelona,ES,Barcelona,Operations,L4,Operations L4,F,Fixed-term,Hybrid,1.0,40,3,44150,3490,0,0,0
W00809,PL · Kraków,PL,Krakow,Operations,L4,Operations L4,F,Permanent,Hybrid,1.0,40,3,38400,2980,0,0,0
W00810,DE · Munich,DE,Munich,Customer Service,L1,Customer Service L1,F,Permanent,Hybrid,1.0,40,3,25350,0,0,0,0
W00811,PL · Kraków,PL,Krakow,Finance,L1,Finance L1,F,Permanent,Onsite,1.0,40,3,26500,0,0,0,0
W00812,PL · Kraków,PL,Krakow,Operations,L1,Operations L1,F,Permanent,Hybrid,1.0,40,4,18050,0,0,0,0
W00813,PL · Kraków,PL,Krakow,Customer Service,L1,Customer Service L1,F,Permanent,Hybrid,1.0,40,3,17100,0,0,0,0
W00814,DE · Munich,DE,Munich,Tech,L3,Tech L3,F,Permanent,Hybrid,1.0,40,3,80200,4400,0,0,0
W00816,IT · Milan,IT,Milan,Customer Service,L2,Customer Service L2,F,Permanent,Hybrid,1.0,40,3,23900,0,0,0,0
W00817,PL · Kraków,PL,Krakow,Tech,L3,Tech L3,M,Fixed-term,Onsite,0.8,32,3,32640,1520,0,0,0
W00818,PL · Kraków,PL,Krakow,Operations,L3,Operations L3,M,Permanent,Onsite,1.0,40,3,31600,1580,0,840,0
W00819,IT · Milan,IT,Milan,Customer Service,L2,Customer Service L2,F,Permanent,Onsite,1.0,40,1,29750,0,0,1320,0
W00821,DE · Munich,DE,Munich,HR,L1,HR L1,F,Permanent,Onsite,1.0,40,4,40250,0,0,0,0
W00822,PL · Kraków,PL,Krakow,Customer Service,L1,Customer Service L1,F,Fixed-term,Hybrid,1.0,40,4,15350,0,0,0,0
W00823,DE · Munich,DE,Munich,Customer Service,L1,Customer Service L1,M,Fixed-term,Onsite,1.0,40,2,34250,0,0,1800,0
W00824,PL · Kraków,PL,Krakow,Operations,L5,Operations L5,M,Permanent,Hybrid,1.0,40,4,57000,8840,0,0,4200
W00825,IT · Milan,IT,Milan,Tech,L5,Tech L5,M,Permanent,Onsite,1.0,40,3,95750,9500,0,0,6000
W00826,IT · Milan,IT,Milan,Operations,L2,Operations L2,F,Permanent,Hybrid,1.0,40,1,30300,0,0,0,0
W00827,DE · Munich,DE,Munich,Customer Service,L4,Customer Service L4,F,Permanent,Remote,1.0,40,3,48000,4160,0,0,0
W00829,IT · Milan,IT,Milan,Finance,L2,Finance L2,F,Fixed-term,Onsite,1.0,40,3,33350,0,0,0,0
W00830,IT · Milan,IT,Milan,Operations,L3,Operations L3,F,Permanent,Hybrid,1.0,40,3,36850,1750,0,0,0
W00831,DE · Munich,DE,Munich,Tech,L4,Tech L4,M,Permanent,Hybrid,1.0,40,4,74550,7560,0,0,0
W00832,PL · Kraków,PL,Krakow,Customer Service,L2,Customer Service L2,M,Fixed-term,Hybrid,1.0,40,4,25300,0,0,0,0
W00834,ES · Barcelona,ES,Barcelona,Customer Service,L1,Customer Service L1,F,Fixed-term,Onsite,1.0,40,4,21500,0,0,1200,0
W00835,DE · Munich,DE,Munich,Operations,L1,Operations L1,M,Permanent,Hybrid,0.8,32,3,26680,0,0,0,0
W00836,PL · Kraków,PL,Krakow,Customer Service,L2,Customer Service L2,M,Fixed-term,Hybrid,1.0,40,3,22550,0,0,0,0
W00837,ES · Barcelona,ES,Barcelona,Customer Service,L2,Customer Service L2,F,Fixed-term,Hybrid,1.0,40,3,31550,0,0,0,0
W00838,DE · Munich,DE,Munich,Sales,L1,Sales L1,M,Fixed-term,Remote,0.8,32,4,39680,0,4670,0,0
W00839,ES · Barcelona,ES,Barcelona,Operations,L3,Operations L3,M,Permanent,Onsite,1.0,40,3,34000,1690,0,1200,0
W00840,PL · Kraków,PL,Krakow,Customer Service,L2,Customer Service L2,F,Permanent,Onsite,1.0,40,2,19450,0,0,840,0
W00841,IT · Milan,IT,Milan,Operations,L6,Operations L6,F,Permanent,Hybrid,1.0,40,3,105450,20350,0,0,6000
W00843,PL · Kraków,PL,Krakow,HR,L4,HR L4,M,Permanent,Hybrid,0.8,32,1,35840,0,0,0,0
W00845,DE · Munich,DE,Munich,Finance,L2,Finance L2,M,Permanent,Remote,1.0,40,4,57750,0,0,0,0
W00847,DE · Munich,DE,Munich,Customer Service,L2,Customer Service L2,F,Permanent,Hybrid,1.0,40,2,49200,0,0,0,0
W00848,ES · Barcelona,ES,Barcelona,Tech,L2,Tech L2,M,Permanent,Remote,1.0,40,4,39700,0,0,0,0
W00849,PL · Kraków,PL,Krakow,Customer Service,L2,Customer Service L2,F,Permanent,Hybrid,1.0,40,3,24450,0,0,0,0
W00850,PL · Kraków,PL,Krakow,Tech,L6,Tech L6,M,Permanent,Hybrid,1.0,40,3,78400,16870,0,0,4200
W00851,DE · Munich,DE,Munich,Operations,L4,Operations L4,M,Permanent,Remote,1.0,40,4,74800,7390,0,0,0
W00852,PL · Kraków,PL,Krakow,Tech,L2,Tech L2,M,Permanent,Hybrid,0.8,32,3,30040,0,0,0,0
W00853,IT · Milan,IT,Milan,Customer Service,L2,Customer Service L2,F,Permanent,Onsite,1.0,40,3,29200,0,0,1320,0
W00854,PL · Kraków,PL,Krakow,Sales,L2,Sales L2,F,Permanent,Onsite,1.0,40,3,25400,0,2840,0,0
W00855,IT · Milan,IT,Milan,Customer Service,L2,Customer Service L2,F,Permanent,Onsite,1.0,40,3,22950,0,0,1320,0
W00857,IT · Milan,IT,Milan,Customer Service,L2,Customer Service L2,M,Permanent,Hybrid,1.0,40,3,33000,0,0,0,0
W00858,ES · Barcelona,ES,Barcelona,Operations,L2,Operations L2,M,Fixed-term,Remote,1.0,40,1,31550,0,0,0,0
W00859,IT · Milan,IT,Milan,Customer Service,L3,Customer Service L3,M,Permanent,Hybrid,1.0,40,3,40000,2010,0,0,0
W00861,IT · Milan,IT,Milan,Customer Service,L1,Customer Service L1,F,Permanent,Hybrid,0.8,32,2,20200,0,0,0,0
W00862,PL · Kraków,PL,Krakow,Customer Service,L1,Customer Service L1,F,Permanent,Hybrid,0.8,32,3,16400,0,0,0,0
W00864,PL · Kraków,PL,Krakow,HR,L4,HR L4,M,Permanent,Hybrid,1.0,40,2,43500,1900,0,0,0
W00865,PL · Kraków,PL,Krakow,Customer Service,L2,Customer Service L2,F,Permanent,Hybrid,1.0,40,3,27300,0,0,0,0
W00867,DE · Munich,DE,Munich,Operations,L4,Operations L4,M,Fixed-term,Hybrid,1.0,40,2,84200,3200,0,0,0
W00868,IT · Milan,IT,Milan,Customer Service,L1,Customer Service L1,M,Permanent,Hybrid,1.0,40,2,23750,0,0,0,0
W00869,DE · Munich,DE,Munich,Customer Service,L1,Customer Service L1,M,Fixed-term,Onsite,1.0,40,3,32900,0,0,1800,0
W00870,IT · Milan,IT,Milan,Customer Service,L2,Customer Service L2,M,Permanent,Hybrid,1.0,40,5,25250,0,0,0,0
W00871,DE · Munich,DE,Munich,Sales,L3,Sales L3,M,Permanent,Onsite,1.0,40,4,57200,3700,7600,0,0
W00872,IT · Milan,IT,Milan,Sales,L3,Sales L3,M,Permanent,Onsite,1.0,40,2,45600,1180,6490,0,0
W00874,DE · Munich,DE,Munich,Operations,L5,Operations L5,M,Fixed-term,Onsite,0.8,32,1,80640,0,0,0,7200
W00875,PL · Kraków,PL,Krakow,Operations,L3,Operations L3,M,Permanent,Onsite,1.0,40,3,31250,1730,0,840,0
W00876,PL · Kraków,PL,Krakow,Operations,L2,Operations L2,F,Fixed-term,Onsite,1.0,40,3,27450,0,0,840,0
W00877,DE · Munich,DE,Munich,Operations,L1,Operations L1,M,Fixed-term,Hybrid,1.0,40,1,37350,0,0,0,0
W00878,ES · Barcelona,ES,Barcelona,Customer Service,L1,Customer Service L1,M,Permanent,Onsite,1.0,40,4,25650,0,0,1200,0
W00879,IT · Milan,IT,Milan,Tech,L1,Tech L1,M,Permanent,Onsite,1.0,40,3,28900,0,0,0,0
W00880,PL · Kraków,PL,Krakow,Tech,L2,Tech L2,F,Permanent,Hybrid,1.0,40,4,29950,0,0,0,0
W00882,DE · Munich,DE,Munich,Customer Service,L2,Customer Service L2,M,Permanent,Hybrid,1.0,40,3,51500,0,0,0,0
W00883,ES · Barcelona,ES,Barcelona,Operations,L2,Operations L2,M,Permanent,Hybrid,1.0,40,5,32300,0,0,0,0
W00884,PL · Kraków,PL,Krakow,Operations,L5,Operations L5,F,Permanent,Onsite,1.0,40,4,47100,6800,0,0,4200
W00885,IT · Milan,IT,Milan,Finance,L3,Finance L3,M,Fixed-term,Hybrid,1.0,40,4,45000,2780,0,0,0
W00887,DE · Munich,DE,Munich,Operations,L3,Operations L3,M,Permanent,Onsite,1.0,40,4,59550,3410,0,1800,0
W00889,IT · Milan,IT,Milan,Tech,L2,Tech L2,F,Permanent,Onsite,1.0,40,4,39850,0,0,0,0
W00891,IT · Milan,IT,Milan,Operations,L2,Operations L2,F,Permanent,Onsite,1.0,40,3,34400,0,0,1320,0
W00892,PL · Kraków,PL,Krakow,Operations,L1,Operations L1,M,Permanent,Onsite,1.0,40,3,20250,0,0,840,0
W00894,PL · Kraków,PL,Krakow,Tech,L3,Tech L3,M,Permanent,Hybrid,1.0,40,3,43250,2360,0,0,0
W00895,PL · Kraków,PL,Krakow,Customer Service,L1,Customer Service L1,M,Fixed-term,Hybrid,1.0,40,4,21500,0,0,0,0
W00896,DE · Munich,DE,Munich,Operations,L2,Operations L2,F,Fixed-term,Hybrid,1.0,40,3,45050,0,0,0,0
W00897,ES · Barcelona,ES,Barcelona,Customer Service,L3,Customer Service L3,F,Permanent,Onsite,1.0,40,3,36050,1760,0,1200,0
W00898,PL · Kraków,PL,Krakow,Finance,L4,Finance L4,M,Permanent,Hybrid,1.0,40,2,47550,1730,0,0,0
W00900,DE · Munich,DE,Munich,Sales,L3,Sales L3,F,Permanent,Remote,1.0,40,3,69150,3480,12560,0,0
W00901,IT · Milan,IT,Milan,Operations,L1,Operations L1,F,Permanent,Onsite,1.0,40,3,26350,0,0,1320,0
W00903,PL · Kraków,PL,Krakow,Operations,L3,Operations L3,F,Fixed-term,Hybrid,1.0,40,3,28800,1410,0,0,0
W00904,IT · Milan,IT,Milan,Tech,L4,Tech L4,M,Fixed-term,Hybrid,1.0,40,3,63400,4730,0,0,0
W00906,DE · Munich,DE,Munich,HR,L3,HR L3,M,Permanent,Onsite,1.0,40,2,56650,1500,0,0,0
W00907,IT · Milan,IT,Milan,Operations,L1,Operations L1,F,Permanent,Hybrid,1.0,40,3,24550,0,0,0,0
W00908,ES · Barcelona,ES,Barcelona,Operations,L2,Operations L2,M,Permanent,Hybrid,1.0,40,4,32250,0,0,0,0
W00909,DE · Munich,DE,Munich,Customer Service,L1,Customer Service L1,F,Permanent,Hybrid,1.0,40,3,37400,0,0,0,0
W00910,IT · Milan,IT,Milan,Customer Service,L1,Customer Service L1,M,Permanent,Onsite,1.0,40,3,23200,0,0,1320,0
W00911,DE · Munich,DE,Munich,Sales,L1,Sales L1,M,Permanent,Hybrid,0.8,32,2,34240,0,4220,0,0
W00912,PL · Kraków,PL,Krakow,Finance,L3,Finance L3,M,Fixed-term,Hybrid,1.0,40,2,40050,990,0,0,0
W00913,ES · Barcelona,ES,Barcelona,Operations,L2,Operations L2,F,Permanent,Hybrid,1.0,40,4,25350,0,0,0,0
W00914,DE · Munich,DE,Munich,Finance,L2,Finance L2,F,Permanent,Hybrid,1.0,40,3,46500,0,0,0,0
W00915,DE · Munich,DE,Munich,Operations,L1,Operations L1,F,Permanent,Remote,1.0,40,3,35600,0,0,0,0
W00916,PL · Kraków,PL,Krakow,Operations,L2,Operations L2,M,Permanent,Onsite,1.0,40,3,25300,0,0,840,0
W00917,PL · Kraków,PL,Krakow,Tech,L3,Tech L3,F,Permanent,Hybrid,1.0,40,3,42300,2110,0,0,0
W00918,IT · Milan,IT,Milan,Finance,L5,Finance L5,M,Permanent,Hybrid,1.0,40,2,76750,5160,0,0,6000
W00919,PL · Kraków,PL,Krakow,Sales,L3,Sales L3,M,Permanent,Hybrid,1.0,40,3,34300,1590,4470,0,0
W00920,DE · Munich,DE,Munich,Operations,L2,Operations L2,F,Permanent,Hybrid,1.0,40,1,39900,0,0,0,0
W00921,IT · Milan,IT,Milan,Customer Service,L4,Customer Service L4,M,Permanent,Onsite,1.0,40,3,49250,3910,0,0,0
W00922,PL · Kraków,PL,Krakow,Customer Service,L1,Customer Service L1,M,Permanent,Hybrid,1.0,40,3,16800,0,0,0,0
W00923,IT · Milan,IT,Milan,Operations,L1,Operations L1,F,Permanent,Onsite,1.0,40,4,25950,0,0,1320,0
W00924,IT · Milan,IT,Milan,Tech,L4,Tech L4,M,Fixed-term,Hybrid,1.0,40,1,65750,0,0,0,0
W00925,PL · Kraków,PL,Krakow,Sales,L2,Sales L2,F,Permanent,Hybrid,1.0,40,3,20400,0,2920,0,0
W00926,IT · Milan,IT,Milan,Operations,L1,Operations L1,M,Permanent,Hybrid,1.0,40,3,29100,0,0,0,0
W00928,IT · Milan,IT,Milan,Customer Service,L1,Customer Service L1,M,Permanent,Hybrid,1.0,40,3,25200,0,0,0,0
W00929,PL · Kraków,PL,Krakow,Sales,L3,Sales L3,M,Fixed-term,Hybrid,1.0,40,4,28150,1640,2440,0,0
W00931,IT · Milan,IT,Milan,Operations,L2,Operations L2,F,Fixed-term,Hybrid,0.8,32,4,23600,0,0,0,0
W00932,IT · Milan,IT,Milan,HR,L1,HR L1,M,Permanent,Remote,0.8,32,3,17720,0,0,0,0
W00933,PL · Kraków,PL,Krakow,Operations,L1,Operations L1,F,Permanent,Hybrid,1.0,40,3,20700,0,0,0,0
W00934,PL · Kraków,PL,Krakow,Customer Service,L3,Customer Service L3,M,Permanent,Hybrid,1.0,40,4,33400,2080,0,0,0
W00936,IT · Milan,IT,Milan,Tech,L3,Tech L3,M,Permanent,Hybrid,1.0,40,4,48050,3090,0,0,0
W00937,DE · Munich,DE,Munich,Customer Service,L4,Customer Service L4,F,Permanent,Remote,1.0,40,3,80300,6410,0,0,0
W00938,PL · Kraków,PL,Krakow,Operations,L1,Operations L1,F,Permanent,Hybrid,1.0,40,3,22450,0,0,0,0
W00939,DE · Munich,DE,Munich,HR,L2,HR L2,F,Permanent,Onsite,1.0,40,4,51950,0,0,0,0
W00940,IT · Milan,IT,Milan,Customer Service,L2,Customer Service L2,M,Permanent,Hybrid,1.0,40,4,30100,0,0,0,0
W00942,PL · Kraków,PL,Krakow,Customer Service,L2,Customer Service L2,F,Permanent,Hybrid,1.0,40,3,21650,0,0,0,0
W00943,ES · Barcelona,ES,Barcelona,Sales,L2,Sales L2,F,Permanent,Remote,0.8,32,3,27800,0,3560,0,0
W00944,IT · Milan,IT,Milan,Customer Service,L4,Customer Service L4,M,Permanent,Onsite,1.0,40,3,50100,4120,0,0,0
W00945,IT · Milan,IT,Milan,Customer Service,L1,Customer Service L1,M,Permanent,Remote,1.0,40,3,22600,0,0,0,0
W00946,PL · Kraków,PL,Krakow,Customer Service,L1,Customer Service L1,F,Fixed-term,Hybrid,1.0,40,3,17350,0,0,0,0
W00947,IT · Milan,IT,Milan,Tech,L4,Tech L4,F,Permanent,Remote,1.0,40,3,69850,6050,0,0,0
W00948,PL · Kraków,PL,Krakow,Tech,L2,Tech L2,M,Permanent,Onsite,0.8,32,3,24920,0,0,0,0
W00949,IT · Milan,IT,Milan,Customer Service,L3,Customer Service L3,F,Permanent,Hybrid,1.0,40,3,34850,1840,0,0,0
W00950,PL · Kraków,PL,Krakow,Operations,L2,Operations L2,F,Permanent,Hybrid,1.0,40,3,27150,0,0,0,0
W00951,PL · Kraków,PL,Krakow,Tech,L1,Tech L1,F,Permanent,Hybrid,1.0,40,3,22950,0,0,0,0
W00952,ES · Barcelona,ES,Barcelona,Operations,L4,Operations L4,M,Permanent,Hybrid,1.0,40,1,47400,0,0,0,0
W00953,DE · Munich,DE,Munich,Finance,L4,Finance L4,M,Permanent,Remote,1.0,40,4,89600,8460,0,0,0
W00954,IT · Milan,IT,Milan,Customer Service,L3,Customer Service L3,F,Permanent,Hybrid,1.0,40,2,40900,1110,0,0,0
W00955,ES · Barcelona,ES,Barcelona,Operations,L5,Operations L5,M,Permanent,Onsite,1.0,40,3,66850,8500,0,0,5400
W00956,PL · Kraków,PL,Krakow,Finance,L2,Finance L2,M,Permanent,Hybrid,1.0,40,4,29700,0,0,0,0
W00957,IT · Milan,IT,Milan,Sales,L2,Sales L2,F,Permanent,Onsite,1.0,40,5,32400,0,3820,0,0
W00959,ES · Barcelona,ES,Barcelona,Customer Service,L3,Customer Service L3,F,Permanent,Remote,1.0,40,3,36700,1890,0,0,0
W00960,DE · Munich,DE,Munich,Customer Service,L1,Customer Service L1,F,Permanent,Onsite,1.0,40,4,35950,0,0,1800,0
W00961,IT · Milan,IT,Milan,Operations,L3,Operations L3,F,Permanent,Remote,1.0,40,3,38100,1840,0,0,0
W00962,DE · Munich,DE,Munich,Tech,L1,Tech L1,F,Permanent,Hybrid,1.0,40,4,43550,0,0,0,0
W00964,ES · Barcelona,ES,Barcelona,Operations,L1,Operations L1,F,Permanent,Remote,1.0,40,5,22150,0,0,0,0
W00965,PL · Kraków,PL,Krakow,Customer Service,L2,Customer Service L2,F,Fixed-term,Onsite,1.0,40,2,22550,0,0,840,0
W00966,PL · Kraków,PL,Krakow,Operations,L1,Operations L1,M,Fixed-term,Onsite,1.0,40,3,18550,0,0,840,0
W00967,ES · Barcelona,ES,Barcelona,Customer Service,L1,Customer Service L1,M,Permanent,Remote,1.0,40,3,18700,0,0,0,0
W00968,PL · Kraków,PL,Krakow,Operations,L1,Operations L1,F,Permanent,Hybrid,1.0,40,4,19950,0,0,0,0
W00969,IT · Milan,IT,Milan,Sales,L3,Sales L3,M,Permanent,Hybrid,1.0,40,1,37000,0,3750,0,0
W00970,PL · Kraków,PL,Krakow,Sales,L5,Sales L5,M,Permanent,Remote,1.0,40,3,64850,7150,10620,0,4200
W00971,PL · Kraków,PL,Krakow,Finance,L3,Finance L3,M,Permanent,Onsite,1.0,40,3,39000,1910,0,0,0
W00972,PL · Kraków,PL,Krakow,Customer Service,L2,Customer Service L2,F,Permanent,Onsite,1.0,40,3,23000,0,0,840,0
W00973,PL · Kraków,PL,Krakow,Tech,L3,Tech L3,M,Fixed-term,Hybrid,1.0,40,3,41750,2230,0,0,0
W00974,PL · Kraków,PL,Krakow,Sales,L6,Sales L6,M,Fixed-term,Onsite,1.0,40,4,92050,23320,13850,0,4200
W00975,IT · Milan,IT,Milan,Operations,L2,Operations L2,F,Permanent,Hybrid,1.0,40,2,33500,0,0,0,0
W00976,IT · Milan,IT,Milan,Customer Service,L3,Customer Service L3,F,Permanent,Onsite,1.0,40,4,32900,2360,0,1320,0
W00977,IT · Milan,IT,Milan,Finance,L2,Finance L2,F,Permanent,Hybrid,0.8,32,1,28880,0,0,0,0
W00978,PL · Kraków,PL,Krakow,Customer Service,L3,Customer Service L3,F,Permanent,Hybrid,0.8,32,3,25560,1320,0,0,0
W00979,IT · Milan,IT,Milan,Operations,L5,Operations L5,M,Fixed-term,Remote,0.8,32,4,62680,9260,0,0,6000
W00980,DE · Munich,DE,Munich,HR,L3,HR L3,M,Permanent,Onsite,1.0,40,3,48900,2100,0,0,0
W00982,PL · Kraków,PL,Krakow,Sales,L3,Sales L3,F,Fixed-term,Hybrid,1.0,40,3,33450,1650,4410,0,0
W00983,DE · Munich,DE,Munich,HR,L4,HR L4,M,Permanent,Hybrid,1.0,40,2,73550,2900,0,0,0
W00984,DE · Munich,DE,Munich,Customer Service,L4,Customer Service L4,F,Permanent,Remote,1.0,40,3,70550,5720,0,0,0
W00985,IT · Milan,IT,Milan,Operations,L1,Operations L1,F,Fixed-term,Hybrid,1.0,40,4,24850,0,0,0,0
W00986,PL · Kraków,PL,Krakow,Customer Service,L1,Customer Service L1,F,Permanent,Hybrid,0.8,32,3,15920,0,0,0,0
W00987,ES · Barcelona,ES,Barcelona,Finance,L2,Finance L2,F,Permanent,Hybrid,1.0,40,4,31100,0,0,0,0
W00988,IT · Milan,IT,Milan,Operations,L2,Operations L2,M,Permanent,Remote,1.0,40,4,29850,0,0,0,0
W00989,ES · Barcelona,ES,Barcelona,Finance,L3,Finance L3,F,Permanent,Onsite,1.0,40,3,44250,2150,0,0,0
W00990,ES · Barcelona,ES,Barcelona,Operations,L4,Operations L4,M,Permanent,Hybrid,1.0,40,2,51900,2050,0,0,0
W00991,DE · Munich,DE,Munich,Tech,L3,Tech L3,M,Permanent,Remote,1.0,40,3,88400,3890,0,0,0
W00992,ES · Barcelona,ES,Barcelona,Finance,L2,Finance L2,F,Permanent,Hybrid,1.0,40,3,38550,0,0,0,0
W00993,DE · Munich,DE,Munich,Finance,L3,Finance L3,F,Permanent,Hybrid,1.0,40,4,58050,3780,0,0,0
W00994,DE · Munich,DE,Munich,Operations,L1,Operations L1,M,Fixed-term,Hybrid,1.0,40,3,39150,0,0,0,0
W00996,PL · Kraków,PL,Krakow,Customer Service,L1,Customer Service L1,F,Permanent,Hybrid,0.8,32,3,16400,0,0,0,0
W00997,IT · Milan,IT,Milan,Tech,L5,Tech L5,M,Permanent,Hybrid,1.0,40,4,92550,13800,0,0,6000
W00998,ES · Barcelona,ES,Barcelona,Operations,L3,Operations L3,M,Permanent,Onsite,1.0,40,3,38300,1930,0,1200,0
W00999,DE · Munich,DE,Munich,Customer Service,L1,Customer Service L1,M,Permanent,Onsite,1.0,40,3,35550,0,0,1800,0
W01001,IT · Milan,IT,Milan,Customer Service,L1,Customer Service L1,F,Permanent,Onsite,0.8,32,2,18160,0,0,1056,0
W01002,ES · Barcelona,ES,Barcelona,Operations,L1,Operations L1,F,Permanent,Remote,1.0,40,3,23650,0,0,0,0
W01003,DE · Munich,DE,Munich,HR,L1,HR L1,M,Permanent,Remote,1.0,40,3,36000,0,0,0,0
W01004,PL · Kraków,PL,Krakow,Customer Service,L1,Customer Service L1,F,Permanent,Onsite,1.0,40,4,18400,0,0,840,0
W01005,ES · Barcelona,ES,Barcelona,Customer Service,L3,Customer Service L3,F,Fixed-term,Hybrid,1.0,40,4,35050,2150,0,0,0
W01006,IT · Milan,IT,Milan,Customer Service,L1,Customer Service L1,M,Permanent,Hybrid,1.0,40,3,23250,0,0,0,0
W01007,ES · Barcelona,ES,Barcelona,Customer Service,L3,Customer Service L3,M,Permanent,Onsite,1.0,40,4,33250,2090,0,1200,0
W01008,DE · Munich,DE,Munich,Customer Service,L2,Customer Service L2,F,Permanent,Hybrid,1.0,40,3,43500,0,0,0,0
W01009,ES · Barcelona,ES,Barcelona,Customer Service,L1,Customer Service L1,F,Fixed-term,Onsite,1.0,40,3,21950,0,0,1200,0
W01010,DE · Munich,DE,Munich,Tech,L1,Tech L1,F,Permanent,Hybrid,1.0,40,2,48500,0,0,0,0
W01011,DE · Munich,DE,Munich,Finance,L3,Finance L3,M,Permanent,Remote,1.0,40,5,58900,4350,0,0,0
W01012,ES · Barcelona,ES,Barcelona,Customer Service,L1,Customer Service L1,F,Permanent,Onsite,1.0,40,5,23650,0,0,1200,0
W01013,ES · Barcelona,ES,Barcelona,Tech,L2,Tech L2,F,Permanent,Onsite,1.0,40,5,35950,0,0,0,0
W01014,PL · Kraków,PL,Krakow,Tech,L3,Tech L3,M,Permanent,Remote,1.0,40,3,40550,2030,0,0,0
W01015,ES · Barcelona,ES,Barcelona,Operations,L5,Operations L5,M,Permanent,Hybrid,1.0,40,3,69250,7700,0,0,5400
W01016,PL · Kraków,PL,Krakow,HR,L2,HR L2,M,Permanent,Hybrid,1.0,40,3,23700,0,0,0,0
W01017,PL · Kraków,PL,Krakow,Sales,L6,Sales L6,M,Permanent,Hybrid,1.0,40,3,84200,17680,11290,0,4200
W01018,IT · Milan,IT,Milan,Sales,L2,Sales L2,F,Permanent,Onsite,1.0,40,4,33900,0,4030,0,0
W01019,IT · Milan,IT,Milan,Operations,L2,Operations L2,F,Permanent,Hybrid,1.0,40,3,27650,0,0,0,0
W01021,PL · Kraków,PL,Krakow,Customer Service,L2,Customer Service L2,F,Permanent,Hybrid,1.0,40,4,22450,0,0,0,0
W01022,IT · Milan,IT,Milan,HR,L2,HR L2,M,Permanent,Hybrid,1.0,40,5,27800,0,0,0,0
W01023,DE · Munich,DE,Munich,Operations,L3,Operations L3,F,Permanent,Hybrid,1.0,40,4,61450,4380,0,0,0
W01024,PL · Kraków,PL,Krakow,Operations,L1,Operations L1,F,Permanent,Hybrid,1.0,40,3,18550,0,0,0,0
W01025,PL · Kraków,PL,Krakow,Customer Service,L2,Customer Service L2,F,Permanent,Hybrid,1.0,40,1,24650,0,0,0,0
W01026,PL · Kraków,PL,Krakow,Operations,L2,Operations L2,F,Permanent,Hybrid,1.0,40,2,23450,0,0,0,0
W01027,IT · Milan,IT,Milan,HR,L3,HR L3,M,Permanent,Onsite,1.0,40,3,34150,1740,0,0,0
W01028,IT · Milan,IT,Milan,HR,L5,HR L5,M,Permanent,Hybrid,1.0,40,5,77200,13620,0,0,6000
W01030,ES · Barcelona,ES,Barcelona,Customer Service,L4,Customer Service L4,F,Permanent,Remote,0.8,32,4,35120,3560,0,0,0
W01031,DE · Munich,DE,Munich,Customer Service,L2,Customer Service L2,F,Permanent,Hybrid,1.0,40,3,36250,0,0,0,0
W01032,IT · Milan,IT,Milan,Tech,L1,Tech L1,F,Permanent,Hybrid,1.0,40,3,31550,0,0,0,0
W01033,PL · Kraków,PL,Krakow,Operations,L1,Operations L1,F,Permanent,Hybrid,1.0,40,2,17850,0,0,0,0
W01034,DE · Munich,DE,Munich,Operations,L5,Operations L5,M,Permanent,Hybrid,1.0,40,4,105000,14280,0,0,7200
W01035,PL · Kraków,PL,Krakow,Sales,L2,Sales L2,F,Permanent,Remote,1.0,40,4,27250,0,3790,0,0
W01036,IT · Milan,IT,Milan,Sales,L2,Sales L2,F,Permanent,Hybrid,1.0,40,1,36250,0,3920,0,0
W01037,IT · Milan,IT,Milan,Tech,L4,Tech L4,F,Permanent,Hybrid,1.0,40,3,61050,5250,0,0,0
W01038,PL · Kraków,PL,Krakow,Customer Service,L4,Customer Service L4,F,Permanent,Hybrid,1.0,40,4,41800,4140,0,0,0
W01040,DE · Munich,DE,Munich,Operations,L1,Operations L1,F,Permanent,Remote,1.0,40,3,32850,0,0,0,0
W01041,ES · Barcelona,ES,Barcelona,HR,L3,HR L3,F,Permanent,Hybrid,1.0,40,4,41900,2710,0,0,0
W01042,ES · Barcelona,ES,Barcelona,Finance,L2,Finance L2,F,Permanent,Hybrid,1.0,40,3,38600,0,0,0,0
W01043,ES · Barcelona,ES,Barcelona,Tech,L5,Tech L5,F,Fixed-term,Hybrid,1.0,40,3,93100,10930,0,0,5400
W01044,PL · Kraków,PL,Krakow,Sales,L2,Sales L2,F,Permanent,Remote,0.8,32,2,22400,0,1720,0,0
W01045,IT · Milan,IT,Milan,Finance,L4,Finance L4,F,Permanent,Onsite,1.0,40,3,52700,4530,0,0,0
W01046,PL · Kraków,PL,Krakow,Operations,L4,Operations L4,M,Permanent,Hybrid,0.8,32,2,33920,1410,0,0,0
W01047,IT · Milan,IT,Milan,Finance,L1,Finance L1,F,Permanent,Hybrid,1.0,40,3,31400,0,0,0,0
W01048,DE · Munich,DE,Munich,Sales,L2,Sales L2,M,Permanent,Hybrid,1.0,40,3,50250,0,7410,0,0
W01049,DE · Munich,DE,Munich,HR,L2,HR L2,F,Permanent,Onsite,1.0,40,2,46350,0,0,0,0
W01050,PL · Kraków,PL,Krakow,Customer Service,L3,Customer Service L3,M,Permanent,Hybrid,1.0,40,3,30900,1500,0,0,0
W01051,IT · Milan,IT,Milan,Customer Service,L1,Customer Service L1,F,Fixed-term,Hybrid,1.0,40,3,24350,0,0,0,0
W01052,ES · Barcelona,ES,Barcelona,Customer Service,L2,Customer Service L2,F,Fixed-term,Hybrid,1.0,40,3,22550,0,0,0,0
W01053,IT · Milan,IT,Milan,Customer Service,L1,Customer Service L1,M,Permanent,Onsite,1.0,40,4,24450,0,0,1320,0
W01054,ES · Barcelona,ES,Barcelona,Customer Service,L4,Customer Service L4,M,Permanent,Hybrid,1.0,40,4,45300,4800,0,0,0
W01055,PL · Kraków,PL,Krakow,Operations,L5,Operations L5,F,Permanent,Hybrid,1.0,40,3,57100,6590,0,0,4200
W01056,ES · Barcelona,ES,Barcelona,Sales,L1,Sales L1,F,Fixed-term,Hybrid,1.0,40,3,25100,0,3030,0,0
W01057,ES · Barcelona,ES,Barcelona,Tech,L4,Tech L4,M,Fixed-term,Hybrid,1.0,40,3,64000,4690,0,0,0
W01058,PL · Kraków,PL,Krakow,Sales,L1,Sales L1,F,Fixed-term,Onsite,1.0,40,3,25800,0,3040,0,0
W01059,IT · Milan,IT,Milan,Customer Service,L1,Customer Service L1,M,Permanent,Hybrid,1.0,40,5,22950,0,0,0,0
W01060,IT · Milan,IT,Milan,Operations,L2,Operations L2,F,Permanent,Onsite,1.0,40,2,30800,0,0,1320,0
W01061,PL · Kraków,PL,Krakow,Customer Service,L3,Customer Service L3,F,Permanent,Hybrid,1.0,40,4,28800,1650,0,0,0
W01062,PL · Kraków,PL,Krakow,Finance,L2,Finance L2,F,Permanent,Hybrid,0.8,32,4,22200,0,0,0,0
W01063,PL · Kraków,PL,Krakow,Operations,L3,Operations L3,M,Permanent,Onsite,1.0,40,2,32600,710,0,840,0
W01064,PL · Kraków,PL,Krakow,Tech,L2,Tech L2,F,Permanent,Hybrid,1.0,40,2,29500,0,0,0,0
W01065,ES · Barcelona,ES,Barcelona,Customer Service,L1,Customer Service L1,M,Permanent,Onsite,1.0,40,1,22250,0,0,1200,0
W01066,PL · Kraków,PL,Krakow,Customer Service,L2,Customer Service L2,F,Fixed-term,Hybrid,1.0,40,3,23600,0,0,0,0
W01067,PL · Kraków,PL,Krakow,Operations,L5,Operations L5,M,Permanent,Onsite,1.0,40,2,60050,3430,0,0,4200
W01068,IT · Milan,IT,Milan,Customer Service,L3,Customer Service L3,M,Permanent,Onsite,1.0,40,3,38050,1900,0,1320,0
W01069,PL · Kraków,PL,Krakow,Tech,L3,Tech L3,M,Permanent,Remote,0.8,32,3,36920,1820,0,0,0
W01070,ES · Barcelona,ES,Barcelona,Sales,L2,Sales L2,F,Permanent,Remote,1.0,40,1,34150,0,3940,0,0
W01071,DE · Munich,DE,Munich,Tech,L3,Tech L3,M,Permanent,Remote,1.0,40,3,83250,4080,0,0,0
W01072,ES · Barcelona,ES,Barcelona,Tech,L4,Tech L4,F,Permanent,Onsite,1.0,40,3,68550,5640,0,0,0
W01073,PL · Kraków,PL,Krakow,Sales,L1,Sales L1,F,Fixed-term,Onsite,1.0,40,5,22750,0,2650,0,0
W01074,DE · Munich,DE,Munich,Customer Service,L2,Customer Service L2,M,Permanent,Hybrid,1.0,40,4,41500,0,0,0,0
W01075,PL · Kraków,PL,Krakow,Finance,L4,Finance L4,F,Permanent,Remote,1.0,40,4,45750,4350,0,0,0
W01077,PL · Kraków,PL,Krakow,Tech,L5,Tech L5,M,Fixed-term,Hybrid,1.0,40,1,72650,0,0,0,4200
W01078,PL · Kraków,PL,Krakow,Tech,L6,Tech L6,F,Permanent,Onsite,1.0,40,3,104950,20210,0,0,4200
W01080,PL · Kraków,PL,Krakow,Sales,L1,Sales L1,M,Permanent,Hybrid,0.8,32,3,20240,0,3330,0,0
W01081,PL · Kraków,PL,Krakow,Customer Service,L4,Customer Service L4,F,Permanent,Hybrid,1.0,40,3,34650,2830,0,0,0
W01082,DE · Munich,DE,Munich,Sales,L1,Sales L1,F,Permanent,Hybrid,1.0,40,3,41300,0,5980,0,0
W01083,ES · Barcelona,ES,Barcelona,Sales,L2,Sales L2,F,Permanent,Hybrid,1.0,40,5,31400,0,4890,0,0
W01084,PL · Kraków,PL,Krakow,Sales,L1,Sales L1,F,Permanent,Hybrid,1.0,40,3,22600,0,3230,0,0
W01085,PL · Kraków,PL,Krakow,HR,L2,HR L2,F,Permanent,Hybrid,1.0,40,4,26600,0,0,0,0
W01086,PL · Kraków,PL,Krakow,Operations,L1,Operations L1,M,Fixed-term,Onsite,1.0,40,3,17950,0,0,840,0
W01087,DE · Munich,DE,Munich,Operations,L1,Operations L1,F,Fixed-term,Hybrid,1.0,40,3,33850,0,0,0,0
W01088,IT · Milan,IT,Milan,Sales,L2,Sales L2,M,Permanent,Hybrid,1.0,40,3,33050,0,5220,0,0
W01089,PL · Kraków,PL,Krakow,Tech,L3,Tech L3,F,Permanent,Hybrid,1.0,40,3,36950,1770,0,0,0
W01090,IT · Milan,IT,Milan,Finance,L1,Finance L1,F,Fixed-term,Onsite,1.0,40,4,28100,0,0,0,0
W01091,DE · Munich,DE,Munich,Finance,L1,Finance L1,F,Permanent,Hybrid,1.0,40,3,49600,0,0,0,0
W01092,DE · Munich,DE,Munich,Tech,L1,Tech L1,M,Fixed-term,Onsite,1.0,40,2,48550,0,0,0,0
W01093,PL · Kraków,PL,Krakow,Customer Service,L3,Customer Service L3,F,Permanent,Onsite,1.0,40,2,22650,560,0,840,0
W01094,PL · Kraków,PL,Krakow,Customer Service,L4,Customer Service L4,M,Fixed-term,Remote,1.0,40,4,39050,4090,0,0,0
W01095,PL · Kraków,PL,Krakow,Sales,L2,Sales L2,M,Permanent,Hybrid,1.0,40,3,24250,0,3530,0,0
W01096,IT · Milan,IT,Milan,Sales,L2,Sales L2,F,Permanent,Hybrid,1.0,40,4,37450,0,7220,0,0
W01097,IT · Milan,IT,Milan,Finance,L2,Finance L2,M,Permanent,Remote,1.0,40,2,35950,0,0,0,0
W01098,PL · Kraków,PL,Krakow,Finance,L4,Finance L4,M,Fixed-term,Hybrid,1.0,40,3,44800,3700,0,0,0
W01099,IT · Milan,IT,Milan,Customer Service,L5,Customer Service L5,M,Permanent,Hybrid,1.0,40,3,72200,9960,0,0,6000
W01100,PL · Kraków,PL,Krakow,HR,L4,HR L4,F,Permanent,Remote,1.0,40,4,45450,4670,0,0,0
W01101,PL · Kraków,PL,Krakow,Customer Service,L4,Customer Service L4,M,Permanent,Onsite,1.0,40,3,37350,3240,0,0,0
W01102,PL · Kraków,PL,Krakow,Customer Service,L2,Customer Service L2,M,Permanent,Remote,1.0,40,3,22300,0,0,0,0
W01103,IT · Milan,IT,Milan,Customer Service,L2,Customer Service L2,M,Permanent,Hybrid,1.0,40,4,30950,0,0,0,0
W01105,DE · Munich,DE,Munich,Operations,L2,Operations L2,M,Permanent,Onsite,1.0,40,4,48100,0,0,1800,0
W01106,ES · Barcelona,ES,Barcelona,Tech,L3,Tech L3,M,Permanent,Onsite,1.0,40,1,47300,0,0,0,0
W01107,PL · Kraków,PL,Krakow,Customer Service,L1,Customer Service L1,M,Permanent,Remote,1.0,40,4,14950,0,0,0,0
W01108,IT · Milan,IT,Milan,Operations,L1,Operations L1,F,Permanent,Hybrid,1.0,40,2,25000,0,0,0,0
W01109,PL · Kraków,PL,Krakow,Tech,L3,Tech L3,M,Permanent,Remote,1.0,40,5,45050,3220,0,0,0
W01110,PL · Kraków,PL,Krakow,Finance,L5,Finance L5,M,Permanent,Onsite,1.0,40,2,74800,5070,0,0,4200
W01111,IT · Milan,IT,Milan,HR,L4,HR L4,M,Permanent,Onsite,1.0,40,4,53050,5650,0,0,0
W01112,PL · Kraków,PL,Krakow,Customer Service,L2,Customer Service L2,M,Permanent,Onsite,1.0,40,3,25300,0,0,840,0
W01113,ES · Barcelona,ES,Barcelona,Customer Service,L4,Customer Service L4,M,Fixed-term,Remote,1.0,40,4,54350,5110,0,0,0
W01115,IT · Milan,IT,Milan,Operations,L3,Operations L3,F,Permanent,Onsite,1.0,40,3,39600,1960,0,1320,0
W01116,IT · Milan,IT,Milan,Operations,L6,Operations L6,M,Permanent,Hybrid,1.0,40,4,94050,24580,0,0,6000
W01117,PL · Kraków,PL,Krakow,Tech,L1,Tech L1,F,Permanent,Hybrid,1.0,40,3,25750,0,0,0,0
W01118,PL · Kraków,PL,Krakow,Operations,L2,Operations L2,F,Permanent,Onsite,1.0,40,3,24900,0,0,840,0
W01119,IT · Milan,IT,Milan,Operations,L1,Operations L1,F,Permanent,Hybrid,1.0,40,4,25050,0,0,0,0
W01120,IT · Milan,IT,Milan,Operations,L1,Operations L1,F,Permanent,Hybrid,1.0,40,4,25000,0,0,0,0
W01121,IT · Milan,IT,Milan,Customer Service,L3,Customer Service L3,F,Permanent,Hybrid,1.0,40,4,39650,2580,0,0,0
W01122,PL · Kraków,PL,Krakow,Customer Service,L3,Customer Service L3,F,Permanent,Onsite,1.0,40,5,30650,2270,0,840,0
W01123,PL · Kraków,PL,Krakow,Tech,L1,Tech L1,F,Permanent,Hybrid,1.0,40,5,22600,0,0,0,0
W01124,ES · Barcelona,ES,Barcelona,Customer Service,L2,Customer Service L2,M,Fixed-term,Hybrid,1.0,40,3,31000,0,0,0,0
W01125,DE · Munich,DE,Munich,HR,L5,HR L5,F,Fixed-term,Onsite,1.0,40,3,101900,13470,0,0,7200
W01126,PL · Kraków,PL,Krakow,HR,L3,HR L3,M,Fixed-term,Hybrid,1.0,40,3,34450,1610,0,0,0
W01127,IT · Milan,IT,Milan,Sales,L1,Sales L1,F,Permanent,Remote,1.0,40,1,20700,0,3840,0,0
W01129,PL · Kraków,PL,Krakow,Sales,L3,Sales L3,M,Permanent,Onsite,1.0,40,3,31200,1610,3850,0,0
W01130,ES · Barcelona,ES,Barcelona,HR,L5,HR L5,M,Permanent,Remote,1.0,40,3,75000,9420,0,0,5400
W01131,IT · Milan,IT,Milan,Operations,L5,Operations L5,M,Permanent,Remote,1.0,40,5,68850,13040,0,0,6000
W01132,IT · Milan,IT,Milan,Operations,L2,Operations L2,F,Permanent,Remote,1.0,40,3,28500,0,0,0,0
W01134,IT · Milan,IT,Milan,Operations,L4,Operations L4,M,Permanent,Hybrid,1.0,40,5,50200,5760,0,0,0
W01135,IT · Milan,IT,Milan,Sales,L5,Sales L5,M,Permanent,Hybrid,0.8,32,4,63880,9060,8620,0,6000
W01136,PL · Kraków,PL,Krakow,Customer Service,L2,Customer Service L2,F,Permanent,Hybrid,1.0,40,2,21100,0,0,0,0
W01137,PL · Kraków,PL,Krakow,Customer Service,L3,Customer Service L3,F,Fixed-term,Onsite,1.0,40,3,31350,1630,0,840,0
W01139,IT · Milan,IT,Milan,Customer Service,L2,Customer Service L2,F,Permanent,Onsite,1.0,40,3,30500,0,0,1320,0
W01140,DE · Munich,DE,Munich,HR,L5,HR L5,M,Permanent,Remote,1.0,40,4,109950,17150,0,0,7200
W01141,DE · Munich,DE,Munich,Tech,L3,Tech L3,M,Fixed-term,Remote,0.8,32,3,65960,3130,0,0,0
W01142,DE · Munich,DE,Munich,Finance,L3,Finance L3,M,Permanent,Hybrid,1.0,40,3,70700,3720,0,0,0
W01143,IT · Milan,IT,Milan,Customer Service,L4,Customer Service L4,M,Fixed-term,Hybrid,1.0,40,3,45250,3200,0,0,0
W01145,ES · Barcelona,ES,Barcelona,Operations,L3,Operations L3,F,Permanent,Remote,1.0,40,3,37350,1930,0,0,0
W01147,PL · Kraków,PL,Krakow,Customer Service,L1,Customer Service L1,M,Permanent,Remote,1.0,40,2,19300,0,0,0,0
W01148,ES · Barcelona,ES,Barcelona,HR,L3,HR L3,F,Fixed-term,Onsite,1.0,40,5,39350,2670,0,0,0
W01149,IT · Milan,IT,Milan,Operations,L1,Operations L1,F,Permanent,Onsite,1.0,40,2,26700,0,0,1320,0
W01150,PL · Kraków,PL,Krakow,HR,L1,HR L1,M,Permanent,Onsite,1.0,40,2,23000,0,0,0,0
W01151,ES · Barcelona,ES,Barcelona,Customer Service,L2,Customer Service L2,F,Permanent,Onsite,1.0,40,4,26250,0,0,1200,0
W01153,IT · Milan,IT,Milan,Tech,L6,Tech L6,M,Permanent,Hybrid,1.0,40,2,135750,13040,0,0,6000
W01155,ES · Barcelona,ES,Barcelona,Sales,L3,Sales L3,M,Permanent,Onsite,1.0,40,5,47900,3130,7770,0,0
W01156,IT · Milan,IT,Milan,Finance,L3,Finance L3,F,Fixed-term,Hybrid,1.0,40,5,36300,2660,0,0,0
W01157,PL · Kraków,PL,Krakow,HR,L2,HR L2,F,Permanent,Hybrid,1.0,40,3,25150,0,0,0,0
W01158,PL · Kraków,PL,Krakow,Customer Service,L4,Customer Service L4,M,Permanent,Hybrid,1.0,40,3,40250,3320,0,0,0
W01159,IT · Milan,IT,Milan,Customer Service,L1,Customer Service L1,F,Fixed-term,Onsite,1.0,40,3,17850,0,0,1320,0
W01160,IT · Milan,IT,Milan,Customer Service,L1,Customer Service L1,F,Permanent,Hybrid,1.0,40,3,20750,0,0,0,0
W01161,IT · Milan,IT,Milan,Operations,L2,Operations L2,M,Permanent,Hybrid,1.0,40,4,32050,0,0,0,0
W01162,ES · Barcelona,ES,Barcelona,Operations,L2,Operations L2,F,Permanent,Remote,1.0,40,3,29900,0,0,0,0
W01163,IT · Milan,IT,Milan,Customer Service,L2,Customer Service L2,F,Permanent,Onsite,1.0,40,5,26250,0,0,1320,0
W01164,IT · Milan,IT,Milan,Customer Service,L1,Customer Service L1,M,Permanent,Hybrid,1.0,40,4,21700,0,0,0,0
W01167,DE · Munich,DE,Munich,HR,L1,HR L1,F,Permanent,Hybrid,1.0,40,3,38050,0,0,0,0
W01170,IT · Milan,IT,Milan,Customer Service,L2,Customer Service L2,M,Permanent,Onsite,1.0,40,3,33400,0,0,1320,0
W01171,PL · Kraków,PL,Krakow,Operations,L1,Operations L1,M,Permanent,Onsite,1.0,40,3,18750,0,0,840,0
W01172,PL · Kraków,PL,Krakow,Tech,L2,Tech L2,F,Permanent,Remote,1.0,40,2,29500,0,0,0,0
W01173,ES · Barcelona,ES,Barcelona,Finance,L3,Finance L3,F,Permanent,Hybrid,1.0,40,3,50950,2600,0,0,0
W01174,IT · Milan,IT,Milan,Customer Service,L5,Customer Service L5,F,Permanent,Remote,1.0,40,3,55300,5920,0,0,6000
W01175,IT · Milan,IT,Milan,Operations,L2,Operations L2,M,Fixed-term,Hybrid,1.0,40,4,29850,0,0,0,0
W01176,IT · Milan,IT,Milan,Tech,L3,Tech L3,M,Permanent,Hybrid,1.0,40,3,51750,2420,0,0,0
W01177,IT · Milan,IT,Milan,Customer Service,L5,Customer Service L5,M,Permanent,Remote,1.0,40,3,73250,8860,0,0,6000
W01179,IT · Milan,IT,Milan,Customer Service,L3,Customer Service L3,F,Permanent,Hybrid,1.0,40,3,42100,2090,0,0,0
W01180,ES · Barcelona,ES,Barcelona,Operations,L2,Operations L2,F,Permanent,Remote,1.0,40,3,33550,0,0,0,0
W01181,DE · Munich,DE,Munich,Customer Service,L1,Customer Service L1,M,Fixed-term,Onsite,1.0,40,5,32800,0,0,1800,0
W01182,PL · Kraków,PL,Krakow,Tech,L4,Tech L4,F,Fixed-term,Remote,1.0,40,2,50500,2010,0,0,0
W01183,PL · Kraków,PL,Krakow,Customer Service,L2,Customer Service L2,M,Fixed-term,Hybrid,1.0,40,2,22100,0,0,0,0
W01184,PL · Kraków,PL,Krakow,Customer Service,L3,Customer Service L3,F,Permanent,Onsite,1.0,40,4,30850,1890,0,840,0
W01185,DE · Munich,DE,Munich,Tech,L3,Tech L3,F,Fixed-term,Onsite,1.0,40,4,86800,4910,0,0,0
W01186,IT · Milan,IT,Milan,Tech,L3,Tech L3,M,Permanent,Hybrid,1.0,40,4,52400,3560,0,0,0
W01187,IT · Milan,IT,Milan,Operations,L2,Operations L2,F,Permanent,Hybrid,1.0,40,3,32100,0,0,0,0
W01188,PL · Kraków,PL,Krakow,Customer Service,L1,Customer Service L1,M,Permanent,Onsite,1.0,40,4,20650,0,0,840,0
W01189,IT · Milan,IT,Milan,Sales,L3,Sales L3,F,Permanent,Remote,1.0,40,3,40200,2080,4080,0,0
W01190,IT · Milan,IT,Milan,HR,L3,HR L3,F,Fixed-term,Onsite,1.0,40,4,34050,2090,0,0,0
W01191,PL · Kraków,PL,Krakow,Operations,L5,Operations L5,M,Permanent,Hybrid,1.0,40,3,63750,7750,0,0,4200
W01192,PL · Kraków,PL,Krakow,Operations,L6,Operations L6,M,Permanent,Onsite,1.0,40,3,80350,15310,0,0,4200
W01193,PL · Kraków,PL,Krakow,Operations,L1,Operations L1,M,Permanent,Hybrid,0.8,32,4,18880,0,0,0,0
W01194,DE · Munich,DE,Munich,Customer Service,L2,Customer Service L2,M,Permanent,Onsite,1.0,40,2,48950,0,0,1800,0
W01195,PL · Kraków,PL,Krakow,Finance,L1,Finance L1,M,Permanent,Onsite,1.0,40,3,27050,0,0,0,0
W01196,PL · Kraków,PL,Krakow,Operations,L2,Operations L2,M,Permanent,Hybrid,1.0,40,3,27800,0,0,0,0
W01197,PL · Kraków,PL,Krakow,Customer Service,L3,Customer Service L3,M,Fixed-term,Hybrid,1.0,40,3,32150,1620,0,0,0
W01198,DE · Munich,DE,Munich,Operations,L2,Operations L2,F,Permanent,Remote,1.0,40,1,46500,0,0,0,0
W01199,DE · Munich,DE,Munich,Operations,L4,Operations L4,M,Fixed-term,Onsite,1.0,40,4,84850,8660,0,0,0
W01200,IT · Milan,IT,Milan,Sales,L3,Sales L3,M,Fixed-term,Hybrid,0.8,32,4,36240,2240,4270,0,0
W01201,DE · Munich,DE,Munich,Sales,L3,Sales L3,M,Permanent,Onsite,1.0,40,4,58350,3460,11180,0,0
W01202,IT · Milan,IT,Milan,Operations,L1,Operations L1,F,Fixed-term,Onsite,1.0,40,4,18500,0,0,1320,0
W01203,DE · Munich,DE,Munich,HR,L2,HR L2,F,Permanent,Remote,1.0,40,3,42400,0,0,0,0
W01204,PL · Kraków,PL,Krakow,Customer Service,L1,Customer Service L1,M,Fixed-term,Hybrid,1.0,40,1,20900,0,0,0,0
W01205,PL · Kraków,PL,Krakow,Customer Service,L2,Customer Service L2,F,Permanent,Remote,1.0,40,3,28750,0,0,0,0
W01206,IT · Milan,IT,Milan,Customer Service,L1,Customer Service L1,M,Fixed-term,Hybrid,1.0,40,3,25550,0,0,0,0
W01207,PL · Kraków,PL,Krakow,Finance,L3,Finance L3,M,Fixed-term,Remote,0.8,32,3,25600,1370,0,0,0
W01208,PL · Kraków,PL,Krakow,HR,L5,HR L5,M,Fixed-term,Remote,1.0,40,2,58950,3420,0,0,4200
W01209,PL · Kraków,PL,Krakow,Tech,L3,Tech L3,M,Permanent,Onsite,1.0,40,3,43500,2270,0,0,0
W01210,IT · Milan,IT,Milan,Operations,L2,Operations L2,M,Permanent,Hybrid,1.0,40,1,31400,0,0,0,0
W01211,DE · Munich,DE,Munich,HR,L2,HR L2,M,Permanent,Hybrid,0.8,32,4,36600,0,0,0,0
W01212,DE · Munich,DE,Munich,Sales,L5,Sales L5,F,Fixed-term,Hybrid,1.0,40,3,107900,12520,14120,0,7200
W01213,DE · Munich,DE,Munich,Sales,L1,Sales L1,F,Permanent,Onsite,1.0,40,3,41550,0,5810,0,0
W01214,IT · Milan,IT,Milan,Operations,L2,Operations L2,F,Fixed-term,Hybrid,1.0,40,3,29350,0,0,0,0
W01215,PL · Kraków,PL,Krakow,Customer Service,L3,Customer Service L3,F,Permanent,Onsite,1.0,40,2,33650,850,0,840,0
W01216,ES · Barcelona,ES,Barcelona,Finance,L3,Finance L3,F,Permanent,Onsite,1.0,40,3,45850,2340,0,0,0
W01218,PL · Kraków,PL,Krakow,Sales,L2,Sales L2,F,Permanent,Remote,1.0,40,3,29300,0,3840,0,0
W01219,DE · Munich,DE,Munich,HR,L3,HR L3,F,Permanent,Remote,1.0,40,3,56400,2610,0,0,0
W01220,DE · Munich,DE,Munich,Tech,L4,Tech L4,M,Permanent,Hybrid,1.0,40,3,103850,7780,0,0,0
W01221,PL · Kraków,PL,Krakow,Tech,L2,Tech L2,M,Permanent,Hybrid,1.0,40,3,40250,0,0,0,0
W01222,PL · Kraków,PL,Krakow,Tech,L4,Tech L4,M,Permanent,Remote,0.8,32,4,39640,3830,0,0,0
W01223,PL · Kraków,PL,Krakow,Operations,L3,Operations L3,F,Permanent,Onsite,1.0,40,3,34850,1890,0,840,0
W01224,PL · Kraków,PL,Krakow,Customer Service,L3,Customer Service L3,F,Permanent,Hybrid,1.0,40,2,32850,740,0,0,0
W01225,IT · Milan,IT,Milan,Tech,L3,Tech L3,M,Permanent,Hybrid,1.0,40,3,44900,2240,0,0,0
W01226,PL · Kraków,PL,Krakow,Finance,L2,Finance L2,M,Permanent,Hybrid,1.0,40,4,29100,0,0,0,0
W01227,DE · Munich,DE,Munich,Tech,L4,Tech L4,M,Permanent,Onsite,1.0,40,2,110400,4130,0,0,0
W01228,PL · Kraków,PL,Krakow,Customer Service,L4,Customer Service L4,M,Permanent,Hybrid,1.0,40,3,36350,2930,0,0,0
W01229,IT · Milan,IT,Milan,Operations,L2,Operations L2,F,Fixed-term,Onsite,1.0,40,5,24900,0,0,1320,0
W01233,IT · Milan,IT,Milan,Finance,L4,Finance L4,M,Permanent,Hybrid,1.0,40,3,51750,4270,0,0,0
W01234,DE · Munich,DE,Munich,Customer Service,L3,Customer Service L3,F,Permanent,Hybrid,1.0,40,3,52800,2620,0,0,0
W01235,PL · Kraków,PL,Krakow,Sales,L4,Sales L4,M,Permanent,Hybrid,1.0,40,3,46700,3860,7340,0,0
W01236,DE · Munich,DE,Munich,Sales,L6,Sales L6,F,Permanent,Hybrid,1.0,40,3,156800,32800,21910,0,7200
W01237,ES · Barcelona,ES,Barcelona,Customer Service,L4,Customer Service L4,M,Permanent,Hybrid,1.0,40,4,44800,4780,0,0,0
W01238,IT · Milan,IT,Milan,Tech,L1,Tech L1,M,Permanent,Hybrid,1.0,40,3,29550,0,0,0,0
W01239,PL · Kraków,PL,Krakow,Tech,L1,Tech L1,F,Permanent,Remote,1.0,40,4,24500,0,0,0,0
W01240,IT · Milan,IT,Milan,Tech,L5,Tech L5,F,Permanent,Hybrid,1.0,40,3,96550,11260,0,0,6000
W01241,ES · Barcelona,ES,Barcelona,Finance,L3,Finance L3,F,Permanent,Hybrid,1.0,40,3,45200,2480,0,0,0
W01242,IT · Milan,IT,Milan,Tech,L1,Tech L1,F,Permanent,Onsite,1.0,40,3,32300,0,0,0,0
W01243,IT · Milan,IT,Milan,Operations,L3,Operations L3,M,Permanent,Hybrid,1.0,40,3,37800,1880,0,0,0
W01245,PL · Kraków,PL,Krakow,Operations,L5,Operations L5,M,Permanent,Remote,1.0,40,3,61250,6510,0,0,4200
W01246,PL · Kraków,PL,Krakow,Operations,L3,Operations L3,M,Permanent,Hybrid,1.0,40,2,29500,820,0,0,0
W01247,IT · Milan,IT,Milan,Sales,L3,Sales L3,M,Permanent,Hybrid,1.0,40,3,44950,2170,6640,0,0
W01249,IT · Milan,IT,Milan,Operations,L1,Operations L1,M,Permanent,Remote,1.0,40,3,26050,0,0,0,0
W01250,DE · Munich,DE,Munich,Sales,L1,Sales L1,F,Permanent,Hybrid,1.0,40,3,39450,0,6230,0,0
W01251,DE · Munich,DE,Munich,Customer Service,L3,Customer Service L3,M,Fixed-term,Hybrid,1.0,40,1,57000,0,0,0,0
W01252,IT · Milan,IT,Milan,Sales,L1,Sales L1,F,Permanent,Hybrid,1.0,40,1,27350,0,3930,0,0
W01253,IT · Milan,IT,Milan,Operations,L1,Operations L1,M,Permanent,Remote,1.0,40,2,26200,0,0,0,0
W01254,DE · Munich,DE,Munich,Tech,L2,Tech L2,M,Permanent,Hybrid,1.0,40,3,62200,0,0,0,0
W01255,DE · Munich,DE,Munich,Tech,L3,Tech L3,M,Permanent,Hybrid,1.0,40,4,92550,5510,0,0,0
W01256,DE · Munich,DE,Munich,Customer Service,L2,Customer Service L2,M,Fixed-term,Hybrid,1.0,40,4,37050,0,0,0,0
W01258,PL · Kraków,PL,Krakow,Customer Service,L4,Customer Service L4,M,Permanent,Onsite,0.8,32,3,31720,2560,0,0,0
W01259,DE · Munich,DE,Munich,HR,L2,HR L2,F,Permanent,Onsite,0.8,32,3,30080,0,0,0,0
W01260,DE · Munich,DE,Munich,Operations,L3,Operations L3,M,Permanent,Remote,1.0,40,4,56150,3520,0,0,0
W01261,IT · Milan,IT,Milan,Customer Service,L2,Customer Service L2,F,Permanent,Hybrid,1.0,40,3,26350,0,0,0,0
W01262,IT · Milan,IT,Milan,HR,L1,HR L1,F,Permanent,Onsite,1.0,40,3,20650,0,0,0,0
W01263,ES · Barcelona,ES,Barcelona,Finance,L2,Finance L2,M,Permanent,Hybrid,1.0,40,3,30200,0,0,0,0
W01264,IT · Milan,IT,Milan,Customer Service,L1,Customer Service L1,F,Permanent,Hybrid,1.0,40,3,26350,0,0,0,0
W01265,IT · Milan,IT,Milan,Tech,L4,Tech L4,M,Permanent,Remote,1.0,40,4,66550,6540,0,0,0
W01266,PL · Kraków,PL,Krakow,Customer Service,L2,Customer Service L2,M,Permanent,Hybrid,1.0,40,1,27050,0,0,0,0
W01267,PL · Kraków,PL,Krakow,Tech,L4,Tech L4,M,Permanent,Hybrid,1.0,40,2,57950,2580,0,0,0
W01268,PL · Kraków,PL,Krakow,Sales,L2,Sales L2,F,Permanent,Hybrid,1.0,40,3,29250,0,3020,0,0
W01269,DE · Munich,DE,Munich,Customer Service,L4,Customer Service L4,M,Permanent,Remote,1.0,40,3,74150,6020,0,0,0
W01270,IT · Milan,IT,Milan,Tech,L1,Tech L1,M,Permanent,Hybrid,1.0,40,3,28000,0,0,0,0
W01271,IT · Milan,IT,Milan,Customer Service,L2,Customer Service L2,M,Permanent,Hybrid,1.0,40,4,30600,0,0,0,0
W01272,PL · Kraków,PL,Krakow,Operations,L2,Operations L2,M,Permanent,Hybrid,1.0,40,5,24150,0,0,0,0
W01273,PL · Kraków,PL,Krakow,Customer Service,L4,Customer Service L4,M,Permanent,Remote,1.0,40,3,39300,3330,0,0,0
W01274,PL · Kraków,PL,Krakow,Operations,L2,Operations L2,F,Permanent,Hybrid,1.0,40,3,24300,0,0,0,0
W01275,IT · Milan,IT,Milan,Tech,L2,Tech L2,M,Permanent,Hybrid,1.0,40,1,40550,0,0,0,0
W01276,IT · Milan,IT,Milan,Customer Service,L2,Customer Service L2,F,Fixed-term,Remote,1.0,40,2,24950,0,0,0,0
W01277,PL · Kraków,PL,Krakow,Tech,L3,Tech L3,M,Permanent,Onsite,1.0,40,2,39650,940,0,0,0
W01278,PL · Kraków,PL,Krakow,Customer Service,L2,Customer Service L2,M,Permanent,Hybrid,1.0,40,3,20450,0,0,0,0
W01279,DE · Munich,DE,Munich,Finance,L6,Finance L6,F,Permanent,Onsite,1.0,40,3,168550,35120,0,0,7200
W01282,PL · Kraków,PL,Krakow,Sales,L3,Sales L3,F,Fixed-term,Onsite,1.0,40,3,34150,1880,5850,0,0
W01283,IT · Milan,IT,Milan,Finance,L6,Finance L6,M,Permanent,Hybrid,1.0,40,3,119600,22850,0,0,6000
W01284,ES · Barcelona,ES,Barcelona,Operations,L3,Operations L3,F,Permanent,Onsite,1.0,40,4,40300,2520,0,1200,0
W01286,DE · Munich,DE,Munich,Sales,L2,Sales L2,M,Permanent,Onsite,1.0,40,3,41650,0,6560,0,0
W01287,ES · Barcelona,ES,Barcelona,Customer Service,L3,Customer Service L3,F,Permanent,Hybrid,1.0,40,2,39450,1010,0,0,0
W01288,PL · Kraków,PL,Krakow,Operations,L1,Operations L1,M,Permanent,Hybrid,1.0,40,3,22950,0,0,0,0
W01289,IT · Milan,IT,Milan,Sales,L3,Sales L3,M,Fixed-term,Hybrid,1.0,40,1,42050,0,4970,0,0
W01290,IT · Milan,IT,Milan,Sales,L5,Sales L5,F,Permanent,Hybrid,1.0,40,5,89050,18430,13430,0,6000
W01291,PL · Kraków,PL,Krakow,Customer Service,L2,Customer Service L2,F,Fixed-term,Hybrid,1.0,40,4,22000,0,0,0,0
W01293,DE · Munich,DE,Munich,Tech,L2,Tech L2,F,Permanent,Onsite,0.8,32,5,48720,0,0,0,0
W01294,DE · Munich,DE,Munich,Customer Service,L5,Customer Service L5,M,Permanent,Onsite,1.0,40,4,104900,17760,0,0,7200
W01295,IT · Milan,IT,Milan,Sales,L3,Sales L3,F,Permanent,Hybrid,0.8,32,3,36560,1820,4520,0,0
W01296,IT · Milan,IT,Milan,Operations,L1,Operations L1,F,Permanent,Hybrid,1.0,40,3,23900,0,0,0,0
W01297,ES · Barcelona,ES,Barcelona,Customer Service,L2,Customer Service L2,F,Permanent,Onsite,1.0,40,3,24650,0,0,1200,0
W01298,IT · Milan,IT,Milan,Tech,L3,Tech L3,F,Permanent,Hybrid,1.0,40,3,49250,2480,0,0,0
W01299,PL · Kraków,PL,Krakow,Finance,L5,Finance L5,M,Permanent,Hybrid,1.0,40,3,63300,8060,0,0,4200
W01300,DE · Munich,DE,Munich,Tech,L1,Tech L1,M,Permanent,Hybrid,1.0,40,3,47850,0,0,0,0
W01301,IT · Milan,IT,Milan,Operations,L1,Operations L1,F,Permanent,Hybrid,1.0,40,2,26550,0,0,0,0
W01302,PL · Kraków,PL,Krakow,HR,L4,HR L4,F,Permanent,Hybrid,1.0,40,4,41450,4000,0,0,0
W01303,IT · Milan,IT,Milan,Tech,L2,Tech L2,F,Permanent,Onsite,1.0,40,3,39850,0,0,0,0
W01304,IT · Milan,IT,Milan,Operations,L1,Operations L1,F,Permanent,Onsite,1.0,40,3,24700,0,0,1320,0
W01305,IT · Milan,IT,Milan,Tech,L1,Tech L1,M,Permanent,Onsite,1.0,40,4,34000,0,0,0,0
W01306,PL · Kraków,PL,Krakow,Sales,L3,Sales L3,F,Permanent,Onsite,1.0,40,3,38650,2090,5870,0,0
W01308,PL · Kraków,PL,Krakow,Operations,L3,Operations L3,F,Permanent,Onsite,1.0,40,3,30750,1660,0,840,0
W01309,ES · Barcelona,ES,Barcelona,Customer Service,L2,Customer Service L2,M,Permanent,Hybrid,1.0,40,4,29550,0,0,0,0
W01310,PL · Kraków,PL,Krakow,Operations,L2,Operations L2,M,Permanent,Hybrid,1.0,40,3,26750,0,0,0,0
W01311,IT · Milan,IT,Milan,Customer Service,L3,Customer Service L3,M,Fixed-term,Hybrid,1.0,40,4,39500,2340,0,0,0
W01314,IT · Milan,IT,Milan,Customer Service,L2,Customer Service L2,M,Permanent,Onsite,1.0,40,2,34450,0,0,1320,0
W01315,PL · Kraków,PL,Krakow,Customer Service,L6,Customer Service L6,M,Fixed-term,Hybrid,0.8,32,3,48440,9160,0,0,4200
W01316,PL · Kraków,PL,Krakow,Finance,L2,Finance L2,F,Fixed-term,Hybrid,1.0,40,4,28200,0,0,0,0
W01319,PL · Kraków,PL,Krakow,Tech,L2,Tech L2,F,Permanent,Onsite,1.0,40,3,35550,0,0,0,0
W01320,PL · Kraków,PL,Krakow,Tech,L1,Tech L1,M,Permanent,Remote,0.8,32,3,19040,0,0,0,0
W01321,DE · Munich,DE,Munich,Customer Service,L2,Customer Service L2,F,Permanent,Hybrid,0.8,32,3,35440,0,0,0,0
W01322,PL · Kraków,PL,Krakow,Customer Service,L3,Customer Service L3,F,Fixed-term,Hybrid,0.8,32,5,26840,2120,0,0,0
W01323,IT · Milan,IT,Milan,HR,L3,HR L3,F,Fixed-term,Remote,1.0,40,3,45150,1950,0,0,0
W01324,DE · Munich,DE,Munich,Operations,L2,Operations L2,F,Fixed-term,Hybrid,1.0,40,5,59150,0,0,0,0
W01325,ES · Barcelona,ES,Barcelona,Customer Service,L4,Customer Service L4,M,Permanent,Onsite,1.0,40,4,43000,4430,0,0,0
W01326,PL · Kraków,PL,Krakow,Customer Service,L2,Customer Service L2,F,Permanent,Hybrid,1.0,40,3,23850,0,0,0,0
W01327,ES · Barcelona,ES,Barcelona,Tech,L2,Tech L2,F,Permanent,Onsite,1.0,40,3,34600,0,0,0,0
W01329,PL · Kraków,PL,Krakow,Customer Service,L5,Customer Service L5,F,Permanent,Onsite,1.0,40,2,45950,3200,0,0,4200
W01330,DE · Munich,DE,Munich,Customer Service,L2,Customer Service L2,M,Permanent,Remote,1.0,40,3,46650,0,0,0,0
W01332,IT · Milan,IT,Milan,Sales,L2,Sales L2,M,Permanent,Hybrid,0.8,32,3,27640,0,4240,0,0
W01333,IT · Milan,IT,Milan,Finance,L2,Finance L2,M,Permanent,Onsite,1.0,40,4,39050,0,0,0,0
W01334,IT · Milan,IT,Milan,Customer Service,L3,Customer Service L3,F,Permanent,Onsite,1.0,40,3,34900,1750,0,1320,0
W01335,DE · Munich,DE,Munich,Finance,L1,Finance L1,M,Permanent,Hybrid,1.0,40,1,35400,0,0,0,0
W01337,IT · Milan,IT,Milan,HR,L1,HR L1,M,Permanent,Onsite,1.0,40,3,28200,0,0,0,0
W01338,PL · Kraków,PL,Krakow,Operations,L4,Operations L4,M,Permanent,Hybrid,1.0,40,3,41700,3700,0,0,0
W01339,DE · Munich,DE,Munich,Tech,L4,Tech L4,M,Permanent,Hybrid,1.0,40,3,100450,8470,0,0,0
W01340,IT · Milan,IT,Milan,Customer Service,L2,Customer Service L2,M,Permanent,Hybrid,1.0,40,1,28050,0,0,0,0
W01341,PL · Kraków,PL,Krakow,Customer Service,L2,Customer Service L2,M,Permanent,Onsite,1.0,40,4,28200,0,0,840,0
W01342,DE · Munich,DE,Munich,HR,L1,HR L1,F,Permanent,Hybrid,1.0,40,3,32950,0,0,0,0
W01343,ES · Barcelona,ES,Barcelona,Operations,L3,Operations L3,M,Permanent,Hybrid,1.0,40,4,36350,2440,0,0,0
W01344,IT · Milan,IT,Milan,Customer Service,L3,Customer Service L3,F,Permanent,Onsite,1.0,40,3,36450,1770,0,1320,0
W01345,DE · Munich,DE,Munich,Tech,L1,Tech L1,F,Fixed-term,Onsite,1.0,40,3,42900,0,0,0,0
W01346,IT · Milan,IT,Milan,Customer Service,L1,Customer Service L1,F,Fixed-term,Onsite,1.0,40,3,17550,0,0,1320,0
W01347,IT · Milan,IT,Milan,Operations,L3,Operations L3,M,Permanent,Hybrid,1.0,40,3,41850,2350,0,0,0
W01348,PL · Kraków,PL,Krakow,Customer Service,L2,Customer Service L2,F,Permanent,Hybrid,0.8,32,4,17920,0,0,0,0
W01349,IT · Milan,IT,Milan,Customer Service,L2,Customer Service L2,M,Fixed-term,Onsite,1.0,40,3,24900,0,0,1320,0
W01350,IT · Milan,IT,Milan,Sales,L3,Sales L3,M,Permanent,Remote,1.0,40,3,53600,2860,9450,0,0
W01351,DE · Munich,DE,Munich,Finance,L3,Finance L3,M,Permanent,Hybrid,1.0,40,4,73850,5040,0,0,0
W01352,PL · Kraków,PL,Krakow,Finance,L3,Finance L3,M,Permanent,Onsite,1.0,40,3,37450,1790,0,0,0
W01353,ES · Barcelona,ES,Barcelona,Customer Service,L1,Customer Service L1,F,Permanent,Hybrid,1.0,40,5,20800,0,0,0,0
W01354,DE · Munich,DE,Munich,Customer Service,L1,Customer Service L1,F,Permanent,Hybrid,1.0,40,3,34850,0,0,0,0
W01355,PL · Kraków,PL,Krakow,Customer Service,L1,Customer Service L1,M,Permanent,Hybrid,1.0,40,3,16600,0,0,0,0
W01356,IT · Milan,IT,Milan,Sales,L2,Sales L2,F,Permanent,Hybrid,1.0,40,3,32750,0,3230,0,0
W01357,PL · Kraków,PL,Krakow,Customer Service,L2,Customer Service L2,M,Fixed-term,Remote,1.0,40,3,25200,0,0,0,0
W01358,IT · Milan,IT,Milan,Customer Service,L3,Customer Service L3,M,Permanent,Onsite,1.0,40,4,34550,2180,0,1320,0
W01359,PL · Kraków,PL,Krakow,Sales,L1,Sales L1,F,Permanent,Hybrid,1.0,40,3,21150,0,2120,0,0
W01361,IT · Milan,IT,Milan,Finance,L4,Finance L4,M,Permanent,Hybrid,1.0,40,4,54950,5500,0,0,0
W01362,IT · Milan,IT,Milan,Tech,L2,Tech L2,M,Permanent,Remote,1.0,40,3,39550,0,0,0,0
W01363,PL · Kraków,PL,Krakow,Operations,L3,Operations L3,F,Permanent,Onsite,1.0,40,2,29100,750,0,840,0
W01364,DE · Munich,DE,Munich,Operations,L2,Operations L2,F,Permanent,Remote,1.0,40,2,44450,0,0,0,0
W01365,PL · Kraków,PL,Krakow,Operations,L2,Operations L2,M,Permanent,Hybrid,1.0,40,3,28150,0,0,0,0
W01366,PL · Kraków,PL,Krakow,Customer Service,L5,Customer Service L5,M,Permanent,Remote,1.0,40,4,50350,7370,0,0,4200
W01367,IT · Milan,IT,Milan,Finance,L2,Finance L2,F,Permanent,Remote,1.0,40,2,33000,0,0,0,0
W01368,IT · Milan,IT,Milan,Customer Service,L1,Customer Service L1,M,Permanent,Remote,1.0,40,4,19550,0,0,0,0
W01369,PL · Kraków,PL,Krakow,Operations,L3,Operations L3,F,Permanent,Onsite,1.0,40,3,33150,1620,0,840,0
W01370,IT · Milan,IT,Milan,HR,L4,HR L4,M,Fixed-term,Hybrid,0.8,32,4,39880,4010,0,0,0
W01371,IT · Milan,IT,Milan,Sales,L2,Sales L2,F,Permanent,Onsite,0.8,32,3,23600,0,3270,0,0
W01372,PL · Kraków,PL,Krakow,Customer Service,L2,Customer Service L2,F,Permanent,Hybrid,1.0,40,3,19500,0,0,0,0
W01374,IT · Milan,IT,Milan,Tech,L2,Tech L2,F,Permanent,Onsite,1.0,40,1,37350,0,0,0,0
W01375,IT · Milan,IT,Milan,Tech,L3,Tech L3,F,Permanent,Hybrid,1.0,40,4,49450,2760,0,0,0
W01376,ES · Barcelona,ES,Barcelona,Sales,L1,Sales L1,F,Permanent,Hybrid,1.0,40,1,22350,0,1010,0,0
W01377,IT · Milan,IT,Milan,Operations,L1,Operations L1,F,Fixed-term,Hybrid,1.0,40,3,27600,0,0,0,0
W01378,IT · Milan,IT,Milan,Sales,L1,Sales L1,F,Permanent,Hybrid,1.0,40,2,23150,0,3070,0,0
W01379,PL · Kraków,PL,Krakow,HR,L3,HR L3,F,Fixed-term,Hybrid,1.0,40,2,29000,830,0,0,0
W01380,DE · Munich,DE,Munich,Sales,L1,Sales L1,M,Permanent,Remote,1.0,40,3,42900,0,4200,0,0
W01381,PL · Kraków,PL,Krakow,Customer Service,L3,Customer Service L3,F,Fixed-term,Onsite,1.0,40,3,30550,1550,0,840,0
W01382,DE · Munich,DE,Munich,Customer Service,L3,Customer Service L3,F,Permanent,Hybrid,1.0,40,1,57600,0,0,0,0
W01383,IT · Milan,IT,Milan,Operations,L4,Operations L4,F,Permanent,Onsite,1.0,40,3,50950,4140,0,0,0
W01385,DE · Munich,DE,Munich,Customer Service,L5,Customer Service L5,M,Fixed-term,Hybrid,1.0,40,4,92100,14170,0,0,7200
W01386,DE · Munich,DE,Munich,Operations,L2,Operations L2,F,Permanent,Hybrid,0.8,32,4,38640,0,0,0,0
W01387,IT · Milan,IT,Milan,Customer Service,L1,Customer Service L1,F,Permanent,Hybrid,1.0,40,4,21650,0,0,0,0
W01388,IT · Milan,IT,Milan,Customer Service,L1,Customer Service L1,F,Permanent,Remote,1.0,40,2,26350,0,0,0,0
W01389,DE · Munich,DE,Munich,Customer Service,L3,Customer Service L3,M,Permanent,Hybrid,1.0,40,3,55150,2890,0,0,0
W01391,PL · Kraków,PL,Krakow,Operations,L4,Operations L4,F,Permanent,Remote,1.0,40,3,42000,3410,0,0,0
W01392,DE · Munich,DE,Munich,Customer Service,L5,Customer Service L5,M,Permanent,Hybrid,1.0,40,3,93350,10600,0,0,7200
W01393,PL · Kraków,PL,Krakow,Customer Service,L4,Customer Service L4,F,Fixed-term,Hybrid,1.0,40,4,31450,3400,0,0,0
W01394,PL · Kraków,PL,Krakow,Operations,L1,Operations L1,M,Permanent,Hybrid,1.0,40,3,15300,0,0,0,0
W01395,PL · Kraków,PL,Krakow,HR,L3,HR L3,M,Permanent,Onsite,1.0,40,3,33500,1820,0,0,0
W01396,ES · Barcelona,ES,Barcelona,Customer Service,L1,Customer Service L1,F,Fixed-term,Hybrid,1.0,40,4,17850,0,0,0,0
W01397,DE · Munich,DE,Munich,Customer Service,L1,Customer Service L1,M,Permanent,Hybrid,1.0,40,4,39950,0,0,0,0
W01398,PL · Kraków,PL,Krakow,Operations,L2,Operations L2,M,Fixed-term,Onsite,1.0,40,3,29200,0,0,840,0
W01399,ES · Barcelona,ES,Barcelona,Operations,L2,Operations L2,M,Permanent,Hybrid,1.0,40,3,29900,0,0,0,0
W01400,DE · Munich,DE,Munich,Finance,L2,Finance L2,F,Permanent,Hybrid,1.0,40,2,54850,0,0,0,0
W01401,IT · Milan,IT,Milan,Tech,L1,Tech L1,M,Fixed-term,Hybrid,1.0,40,2,25100,0,0,0,0
W01403,PL · Kraków,PL,Krakow,HR,L3,HR L3,M,Permanent,Onsite,1.0,40,3,31550,1460,0,0,0
W01404,PL · Kraków,PL,Krakow,Customer Service,L3,Customer Service L3,F,Permanent,Onsite,1.0,40,4,34550,2170,0,840,0
W01405,IT · Milan,IT,Milan,Tech,L1,Tech L1,M,Permanent,Remote,0.8,32,3,26680,0,0,0,0
W01406,PL · Kraków,PL,Krakow,Finance,L2,Finance L2,M,Permanent,Onsite,1.0,40,3,27150,0,0,0,0
W01407,PL · Kraków,PL,Krakow,Sales,L1,Sales L1,F,Permanent,Remote,0.8,32,4,16560,0,2400,0,0
W01408,DE · Munich,DE,Munich,Customer Service,L1,Customer Service L1,M,Permanent,Hybrid,1.0,40,2,31250,0,0,0,0
W01409,PL · Kraków,PL,Krakow,Customer Service,L3,Customer Service L3,F,Permanent,Onsite,0.8,32,3,22280,1130,0,672,0
W01410,ES · Barcelona,ES,Barcelona,Finance,L3,Finance L3,F,Fixed-term,Hybrid,1.0,40,2,43700,1140,0,0,0
W01411,IT · Milan,IT,Milan,Customer Service,L2,Customer Service L2,F,Permanent,Hybrid,1.0,40,3,32450,0,0,0,0
W01412,DE · Munich,DE,Munich,HR,L3,HR L3,M,Permanent,Hybrid,1.0,40,3,62900,3130,0,0,0
W01413,ES · Barcelona,ES,Barcelona,Operations,L2,Operations L2,F,Permanent,Hybrid,1.0,40,3,28350,0,0,0,0
W01414,IT · Milan,IT,Milan,Customer Service,L3,Customer Service L3,F,Permanent,Onsite,1.0,40,3,39500,1800,0,1320,0
W01415,DE · Munich,DE,Munich,Operations,L2,Operations L2,F,Permanent,Onsite,1.0,40,3,38200,0,0,1800,0
W01416,DE · Munich,DE,Munich,Operations,L3,Operations L3,M,Fixed-term,Hybrid,1.0,40,3,49650,2430,0,0,0
W01417,IT · Milan,IT,Milan,Customer Service,L2,Customer Service L2,M,Fixed-term,Hybrid,1.0,40,2,30150,0,0,0,0
W01418,ES · Barcelona,ES,Barcelona,Operations,L2,Operations L2,M,Permanent,Hybrid,1.0,40,1,29350,0,0,0,0
W01419,ES · Barcelona,ES,Barcelona,Customer Service,L3,Customer Service L3,M,Permanent,Onsite,1.0,40,4,39050,2370,0,1200,0
W01420,IT · Milan,IT,Milan,Customer Service,L2,Customer Service L2,M,Permanent,Hybrid,1.0,40,3,28100,0,0,0,0
W01421,IT · Milan,IT,Milan,Finance,L2,Finance L2,F,Fixed-term,Onsite,1.0,40,3,40100,0,0,0,0
W01422,IT · Milan,IT,Milan,Tech,L2,Tech L2,F,Fixed-term,Remote,1.0,40,3,39750,0,0,0,0
W01423,PL · Kraków,PL,Krakow,Customer Service,L6,Customer Service L6,F,Permanent,Hybrid,1.0,40,3,69750,13560,0,0,4200
W01425,IT · Milan,IT,Milan,Tech,L1,Tech L1,F,Permanent,Remote,1.0,40,3,30850,0,0,0,0
W01426,DE · Munich,DE,Munich,Customer Service,L3,Customer Service L3,M,Fixed-term,Onsite,1.0,40,3,63400,3420,0,1800,0
W01427,PL · Kraków,PL,Krakow,Customer Service,L3,Customer Service L3,M,Fixed-term,Remote,1.0,40,3,31000,1490,0,0,0
W01428,DE · Munich,DE,Munich,Finance,L4,Finance L4,M,Permanent,Hybrid,1.0,40,3,89800,7600,0,0,0
W01429,DE · Munich,DE,Munich,Tech,L2,Tech L2,F,Permanent,Onsite,1.0,40,3,53050,0,0,0,0
W01430,PL · Kraków,PL,Krakow,Sales,L2,Sales L2,F,Permanent,Onsite,1.0,40,4,23350,0,3780,0,0
W01431,IT · Milan,IT,Milan,Customer Service,L5,Customer Service L5,M,Permanent,Remote,1.0,40,2,75750,4420,0,0,6000
W01432,IT · Milan,IT,Milan,Tech,L2,Tech L2,M,Permanent,Hybrid,1.0,40,3,40650,0,0,0,0
W01433,IT · Milan,IT,Milan,HR,L4,HR L4,F,Permanent,Onsite,1.0,40,3,63900,4750,0,0,0
W01434,DE · Munich,DE,Munich,Operations,L1,Operations L1,F,Permanent,Onsite,1.0,40,3,38600,0,0,1800,0
W01435,DE · Munich,DE,Munich,HR,L3,HR L3,M,Permanent,Onsite,1.0,40,3,54300,2810,0,0,0
W01436,IT · Milan,IT,Milan,Tech,L1,Tech L1,F,Permanent,Hybrid,0.8,32,3,26880,0,0,0,0
W01437,DE · Munich,DE,Munich,Sales,L1,Sales L1,M,Permanent,Hybrid,1.0,40,3,44650,0,6560,0,0
W01438,IT · Milan,IT,Milan,Customer Service,L2,Customer Service L2,M,Permanent,Remote,1.0,40,1,28550,0,0,0,0
W01439,IT · Milan,IT,Milan,Customer Service,L3,Customer Service L3,F,Permanent,Hybrid,1.0,40,4,38400,2230,0,0,0
W01440,PL · Kraków,PL,Krakow,Operations,L2,Operations L2,M,Fixed-term,Hybrid,1.0,40,3,27700,0,0,0,0
W01441,IT · Milan,IT,Milan,Operations,L4,Operations L4,M,Permanent,Hybrid,1.0,40,3,52950,4300,0,0,0
W01442,PL · Kraków,PL,Krakow,Operations,L2,Operations L2,M,Fixed-term,Remote,1.0,40,4,23000,0,0,0,0
W01443,ES · Barcelona,ES,Barcelona,Customer Service,L2,Customer Service L2,M,Permanent,Onsite,1.0,40,3,31750,0,0,1200,0
W01444,DE · Munich,DE,Munich,Operations,L3,Operations L3,F,Permanent,Onsite,1.0,40,1,70600,0,0,1800,0
W01445,ES · Barcelona,ES,Barcelona,Tech,L4,Tech L4,M,Permanent,Remote,1.0,40,3,70350,5180,0,0,0
W01446,ES · Barcelona,ES,Barcelona,Sales,L1,Sales L1,M,Permanent,Hybrid,1.0,40,4,28950,0,4510,0,0
W01447,PL · Kraków,PL,Krakow,Sales,L2,Sales L2,F,Permanent,Hybrid,1.0,40,2,26850,0,2890,0,0
W01448,PL · Kraków,PL,Krakow,Customer Service,L4,Customer Service L4,M,Permanent,Onsite,1.0,40,2,41150,1640,0,0,0
W01449,ES · Barcelona,ES,Barcelona,Sales,L1,Sales L1,F,Permanent,Hybrid,1.0,40,5,22800,0,2160,0,0
W01450,IT · Milan,IT,Milan,Sales,L3,Sales L3,F,Fixed-term,Hybrid,1.0,40,2,41000,980,5230,0,0
W01451,DE · Munich,DE,Munich,Operations,L4,Operations L4,M,Permanent,Hybrid,1.0,40,3,78350,6030,0,0,0
W01452,PL · Kraków,PL,Krakow,Finance,L2,Finance L2,F,Permanent,Hybrid,1.0,40,2,24900,0,0,0,0
W01453,IT · Milan,IT,Milan,Tech,L2,Tech L2,F,Permanent,Onsite,1.0,40,4,35600,0,0,0,0
W01454,PL · Kraków,PL,Krakow,Operations,L1,Operations L1,F,Permanent,Hybrid,1.0,40,4,17400,0,0,0,0
W01455,ES · Barcelona,ES,Barcelona,Sales,L4,Sales L4,F,Permanent,Onsite,1.0,40,3,58850,4060,4760,0,0
W01456,PL · Kraków,PL,Krakow,Sales,L4,Sales L4,M,Permanent,Hybrid,1.0,40,3,38000,3240,5400,0,0
W01457,DE · Munich,DE,Munich,Operations,L3,Operations L3,F,Permanent,Hybrid,1.0,40,3,50850,2310,0,0,0
W01458,PL · Kraków,PL,Krakow,Operations,L3,Operations L3,F,Fixed-term,Remote,1.0,40,4,32900,1940,0,0,0
W01459,ES · Barcelona,ES,Barcelona,Customer Service,L1,Customer Service L1,F,Permanent,Onsite,1.0,40,4,22900,0,0,1200,0
W01460,ES · Barcelona,ES,Barcelona,Finance,L1,Finance L1,F,Permanent,Hybrid,1.0,40,2,28900,0,0,0,0
W01461,PL · Kraków,PL,Krakow,Operations,L4,Operations L4,M,Fixed-term,Hybrid,1.0,40,3,43000,3320,0,0,0
W01462,DE · Munich,DE,Munich,Operations,L5,Operations L5,M,Permanent,Onsite,1.0,40,3,108700,14060,0,0,7200
W01463,ES · Barcelona,ES,Barcelona,HR,L2,HR L2,F,Permanent,Onsite,1.0,40,3,31300,0,0,0,0
W01465,DE · Munich,DE,Munich,Customer Service,L3,Customer Service L3,F,Permanent,Hybrid,1.0,40,3,60000,2980,0,0,0
W01466,DE · Munich,DE,Munich,Operations,L4,Operations L4,M,Permanent,Hybrid,1.0,40,5,80100,10220,0,0,0
W01467,DE · Munich,DE,Munich,Operations,L2,Operations L2,M,Permanent,Onsite,1.0,40,3,46200,0,0,1800,0
W01468,PL · Kraków,PL,Krakow,Operations,L1,Operations L1,F,Permanent,Remote,1.0,40,3,18750,0,0,0,0
W01470,PL · Kraków,PL,Krakow,Operations,L1,Operations L1,F,Permanent,Hybrid,1.0,40,4,20250,0,0,0,0
W01471,IT · Milan,IT,Milan,Tech,L1,Tech L1,F,Permanent,Hybrid,1.0,40,3,28150,0,0,0,0
W01472,IT · Milan,IT,Milan,Customer Service,L3,Customer Service L3,F,Permanent,Hybrid,1.0,40,3,36000,1870,0,0,0
W01473,DE · Munich,DE,Munich,Customer Service,L2,Customer Service L2,F,Permanent,Onsite,1.0,40,2,46700,0,0,1800,0
W01474,PL · Kraków,PL,Krakow,HR,L1,HR L1,F,Permanent,Onsite,1.0,40,4,20000,0,0,0,0
W01476,IT · Milan,IT,Milan,Sales,L4,Sales L4,F,Permanent,Remote,1.0,40,4,65050,6570,6210,0,0
W01477,PL · Kraków,PL,Krakow,Operations,L3,Operations L3,M,Fixed-term,Hybrid,1.0,40,2,32800,770,0,0,0
W01478,DE · Munich,DE,Munich,Operations,L1,Operations L1,M,Permanent,Onsite,1.0,40,3,35500,0,0,1800,0
W01479,PL · Kraków,PL,Krakow,Tech,L3,Tech L3,M,Permanent,Hybrid,1.0,40,3,39750,1970,0,0,0
W01480,PL · Kraków,PL,Krakow,Customer Service,L5,Customer Service L5,M,Permanent,Hybrid,1.0,40,3,55250,6600,0,0,4200
W01481,IT · Milan,IT,Milan,Tech,L1,Tech L1,F,Permanent,Hybrid,1.0,40,3,28250,0,0,0,0
W01483,PL · Kraków,PL,Krakow,Tech,L2,Tech L2,F,Permanent,Remote,1.0,40,3,26150,0,0,0,0
W01484,IT · Milan,IT,Milan,Customer Service,L3,Customer Service L3,F,Permanent,Onsite,1.0,40,4,40800,2450,0,1320,0
W01485,IT · Milan,IT,Milan,Tech,L3,Tech L3,M,Permanent,Hybrid,1.0,40,2,53500,1290,0,0,0
W01486,IT · Milan,IT,Milan,Sales,L2,Sales L2,F,Permanent,Onsite,1.0,40,4,40300,0,3990,0,0
W01487,ES · Barcelona,ES,Barcelona,Tech,L1,Tech L1,F,Permanent,Hybrid,1.0,40,4,29700,0,0,0,0
W01488,DE · Munich,DE,Munich,Sales,L2,Sales L2,F,Permanent,Onsite,1.0,40,3,42200,0,3430,0,0
W01489,IT · Milan,IT,Milan,Customer Service,L1,Customer Service L1,F,Permanent,Onsite,1.0,40,3,26900,0,0,1320,0
W01490,DE · Munich,DE,Munich,HR,L3,HR L3,F,Permanent,Onsite,1.0,40,3,57050,2840,0,0,0
W01492,DE · Munich,DE,Munich,Customer Service,L4,Customer Service L4,F,Permanent,Remote,1.0,40,3,77800,5480,0,0,0
W01493,ES · Barcelona,ES,Barcelona,Sales,L2,Sales L2,F,Fixed-term,Hybrid,1.0,40,3,30900,0,2990,0,0
W01494,IT · Milan,IT,Milan,Customer Service,L4,Customer Service L4,F,Permanent,Hybrid,1.0,40,3,50500,3900,0,0,0
W01495,PL · Kraków,PL,Krakow,Finance,L2,Finance L2,F,Permanent,Remote,1.0,40,5,30900,0,0,0,0
W01496,PL · Kraków,PL,Krakow,HR,L1,HR L1,F,Permanent,Hybrid,0.8,32,3,17200,0,0,0,0
W01497,IT · Milan,IT,Milan,Customer Service,L2,Customer Service L2,M,Permanent,Onsite,1.0,40,3,29600,0,0,1320,0
W01498,ES · Barcelona,ES,Barcelona,Operations,L1,Operations L1,M,Permanent,Hybrid,1.0,40,1,24300,0,0,0,0
W01499,IT · Milan,IT,Milan,Operations,L3,Operations L3,M,Permanent,Hybrid,1.0,40,4,44400,2650,0,0,0
W01500,PL · Kraków,PL,Krakow,Sales,L3,Sales L3,F,Fixed-term,Onsite,1.0,40,2,35800,880,5080,0,0
W01501,IT · Milan,IT,Milan,Sales,L5,Sales L5,F,Fixed-term,Hybrid,1.0,40,3,77650,10090,12430,0,6000
W01502,PL · Kraków,PL,Krakow,Sales,L3,Sales L3,F,Permanent,Remote,1.0,40,4,35150,2050,4760,0,0
W01503,PL · Kraków,PL,Krakow,Finance,L3,Finance L3,F,Permanent,Onsite,1.0,40,3,35850,1750,0,0,0
W01504,DE · Munich,DE,Munich,Operations,L5,Operations L5,F,Permanent,Hybrid,1.0,40,3,111650,12890,0,0,7200
W01505,PL · Kraków,PL,Krakow,Sales,L1,Sales L1,F,Permanent,Hybrid,1.0,40,3,22650,0,2290,0,0
W01506,ES · Barcelona,ES,Barcelona,Customer Service,L1,Customer Service L1,M,Permanent,Remote,1.0,40,3,27400,0,0,0,0
W01507,PL · Kraków,PL,Krakow,Operations,L5,Operations L5,M,Fixed-term,Onsite,1.0,40,4,46900,6980,0,0,4200
W01508,PL · Kraków,PL,Krakow,HR,L4,HR L4,F,Permanent,Remote,1.0,40,4,43950,4490,0,0,0
W01510,PL · Kraków,PL,Krakow,Customer Service,L2,Customer Service L2,F,Permanent,Hybrid,1.0,40,3,22050,0,0,0,0
W01511,PL · Kraków,PL,Krakow,Operations,L4,Operations L4,M,Fixed-term,Onsite,1.0,40,3,38750,2770,0,0,0
W01512,DE · Munich,DE,Munich,Tech,L3,Tech L3,F,Fixed-term,Hybrid,1.0,40,3,88150,4260,0,0,0
W01513,IT · Milan,IT,Milan,Customer Service,L4,Customer Service L4,M,Permanent,Onsite,0.8,32,3,40520,3350,0,0,0
W01514,ES · Barcelona,ES,Barcelona,HR,L1,HR L1,M,Permanent,Hybrid,1.0,40,3,28450,0,0,0,0
W01516,PL · Kraków,PL,Krakow,Tech,L5,Tech L5,M,Permanent,Hybrid,1.0,40,3,78950,9340,0,0,4200
W01517,IT · Milan,IT,Milan,Finance,L3,Finance L3,F,Permanent,Hybrid,1.0,40,2,35800,830,0,0,0
W01518,PL · Kraków,PL,Krakow,Tech,L4,Tech L4,F,Permanent,Remote,1.0,40,3,48400,4340,0,0,0
W01519,PL · Kraków,PL,Krakow,Operations,L4,Operations L4,M,Permanent,Hybrid,1.0,40,4,48600,4870,0,0,0
W01521,IT · Milan,IT,Milan,Customer Service,L2,Customer Service L2,M,Permanent,Hybrid,1.0,40,2,27800,0,0,0,0
W01522,IT · Milan,IT,Milan,HR,L1,HR L1,F,Fixed-term,Hybrid,1.0,40,3,20250,0,0,0,0
W01523,ES · Barcelona,ES,Barcelona,Customer Service,L2,Customer Service L2,M,Permanent,Onsite,1.0,40,3,29850,0,0,1200,0
W01524,IT · Milan,IT,Milan,Operations,L1,Operations L1,M,Permanent,Hybrid,0.8,32,3,20960,0,0,0,0
W01525,PL · Kraków,PL,Krakow,Finance,L5,Finance L5,F,Permanent,Hybrid,1.0,40,3,57150,6770,0,0,4200
W01526,ES · Barcelona,ES,Barcelona,Tech,L5,Tech L5,M,Permanent,Hybrid,1.0,40,2,98450,5550,0,0,5400
W01527,IT · Milan,IT,Milan,Sales,L4,Sales L4,F,Permanent,Hybrid,1.0,40,4,59400,6210,5840,0,0
W01528,ES · Barcelona,ES,Barcelona,Finance,L2,Finance L2,F,Permanent,Remote,1.0,40,3,31750,0,0,0,0
W01529,DE · Munich,DE,Munich,Customer Service,L3,Customer Service L3,M,Permanent,Hybrid,1.0,40,3,53300,2520,0,0,0
W01530,IT · Milan,IT,Milan,Sales,L3,Sales L3,M,Permanent,Onsite,1.0,40,2,40100,1020,5980,0,0
W01531,PL · Kraków,PL,Krakow,Operations,L2,Operations L2,F,Permanent,Hybrid,1.0,40,2,25200,0,0,0,0
W01532,DE · Munich,DE,Munich,Sales,L1,Sales L1,M,Permanent,Remote,1.0,40,4,43250,0,5240,0,0
W01534,IT · Milan,IT,Milan,Tech,L2,Tech L2,M,Permanent,Remote,1.0,40,5,36550,0,0,0,0
W01535,IT · Milan,IT,Milan,Tech,L2,Tech L2,M,Permanent,Remote,1.0,40,1,37450,0,0,0,0
W01536,IT · Milan,IT,Milan,Tech,L2,Tech L2,M,Fixed-term,Onsite,1.0,40,3,37750,0,0,0,0
W01538,IT · Milan,IT,Milan,Sales,L2,Sales L2,F,Permanent,Hybrid,1.0,40,2,35700,0,4320,0,0
W01539,ES · Barcelona,ES,Barcelona,Sales,L1,Sales L1,M,Permanent,Hybrid,1.0,40,3,24900,0,3970,0,0
W01540,ES · Barcelona,ES,Barcelona,Operations,L1,Operations L1,M,Permanent,Onsite,1.0,40,3,22350,0,0,1200,0
W01541,IT · Milan,IT,Milan,Operations,L4,Operations L4,M,Permanent,Hybrid,1.0,40,3,50700,4020,0,0,0
W01542,DE · Munich,DE,Munich,Customer Service,L2,Customer Service L2,M,Permanent,Hybrid,1.0,40,4,46100,0,0,0,0
W01543,ES · Barcelona,ES,Barcelona,Customer Service,L2,Customer Service L2,M,Fixed-term,Hybrid,1.0,40,2,26600,0,0,0,0
W01544,IT · Milan,IT,Milan,Operations,L2,Operations L2,M,Fixed-term,Onsite,1.0,40,3,27500,0,0,1320,0
W01545,DE · Munich,DE,Munich,Customer Service,L2,Customer Service L2,M,Permanent,Hybrid,0.8,32,3,32920,0,0,0,0
W01547,PL · Kraków,PL,Krakow,Operations,L1,Operations L1,M,Permanent,Hybrid,1.0,40,3,20550,0,0,0,0
W01548,DE · Munich,DE,Munich,Finance,L4,Finance L4,M,Permanent,Remote,1.0,40,4,84100,6960,0,0,0
W01549,DE · Munich,DE,Munich,Customer Service,L1,Customer Service L1,F,Permanent,Onsite,1.0,40,4,33300,0,0,1800,0
W01550,PL · Kraków,PL,Krakow,Customer Service,L1,Customer Service L1,F,Permanent,Hybrid,1.0,40,5,19200,0,0,0,0
W01551,IT · Milan,IT,Milan,Tech,L3,Tech L3,F,Permanent,Hybrid,1.0,40,4,56650,3640,0,0,0
W01552,PL · Kraków,PL,Krakow,Finance,L4,Finance L4,M,Permanent,Hybrid,1.0,40,3,56150,4320,0,0,0
W01553,DE · Munich,DE,Munich,Operations,L5,Operations L5,M,Permanent,Hybrid,1.0,40,4,102050,15350,0,0,7200
W01554,ES · Barcelona,ES,Barcelona,Tech,L4,Tech L4,M,Fixed-term,Hybrid,1.0,40,3,65700,5370,0,0,0
W01555,DE · Munich,DE,Munich,Tech,L2,Tech L2,F,Permanent,Hybrid,0.8,32,4,43200,0,0,0,0
W01556,IT · Milan,IT,Milan,Customer Service,L4,Customer Service L4,M,Permanent,Hybrid,1.0,40,3,42100,3200,0,0,0
W01557,DE · Munich,DE,Munich,Customer Service,L4,Customer Service L4,F,Fixed-term,Onsite,1.0,40,3,66100,5140,0,0,0
W01558,DE · Munich,DE,Munich,Customer Service,L1,Customer Service L1,M,Permanent,Hybrid,0.8,32,3,29440,0,0,0,0
W01559,PL · Kraków,PL,Krakow,Customer Service,L2,Customer Service L2,F,Permanent,Remote,1.0,40,3,23400,0,0,0,0
W01560,IT · Milan,IT,Milan,Operations,L2,Operations L2,M,Permanent,Hybrid,1.0,40,3,31200,0,0,0,0
W01561,PL · Kraków,PL,Krakow,HR,L1,HR L1,F,Permanent,Remote,1.0,40,3,21250,0,0,0,0
W01562,PL · Kraków,PL,Krakow,Sales,L1,Sales L1,F,Permanent,Hybrid,1.0,40,4,18100,0,1350,0,0
W01563,PL · Kraków,PL,Krakow,Sales,L2,Sales L2,F,Fixed-term,Onsite,1.0,40,4,24450,0,3670,0,0
W01564,IT · Milan,IT,Milan,Operations,L1,Operations L1,F,Permanent,Hybrid,1.0,40,2,26350,0,0,0,0
W01566,DE · Munich,DE,Munich,Customer Service,L2,Customer Service L2,F,Fixed-term,Hybrid,1.0,40,4,43200,0,0,0,0
W01567,IT · Milan,IT,Milan,Customer Service,L2,Customer Service L2,F,Permanent,Hybrid,1.0,40,2,30200,0,0,0,0
W01568,PL · Kraków,PL,Krakow,Operations,L2,Operations L2,M,Permanent,Hybrid,1.0,40,4,23550,0,0,0,0
W01570,IT · Milan,IT,Milan,Customer Service,L3,Customer Service L3,M,Permanent,Hybrid,1.0,40,3,33800,1630,0,0,0
W01571,DE · Munich,DE,Munich,Customer Service,L1,Customer Service L1,F,Permanent,Remote,1.0,40,3,37450,0,0,0,0
W01572,IT · Milan,IT,Milan,Customer Service,L1,Customer Service L1,M,Permanent,Remote,1.0,40,3,23750,0,0,0,0
W01573,DE · Munich,DE,Munich,Operations,L2,Operations L2,F,Permanent,Hybrid,1.0,40,3,36750,0,0,0,0
W01575,PL · Kraków,PL,Krakow,Tech,L5,Tech L5,M,Fixed-term,Hybrid,1.0,40,3,89000,11280,0,0,4200
W01576,IT · Milan,IT,Milan,Customer Service,L3,Customer Service L3,F,Permanent,Remote,1.0,40,5,40500,3010,0,0,0
W01577,DE · Munich,DE,Munich,Customer Service,L1,Customer Service L1,F,Permanent,Remote,1.0,40,3,33600,0,0,0,0
W01578,IT · Milan,IT,Milan,Customer Service,L1,Customer Service L1,M,Permanent,Hybrid,1.0,40,3,24000,0,0,0,0
W01579,IT · Milan,IT,Milan,Customer Service,L6,Customer Service L6,F,Permanent,Remote,1.0,40,1,88450,0,0,0,6000
W01580,ES · Barcelona,ES,Barcelona,Sales,L2,Sales L2,M,Permanent,Remote,1.0,40,2,32700,0,4670,0,0
W01581,IT · Milan,IT,Milan,Customer Service,L1,Customer Service L1,F,Fixed-term,Onsite,1.0,40,3,18600,0,0,1320,0
W01583,PL · Kraków,PL,Krakow,Operations,L3,Operations L3,M,Fixed-term,Remote,1.0,40,3,30200,1580,0,0,0
W01584,PL · Kraków,PL,Krakow,HR,L2,HR L2,F,Permanent,Onsite,1.0,40,3,29200,0,0,0,0
W01585,IT · Milan,IT,Milan,Finance,L3,Finance L3,F,Permanent,Remote,1.0,40,1,46000,0,0,0,0
W01586,DE · Munich,DE,Munich,Operations,L4,Operations L4,F,Permanent,Remote,0.8,32,1,64880,0,0,0,0
W01587,IT · Milan,IT,Milan,Customer Service,L5,Customer Service L5,M,Permanent,Hybrid,1.0,40,5,72700,13010,0,0,6000
W01588,ES · Barcelona,ES,Barcelona,Finance,L1,Finance L1,M,Permanent,Onsite,1.0,40,3,25550,0,0,0,0
W01589,ES · Barcelona,ES,Barcelona,Operations,L1,Operations L1,M,Fixed-term,Hybrid,1.0,40,4,21900,0,0,0,0
W01590,IT · Milan,IT,Milan,Customer Service,L6,Customer Service L6,M,Permanent,Hybrid,1.0,40,3,99600,19890,0,0,6000
W01592,DE · Munich,DE,Munich,Sales,L3,Sales L3,M,Permanent,Remote,1.0,40,4,59300,3750,6840,0,0
W01593,PL · Kraków,PL,Krakow,Operations,L4,Operations L4,M,Permanent,Remote,1.0,40,3,46900,3660,0,0,0
W01595,DE · Munich,DE,Munich,Operations,L4,Operations L4,M,Permanent,Onsite,1.0,40,3,80350,6640,0,0,0
W01596,ES · Barcelona,ES,Barcelona,HR,L2,HR L2,F,Fixed-term,Onsite,1.0,40,5,26850,0,0,0,0
W01597,ES · Barcelona,ES,Barcelona,Tech,L3,Tech L3,F,Permanent,Onsite,1.0,40,2,48050,1240,0,0,0
W01598,ES · Barcelona,ES,Barcelona,Operations,L1,Operations L1,F,Permanent,Onsite,1.0,40,3,22050,0,0,1200,0
W01599,ES · Barcelona,ES,Barcelona,Customer Service,L5,Customer Service L5,M,Permanent,Remote,1.0,40,1,64750,0,0,0,5400
W01600,IT · Milan,IT,Milan,Tech,L1,Tech L1,F,Permanent,Onsite,0.8,32,2,27720,0,0,0,0
W01602,DE · Munich,DE,Munich,Sales,L3,Sales L3,F,Permanent,Hybrid,1.0,40,4,73250,4740,7290,0,0
W01603,DE · Munich,DE,Munich,Tech,L4,Tech L4,M,Permanent,Onsite,1.0,40,2,100300,4110,0,0,0
W01604,DE · Munich,DE,Munich,Sales,L3,Sales L3,M,Permanent,Hybrid,0.8,32,3,50000,2440,6150,0,0
W01605,PL · Kraków,PL,Krakow,Customer Service,L3,Customer Service L3,M,Permanent,Hybrid,1.0,40,3,31350,1560,0,0,0
W01606,DE · Munich,DE,Munich,HR,L2,HR L2,F,Permanent,Hybrid,0.8,32,2,42600,0,0,0,0
W01607,PL · Kraków,PL,Krakow,Tech,L6,Tech L6,M,Permanent,Remote,1.0,40,3,103250,20050,0,0,4200
W01608,DE · Munich,DE,Munich,Customer Service,L5,Customer Service L5,M,Permanent,Onsite,1.0,40,3,110500,12540,0,0,7200
W01609,ES · Barcelona,ES,Barcelona,Customer Service,L4,Customer Service L4,F,Permanent,Hybrid,1.0,40,3,43100,3120,0,0,0
W01610,IT · Milan,IT,Milan,HR,L2,HR L2,M,Permanent,Hybrid,1.0,40,3,33150,0,0,0,0
W01611,IT · Milan,IT,Milan,Operations,L3,Operations L3,M,Fixed-term,Onsite,1.0,40,2,35100,790,0,1320,0
W01612,DE · Munich,DE,Munich,HR,L3,HR L3,M,Permanent,Onsite,1.0,40,3,55350,2680,0,0,0
W01613,PL · Kraków,PL,Krakow,Sales,L1,Sales L1,F,Permanent,Hybrid,1.0,40,2,22450,0,2430,0,0
W01614,PL · Kraków,PL,Krakow,Tech,L4,Tech L4,M,Permanent,Hybrid,1.0,40,3,52650,4350,0,0,0
W01615,PL · Kraków,PL,Krakow,Sales,L5,Sales L5,M,Permanent,Onsite,0.8,32,3,49320,5910,8200,0,4200
W01616,IT · Milan,IT,Milan,Customer Service,L3,Customer Service L3,M,Permanent,Remote,1.0,40,3,40950,2140,0,0,0
W01617,PL · Kraków,PL,Krakow,Finance,L3,Finance L3,F,Permanent,Onsite,1.0,40,4,40650,2320,0,0,0
W01618,PL · Kraków,PL,Krakow,HR,L2,HR L2,M,Permanent,Hybrid,1.0,40,3,23750,0,0,0,0
W01619,DE · Munich,DE,Munich,Sales,L1,Sales L1,F,Permanent,Remote,1.0,40,3,39100,0,4370,0,0
W01620,ES · Barcelona,ES,Barcelona,Tech,L1,Tech L1,M,Permanent,Onsite,1.0,40,3,33150,0,0,0,0
W01622,IT · Milan,IT,Milan,Tech,L1,Tech L1,F,Permanent,Onsite,1.0,40,3,31200,0,0,0,0
W01623,IT · Milan,IT,Milan,Customer Service,L1,Customer Service L1,F,Permanent,Hybrid,1.0,40,3,19450,0,0,0,0
W01624,PL · Kraków,PL,Krakow,Operations,L3,Operations L3,M,Fixed-term,Remote,1.0,40,3,33800,1690,0,0,0
W01625,PL · Kraków,PL,Krakow,Operations,L3,Operations L3,M,Permanent,Hybrid,1.0,40,3,33850,1760,0,0,0
W01626,ES · Barcelona,ES,Barcelona,Customer Service,L3,Customer Service L3,F,Permanent,Hybrid,1.0,40,3,42000,1860,0,0,0
W01627,IT · Milan,IT,Milan,HR,L4,HR L4,M,Permanent,Hybrid,1.0,40,3,55750,4540,0,0,0
W01628,IT · Milan,IT,Milan,Operations,L1,Operations L1,F,Permanent,Hybrid,1.0,40,2,23600,0,0,0,0
W01629,DE · Munich,DE,Munich,Tech,L3,Tech L3,M,Permanent,Hybrid,1.0,40,4,76300,4790,0,0,0
W01631,DE · Munich,DE,Munich,Operations,L3,Operations L3,M,Permanent,Hybrid,1.0,40,3,58800,2930,0,0,0
W01632,PL · Kraków,PL,Krakow,Finance,L2,Finance L2,M,Fixed-term,Onsite,1.0,40,3,27650,0,0,0,0
W01633,PL · Kraków,PL,Krakow,Tech,L2,Tech L2,F,Permanent,Hybrid,1.0,40,3,32100,0,0,0,0
W01634,PL · Kraków,PL,Krakow,Customer Service,L2,Customer Service L2,M,Permanent,Hybrid,1.0,40,3,21500,0,0,0,0
W01635,PL · Kraków,PL,Krakow,Operations,L3,Operations L3,F,Permanent,Hybrid,1.0,40,3,31550,1590,0,0,0
W01636,IT · Milan,IT,Milan,Customer Service,L3,Customer Service L3,F,Permanent,Hybrid,1.0,40,3,43750,2230,0,0,0
W01637,ES · Barcelona,ES,Barcelona,Customer Service,L1,Customer Service L1,F,Permanent,Hybrid,1.0,40,3,23100,0,0,0,0
W01638,PL · Kraków,PL,Krakow,Sales,L3,Sales L3,F,Fixed-term,Remote,1.0,40,1,35450,0,6650,0,0
W01639,PL · Kraków,PL,Krakow,Operations,L3,Operations L3,F,Permanent,Onsite,1.0,40,1,32400,0,0,840,0
W01640,PL · Kraków,PL,Krakow,Tech,L3,Tech L3,F,Permanent,Hybrid,1.0,40,4,44600,2520,0,0,0
W01641,PL · Kraków,PL,Krakow,Tech,L3,Tech L3,M,Permanent,Hybrid,1.0,40,4,46500,2800,0,0,0
W01643,PL · Kraków,PL,Krakow,Operations,L3,Operations L3,M,Permanent,Hybrid,1.0,40,3,32350,1760,0,0,0
W01644,DE · Munich,DE,Munich,Operations,L1,Operations L1,M,Permanent,Hybrid,1.0,40,3,35600,0,0,0,0
W01645,IT · Milan,IT,Milan,Customer Service,L3,Customer Service L3,F,Permanent,Remote,1.0,40,3,37150,2010,0,0,0
W01648,PL · Kraków,PL,Krakow,Tech,L3,Tech L3,M,Permanent,Onsite,1.0,40,5,46650,3890,0,0,0
W01649,PL · Kraków,PL,Krakow,Operations,L2,Operations L2,M,Permanent,Hybrid,1.0,40,5,26250,0,0,0,0
W01650,IT · Milan,IT,Milan,Operations,L4,Operations L4,M,Permanent,Onsite,1.0,40,5,44250,5300,0,0,0
W01651,PL · Kraków,PL,Krakow,Sales,L2,Sales L2,M,Permanent,Remote,1.0,40,4,31600,0,4230,0,0
W01652,DE · Munich,DE,Munich,Operations,L5,Operations L5,F,Fixed-term,Hybrid,0.8,32,3,93400,10740,0,0,7200
W01653,PL · Kraków,PL,Krakow,Customer Service,L2,Customer Service L2,F,Permanent,Remote,1.0,40,4,22850,0,0,0,0
W01654,IT · Milan,IT,Milan,Customer Service,L4,Customer Service L4,F,Permanent,Remote,1.0,40,3,42900,3160,0,0,0
W01655,IT · Milan,IT,Milan,Sales,L2,Sales L2,M,Permanent,Onsite,1.0,40,3,37000,0,7050,0,0
W01656,IT · Milan,IT,Milan,Customer Service,L3,Customer Service L3,M,Fixed-term,Onsite,1.0,40,3,35300,1900,0,1320,0
W01657,IT · Milan,IT,Milan,Finance,L2,Finance L2,F,Permanent,Onsite,1.0,40,3,29350,0,0,0,0
W01658,ES · Barcelona,ES,Barcelona,Operations,L6,Operations L6,F,Permanent,Onsite,0.8,32,2,88120,8350,0,0,5400
W01659,IT · Milan,IT,Milan,Customer Service,L6,Customer Service L6,M,Permanent,Onsite,1.0,40,3,96150,19010,0,0,6000
W01660,PL · Kraków,PL,Krakow,Operations,L1,Operations L1,M,Permanent,Hybrid,1.0,40,3,17600,0,0,0,0
W01662,PL · Kraków,PL,Krakow,Tech,L4,Tech L4,M,Permanent,Onsite,1.0,40,4,58850,5400,0,0,0
W01663,ES · Barcelona,ES,Barcelona,Operations,L2,Operations L2,M,Permanent,Remote,1.0,40,4,30150,0,0,0,0
W01664,IT · Milan,IT,Milan,Tech,L2,Tech L2,M,Fixed-term,Hybrid,1.0,40,3,40650,0,0,0,0
W01665,PL · Kraków,PL,Krakow,Customer Service,L2,Customer Service L2,M,Fixed-term,Onsite,1.0,40,2,22900,0,0,840,0
W01666,DE · Munich,DE,Munich,Customer Service,L1,Customer Service L1,F,Permanent,Hybrid,1.0,40,3,36150,0,0,0,0
W01667,IT · Milan,IT,Milan,Tech,L2,Tech L2,M,Permanent,Remote,1.0,40,5,43800,0,0,0,0
W01668,ES · Barcelona,ES,Barcelona,Customer Service,L2,Customer Service L2,M,Fixed-term,Hybrid,1.0,40,4,25150,0,0,0,0
W01670,IT · Milan,IT,Milan,Finance,L2,Finance L2,M,Permanent,Remote,0.8,32,4,26480,0,0,0,0
W01671,DE · Munich,DE,Munich,Operations,L4,Operations L4,F,Permanent,Hybrid,1.0,40,4,72800,7750,0,0,0
W01672,IT · Milan,IT,Milan,Customer Service,L1,Customer Service L1,M,Permanent,Onsite,1.0,40,1,22550,0,0,1320,0
W01674,IT · Milan,IT,Milan,Sales,L3,Sales L3,M,Permanent,Onsite,1.0,40,4,45150,2910,7360,0,0
W01675,PL · Kraków,PL,Krakow,HR,L1,HR L1,F,Permanent,Onsite,1.0,40,3,21000,0,0,0,0
W01676,IT · Milan,IT,Milan,Tech,L3,Tech L3,M,Permanent,Hybrid,1.0,40,3,57350,2500,0,0,0
W01677,IT · Milan,IT,Milan,Operations,L5,Operations L5,M,Fixed-term,Hybrid,1.0,40,3,66050,8640,0,0,6000
W01678,ES · Barcelona,ES,Barcelona,Customer Service,L3,Customer Service L3,M,Fixed-term,Hybrid,1.0,40,3,29300,1450,0,0,0
W01679,PL · Kraków,PL,Krakow,Sales,L1,Sales L1,M,Permanent,Remote,1.0,40,3,21400,0,2700,0,0
W01681,IT · Milan,IT,Milan,Finance,L4,Finance L4,M,Permanent,Hybrid,1.0,40,3,60000,4790,0,0,0
W01682,ES · Barcelona,ES,Barcelona,Customer Service,L3,Customer Service L3,M,Permanent,Hybrid,1.0,40,3,34850,1780,0,0,0
W01683,DE · Munich,DE,Munich,Customer Service,L2,Customer Service L2,M,Permanent,Hybrid,1.0,40,4,38950,0,0,0,0
W01684,IT · Milan,IT,Milan,Tech,L1,Tech L1,M,Permanent,Hybrid,1.0,40,3,32250,0,0,0,0
W01686,IT · Milan,IT,Milan,Operations,L1,Operations L1,F,Permanent,Hybrid,1.0,40,4,26300,0,0,0,0
W01687,PL · Kraków,PL,Krakow,Sales,L3,Sales L3,M,Permanent,Hybrid,1.0,40,2,38150,940,4220,0,0
W01688,DE · Munich,DE,Munich,Operations,L3,Operations L3,F,Permanent,Hybrid,1.0,40,4,58300,3860,0,0,0
W01689,DE · Munich,DE,Munich,Customer Service,L4,Customer Service L4,M,Permanent,Hybrid,1.0,40,2,78950,3130,0,0,0
W01691,ES · Barcelona,ES,Barcelona,HR,L2,HR L2,M,Permanent,Hybrid,1.0,40,3,32900,0,0,0,0
W01692,IT · Milan,IT,Milan,Finance,L3,Finance L3,F,Permanent,Hybrid,1.0,40,4,49300,3350,0,0,0
W01693,PL · Kraków,PL,Krakow,Sales,L2,Sales L2,F,Permanent,Hybrid,1.0,40,4,28750,0,3980,0,0
W01694,PL · Kraków,PL,Krakow,Customer Service,L1,Customer Service L1,F,Permanent,Hybrid,1.0,40,4,17500,0,0,0,0
W01695,DE · Munich,DE,Munich,Sales,L2,Sales L2,M,Permanent,Hybrid,1.0,40,1,44650,0,7080,0,0
W01696,DE · Munich,DE,Munich,Customer Service,L3,Customer Service L3,F,Fixed-term,Onsite,1.0,40,4,72400,4380,0,1800,0
W01697,DE · Munich,DE,Munich,Sales,L2,Sales L2,F,Fixed-term,Onsite,1.0,40,3,49150,0,5770,0,0
W01698,IT · Milan,IT,Milan,Customer Service,L5,Customer Service L5,M,Permanent,Remote,0.8,32,3,54560,6860,0,0,6000
W01700,PL · Kraków,PL,Krakow,Customer Service,L3,Customer Service L3,F,Permanent,Onsite,1.0,40,4,29400,1710,0,840,0
W01701,DE · Munich,DE,Munich,Operations,L2,Operations L2,M,Permanent,Hybrid,1.0,40,4,43500,0,0,0,0
W01702,PL · Kraków,PL,Krakow,Customer Service,L5,Customer Service L5,M,Permanent,Hybrid,1.0,40,4,57800,8790,0,0,4200
W01703,ES · Barcelona,ES,Barcelona,Operations,L2,Operations L2,F,Permanent,Onsite,1.0,40,4,29950,0,0,1200,0
W01704,DE · Munich,DE,Munich,Operations,L3,Operations L3,M,Permanent,Hybrid,1.0,40,4,63100,3780,0,0,0
W01705,IT · Milan,IT,Milan,Operations,L3,Operations L3,M,Permanent,Hybrid,1.0,40,3,34800,1710,0,0,0
W01706,PL · Kraków,PL,Krakow,Operations,L2,Operations L2,F,Permanent,Hybrid,1.0,40,4,25100,0,0,0,0
W01708,ES · Barcelona,ES,Barcelona,Sales,L6,Sales L6,M,Permanent,Hybrid,1.0,40,3,113650,23540,11120,0,5400
W01709,PL · Kraków,PL,Krakow,Operations,L3,Operations L3,M,Permanent,Remote,1.0,40,3,27400,1340,0,0,0
W01710,PL · Kraków,PL,Krakow,Operations,L2,Operations L2,M,Permanent,Hybrid,1.0,40,3,22300,0,0,0,0
W01711,PL · Kraków,PL,Krakow,Sales,L3,Sales L3,M,Fixed-term,Onsite,1.0,40,3,39050,1970,3690,0,0
W01712,PL · Kraków,PL,Krakow,Operations,L4,Operations L4,F,Permanent,Hybrid,1.0,40,3,43350,3360,0,0,0
W01713,ES · Barcelona,ES,Barcelona,Tech,L2,Tech L2,F,Permanent,Hybrid,1.0,40,3,45600,0,0,0,0
W01714,PL · Kraków,PL,Krakow,Customer Service,L2,Customer Service L2,F,Permanent,Onsite,1.0,40,5,22800,0,0,840,0
W01715,PL · Kraków,PL,Krakow,Customer Service,L2,Customer Service L2,M,Permanent,Hybrid,1.0,40,3,25650,0,0,0,0
W01716,ES · Barcelona,ES,Barcelona,Sales,L3,Sales L3,M,Permanent,Hybrid,1.0,40,3,46400,2210,7720,0,0
W01717,IT · Milan,IT,Milan,Customer Service,L3,Customer Service L3,M,Permanent,Onsite,1.0,40,2,33100,780,0,1320,0
W01719,PL · Kraków,PL,Krakow,Customer Service,L1,Customer Service L1,F,Fixed-term,Hybrid,1.0,40,3,14450,0,0,0,0
W01720,DE · Munich,DE,Munich,Customer Service,L3,Customer Service L3,F,Permanent,Onsite,1.0,40,2,52700,1250,0,1800,0
W01721,PL · Kraków,PL,Krakow,Operations,L5,Operations L5,F,Permanent,Onsite,1.0,40,3,68800,8190,0,0,4200
W01722,ES · Barcelona,ES,Barcelona,Customer Service,L6,Customer Service L6,M,Permanent,Remote,1.0,40,3,93150,17120,0,0,5400
W01724,PL · Kraków,PL,Krakow,Tech,L2,Tech L2,F,Permanent,Onsite,1.0,40,3,30250,0,0,0,0
W01725,IT · Milan,IT,Milan,Sales,L2,Sales L2,M,Fixed-term,Onsite,1.0,40,3,35850,0,6530,0,0
W01726,IT · Milan,IT,Milan,Sales,L1,Sales L1,F,Permanent,Hybrid,1.0,40,3,28000,0,2570,0,0
W01727,IT · Milan,IT,Milan,Operations,L4,Operations L4,M,Permanent,Remote,1.0,40,3,49450,3750,0,0,0
W01728,IT · Milan,IT,Milan,Tech,L3,Tech L3,M,Permanent,Remote,1.0,40,4,46900,3170,0,0,0
W01729,IT · Milan,IT,Milan,Operations,L4,Operations L4,M,Permanent,Remote,1.0,40,3,53100,4230,0,0,0
W01730,IT · Milan,IT,Milan,Finance,L1,Finance L1,F,Permanent,Remote,1.0,40,3,25700,0,0,0,0
W01732,PL · Kraków,PL,Krakow,HR,L3,HR L3,F,Permanent,Hybrid,1.0,40,2,26350,650,0,0,0
W01733,IT · Milan,IT,Milan,Customer Service,L3,Customer Service L3,F,Permanent,Onsite,1.0,40,3,34800,1900,0,1320,0
W01734,PL · Kraków,PL,Krakow,Tech,L2,Tech L2,M,Fixed-term,Onsite,1.0,40,3,25600,0,0,0,0
W01736,ES · Barcelona,ES,Barcelona,Tech,L3,Tech L3,F,Permanent,Hybrid,1.0,40,2,44400,1100,0,0,0
W01737,PL · Kraków,PL,Krakow,Tech,L3,Tech L3,M,Permanent,Onsite,0.8,32,3,31840,1490,0,0,0
W01738,IT · Milan,IT,Milan,Operations,L2,Operations L2,F,Permanent,Remote,1.0,40,3,27000,0,0,0,0
W01739,IT · Milan,IT,Milan,Sales,L4,Sales L4,F,Permanent,Onsite,1.0,40,4,58750,6210,3430,0,0
W01740,PL · Kraków,PL,Krakow,Operations,L2,Operations L2,M,Permanent,Remote,1.0,40,2,23650,0,0,0,0
W01741,PL · Kraków,PL,Krakow,Finance,L3,Finance L3,M,Permanent,Remote,1.0,40,3,34550,1930,0,0,0
W01742,PL · Kraków,PL,Krakow,Operations,L3,Operations L3,F,Permanent,Onsite,1.0,40,4,37550,2270,0,840,0
W01743,PL · Kraków,PL,Krakow,Sales,L2,Sales L2,F,Permanent,Remote,1.0,40,3,25650,0,3490,0,0
W01744,DE · Munich,DE,Munich,Sales,L4,Sales L4,F,Permanent,Hybrid,1.0,40,3,76350,5580,14070,0,0
W01746,IT · Milan,IT,Milan,Sales,L2,Sales L2,F,Permanent,Onsite,1.0,40,2,35100,0,3000,0,0
W01748,ES · Barcelona,ES,Barcelona,Operations,L3,Operations L3,F,Permanent,Hybrid,1.0,40,4,43250,2660,0,0,0
W01749,DE · Munich,DE,Munich,HR,L4,HR L4,M,Permanent,Hybrid,1.0,40,3,77000,6250,0,0,0
W01751,ES · Barcelona,ES,Barcelona,HR,L3,HR L3,M,Permanent,Hybrid,1.0,40,3,44450,1970,0,0,0
W01752,DE · Munich,DE,Munich,Operations,L2,Operations L2,M,Permanent,Hybrid,1.0,40,3,46950,0,0,0,0
W01753,PL · Kraków,PL,Krakow,Customer Service,L2,Customer Service L2,M,Permanent,Onsite,1.0,40,1,21950,0,0,840,0
W01755,IT · Milan,IT,Milan,Customer Service,L3,Customer Service L3,F,Permanent,Onsite,1.0,40,3,37900,1700,0,1320,0
W01756,DE · Munich,DE,Munich,Sales,L3,Sales L3,M,Fixed-term,Remote,1.0,40,3,66550,2860,7970,0,0
W01757,PL · Kraków,PL,Krakow,HR,L1,HR L1,F,Permanent,Hybrid,1.0,40,2,22050,0,0,0,0
W01758,DE · Munich,DE,Munich,HR,L3,HR L3,M,Permanent,Hybrid,1.0,40,1,63950,0,0,0,0
W01759,DE · Munich,DE,Munich,Operations,L1,Operations L1,M,Fixed-term,Hybrid,1.0,40,2,35700,0,0,0,0
W01761,IT · Milan,IT,Milan,Sales,L4,Sales L4,M,Permanent,Onsite,1.0,40,5,58850,6690,6680,0,0
W01762,ES · Barcelona,ES,Barcelona,Customer Service,L5,Customer Service L5,M,Permanent,Hybrid,0.8,32,3,53160,6280,0,0,5400
W01764,IT · Milan,IT,Milan,Tech,L1,Tech L1,F,Permanent,Hybrid,1.0,40,3,32000,0,0,0,0
W01765,DE · Munich,DE,Munich,Operations,L2,Operations L2,M,Permanent,Hybrid,0.8,32,4,30480,0,0,0,0
W01766,DE · Munich,DE,Munich,Finance,L1,Finance L1,M,Fixed-term,Hybrid,1.0,40,3,41350,0,0,0,0
W01767,IT · Milan,IT,Milan,Tech,L1,Tech L1,F,Permanent,Onsite,1.0,40,4,36200,0,0,0,0
W01768,IT · Milan,IT,Milan,HR,L2,HR L2,F,Permanent,Hybrid,1.0,40,3,35600,0,0,0,0
W01769,PL · Kraków,PL,Krakow,Operations,L1,Operations L1,F,Fixed-term,Onsite,1.0,40,4,19150,0,0,840,0
W01770,IT · Milan,IT,Milan,Sales,L2,Sales L2,F,Permanent,Hybrid,1.0,40,3,28100,0,3180,0,0
W01771,PL · Kraków,PL,Krakow,Tech,L2,Tech L2,M,Permanent,Remote,1.0,40,3,33150,0,0,0,0
W01772,DE · Munich,DE,Munich,HR,L5,HR L5,M,Permanent,Hybrid,1.0,40,4,113700,16440,0,0,7200
W01773,DE · Munich,DE,Munich,Operations,L3,Operations L3,F,Permanent,Onsite,0.8,32,3,47200,2140,0,1440,0
W01774,PL · Kraków,PL,Krakow,Customer Service,L3,Customer Service L3,F,Permanent,Hybrid,1.0,40,3,35250,1790,0,0,0
W01775,PL · Kraków,PL,Krakow,Tech,L5,Tech L5,M,Fixed-term,Onsite,1.0,40,3,84950,9960,0,0,4200
W01776,DE · Munich,DE,Munich,Customer Service,L5,Customer Service L5,M,Permanent,Hybrid,1.0,40,5,83350,14000,0,0,7200
W01777,DE · Munich,DE,Munich,Finance,L2,Finance L2,F,Permanent,Hybrid,1.0,40,5,56300,0,0,0,0
W01778,IT · Milan,IT,Milan,Customer Service,L4,Customer Service L4,F,Permanent,Hybrid,0.8,32,4,42640,4660,0,0,0
W01779,PL · Kraków,PL,Krakow,Operations,L2,Operations L2,M,Fixed-term,Hybrid,1.0,40,3,25400,0,0,0,0
W01780,IT · Milan,IT,Milan,Customer Service,L2,Customer Service L2,M,Fixed-term,Remote,1.0,40,3,31350,0,0,0,0
W01781,DE · Munich,DE,Munich,Finance,L2,Finance L2,F,Permanent,Hybrid,1.0,40,4,46200,0,0,0,0
W01782,IT · Milan,IT,Milan,Customer Service,L2,Customer Service L2,F,Permanent,Remote,1.0,40,3,31900,0,0,0,0
W01783,IT · Milan,IT,Milan,Tech,L3,Tech L3,M,Permanent,Hybrid,1.0,40,3,54450,2800,0,0,0
W01785,IT · Milan,IT,Milan,Customer Service,L2,Customer Service L2,M,Fixed-term,Hybrid,1.0,40,3,29900,0,0,0,0
W01786,ES · Barcelona,ES,Barcelona,Tech,L3,Tech L3,M,Permanent,Remote,1.0,40,4,57000,3670,0,0,0
W01787,IT · Milan,IT,Milan,Operations,L1,Operations L1,M,Fixed-term,Onsite,1.0,40,4,23150,0,0,1320,0
W01788,ES · Barcelona,ES,Barcelona,HR,L1,HR L1,F,Permanent,Hybrid,1.0,40,2,22000,0,0,0,0
W01789,IT · Milan,IT,Milan,HR,L2,HR L2,F,Fixed-term,Hybrid,0.8,32,3,25240,0,0,0,0
W01790,IT · Milan,IT,Milan,HR,L4,HR L4,F,Permanent,Hybrid,1.0,40,4,61150,5790,0,0,0
W01791,PL · Kraków,PL,Krakow,Tech,L1,Tech L1,M,Permanent,Hybrid,1.0,40,3,24700,0,0,0,0
W01792,ES · Barcelona,ES,Barcelona,Operations,L2,Operations L2,F,Permanent,Remote,1.0,40,3,28050,0,0,0,0
W01793,PL · Kraków,PL,Krakow,Sales,L2,Sales L2,F,Permanent,Remote,1.0,40,3,27700,0,3700,0,0
W01794,IT · Milan,IT,Milan,Customer Service,L2,Customer Service L2,F,Permanent,Hybrid,1.0,40,2,32550,0,0,0,0
W01795,IT · Milan,IT,Milan,Operations,L2,Operations L2,F,Permanent,Onsite,1.0,40,3,30450,0,0,1320,0
W01796,DE · Munich,DE,Munich,Operations,L2,Operations L2,F,Permanent,Hybrid,1.0,40,4,53750,0,0,0,0
W01797,PL · Kraków,PL,Krakow,Customer Service,L3,Customer Service L3,M,Permanent,Hybrid,1.0,40,3,29900,1410,0,0,0
W01798,IT · Milan,IT,Milan,Sales,L1,Sales L1,F,Permanent,Onsite,0.8,32,3,23680,0,2870,0,0
W01799,IT · Milan,IT,Milan,Operations,L2,Operations L2,M,Permanent,Hybrid,1.0,40,3,32850,0,0,0,0
W01800,PL · Kraków,PL,Krakow,HR,L3,HR L3,F,Permanent,Hybrid,1.0,40,2,30850,700,0,0,0
W01801,PL · Kraków,PL,Krakow,Operations,L2,Operations L2,F,Permanent,Remote,1.0,40,2,26450,0,0,0,0
W01802,ES · Barcelona,ES,Barcelona,Operations,L2,Operations L2,F,Permanent,Hybrid,0.8,32,3,21480,0,0,0,0
W01803,PL · Kraków,PL,Krakow,Customer Service,L3,Customer Service L3,F,Fixed-term,Onsite,0.8,32,3,23720,1210,0,672,0
W01804,PL · Kraków,PL,Krakow,Customer Service,L2,Customer Service L2,M,Permanent,Hybrid,1.0,40,1,24400,0,0,0,0
W01806,DE · Munich,DE,Munich,Operations,L1,Operations L1,M,Permanent,Onsite,1.0,40,4,36100,0,0,1800,0
W01807,PL · Kraków,PL,Krakow,Sales,L1,Sales L1,M,Fixed-term,Onsite,1.0,40,1,23000,0,4270,0,0
W01808,DE · Munich,DE,Munich,Tech,L2,Tech L2,M,Permanent,Onsite,1.0,40,4,58900,0,0,0,0
W01809,PL · Kraków,PL,Krakow,Operations,L1,Operations L1,F,Permanent,Hybrid,1.0,40,3,24700,0,0,0,0
W01810,PL · Kraków,PL,Krakow,Customer Service,L2,Customer Service L2,F,Permanent,Remote,0.8,32,3,19560,0,0,0,0
W01811,PL · Kraków,PL,Krakow,Customer Service,L3,Customer Service L3,M,Permanent,Hybrid,1.0,40,3,34600,1570,0,0,0
W01812,PL · Kraków,PL,Krakow,Finance,L4,Finance L4,F,Fixed-term,Hybrid,1.0,40,3,44650,3500,0,0,0
W01813,PL · Kraków,PL,Krakow,HR,L1,HR L1,F,Permanent,Onsite,1.0,40,4,19000,0,0,0,0
W01814,ES · Barcelona,ES,Barcelona,Operations,L6,Operations L6,F,Permanent,Hybrid,1.0,40,5,101250,29620,0,0,5400
W01815,DE · Munich,DE,Munich,Customer Service,L2,Customer Service L2,F,Fixed-term,Remote,1.0,40,3,32700,0,0,0,0
W01816,DE · Munich,DE,Munich,Operations,L3,Operations L3,F,Fixed-term,Remote,1.0,40,3,52050,2790,0,0,0
W01817,IT · Milan,IT,Milan,Customer Service,L3,Customer Service L3,F,Fixed-term,Onsite,0.8,32,5,30840,2370,0,1056,0
W01820,ES · Barcelona,ES,Barcelona,HR,L2,HR L2,F,Permanent,Remote,1.0,40,3,31300,0,0,0,0
W01821,IT · Milan,IT,Milan,Sales,L3,Sales L3,M,Fixed-term,Hybrid,1.0,40,2,34350,870,5770,0,0
W01822,IT · Milan,IT,Milan,Operations,L1,Operations L1,F,Permanent,Hybrid,1.0,40,3,28200,0,0,0,0
W01823,IT · Milan,IT,Milan,Sales,L2,Sales L2,F,Fixed-term,Remote,1.0,40,3,34000,0,4730,0,0
W01824,PL · Kraków,PL,Krakow,Operations,L4,Operations L4,F,Fixed-term,Hybrid,1.0,40,3,42150,3100,0,0,0
W01825,IT · Milan,IT,Milan,Customer Service,L3,Customer Service L3,M,Permanent,Hybrid,1.0,40,4,30250,1950,0,0,0
W01826,PL · Kraków,PL,Krakow,Operations,L1,Operations L1,M,Permanent,Hybrid,1.0,40,3,23500,0,0,0,0
W01829,DE · Munich,DE,Munich,Operations,L3,Operations L3,M,Fixed-term,Onsite,1.0,40,4,59450,3650,0,1800,0
W01830,ES · Barcelona,ES,Barcelona,Customer Service,L1,Customer Service L1,M,Permanent,Onsite,1.0,40,3,22800,0,0,1200,0
W01831,DE · Munich,DE,Munich,Tech,L2,Tech L2,F,Permanent,Hybrid,1.0,40,3,61200,0,0,0,0
W01832,ES · Barcelona,ES,Barcelona,Customer Service,L2,Customer Service L2,M,Permanent,Hybrid,1.0,40,4,29450,0,0,0,0
W01833,IT · Milan,IT,Milan,Operations,L4,Operations L4,M,Permanent,Hybrid,0.8,32,3,38240,2990,0,0,0
W01834,PL · Kraków,PL,Krakow,Customer Service,L2,Customer Service L2,F,Permanent,Hybrid,1.0,40,3,24600,0,0,0,0
W01835,PL · Kraków,PL,Krakow,HR,L5,HR L5,M,Permanent,Hybrid,1.0,40,3,67800,8100,0,0,4200
W01836,IT · Milan,IT,Milan,Operations,L1,Operations L1,M,Permanent,Hybrid,1.0,40,3,24050,0,0,0,0
W01837,IT · Milan,IT,Milan,Operations,L2,Operations L2,F,Permanent,Onsite,1.0,40,3,36200,0,0,1320,0
W01838,PL · Kraków,PL,Krakow,Customer Service,L1,Customer Service L1,F,Permanent,Hybrid,1.0,40,3,20350,0,0,0,0
W01839,PL · Kraków,PL,Krakow,HR,L4,HR L4,M,Fixed-term,Hybrid,1.0,40,3,38250,3280,0,0,0
W01840,IT · Milan,IT,Milan,Finance,L3,Finance L3,F,Permanent,Hybrid,1.0,40,5,44850,3760,0,0,0
W01842,PL · Kraków,PL,Krakow,Customer Service,L3,Customer Service L3,F,Permanent,Hybrid,1.0,40,3,33250,1800,0,0,0
W01843,PL · Kraków,PL,Krakow,Customer Service,L5,Customer Service L5,F,Fixed-term,Onsite,1.0,40,2,51050,3160,0,0,4200
W01844,PL · Kraków,PL,Krakow,HR,L1,HR L1,F,Permanent,Hybrid,1.0,40,3,20700,0,0,0,0
W01845,ES · Barcelona,ES,Barcelona,Tech,L2,Tech L2,F,Fixed-term,Remote,1.0,40,3,45700,0,0,0,0
W01846,DE · Munich,DE,Munich,Tech,L1,Tech L1,M,Fixed-term,Remote,0.8,32,3,38200,0,0,0,0
W01847,DE · Munich,DE,Munich,Operations,L4,Operations L4,F,Permanent,Hybrid,1.0,40,3,71250,6150,0,0,0
W01848,ES · Barcelona,ES,Barcelona,Customer Service,L3,Customer Service L3,F,Permanent,Onsite,1.0,40,2,37350,910,0,1200,0
W01849,DE · Munich,DE,Munich,Customer Service,L2,Customer Service L2,M,Permanent,Hybrid,1.0,40,3,37000,0,0,0,0
W01850,IT · Milan,IT,Milan,Sales,L3,Sales L3,F,Permanent,Onsite,1.0,40,3,42300,1990,6470,0,0
W01851,PL · Kraków,PL,Krakow,Sales,L4,Sales L4,M,Permanent,Onsite,1.0,40,3,54750,3990,9440,0,0
W01852,PL · Kraków,PL,Krakow,Operations,L2,Operations L2,M,Permanent,Hybrid,1.0,40,4,23800,0,0,0,0
W01853,DE · Munich,DE,Munich,HR,L5,HR L5,M,Fixed-term,Hybrid,0.8,32,3,85200,9860,0,0,7200
W01854,PL · Kraków,PL,Krakow,Customer Service,L1,Customer Service L1,F,Fixed-term,Onsite,1.0,40,3,18050,0,0,840,0
W01855,PL · Kraków,PL,Krakow,Finance,L3,Finance L3,M,Fixed-term,Hybrid,0.8,32,4,24600,1400,0,0,0
W01856,DE · Munich,DE,Munich,Tech,L3,Tech L3,M,Fixed-term,Onsite,1.0,40,5,78700,5410,0,0,0
W01858,PL · Kraków,PL,Krakow,Finance,L2,Finance L2,F,Permanent,Onsite,1.0,40,3,30050,0,0,0,0
W01859,ES · Barcelona,ES,Barcelona,Sales,L1,Sales L1,F,Permanent,Hybrid,1.0,40,3,25200,0,3390,0,0
W01860,PL · Kraków,PL,Krakow,Operations,L1,Operations L1,M,Permanent,Onsite,1.0,40,3,24250,0,0,840,0
W01861,DE · Munich,DE,Munich,Tech,L3,Tech L3,M,Permanent,Remote,1.0,40,3,72450,3780,0,0,0
W01862,ES · Barcelona,ES,Barcelona,Tech,L3,Tech L3,M,Fixed-term,Hybrid,1.0,40,3,54550,2700,0,0,0
W01863,IT · Milan,IT,Milan,Sales,L1,Sales L1,F,Permanent,Remote,1.0,40,1,25650,0,2010,0,0
W01864,PL · Kraków,PL,Krakow,Customer Service,L3,Customer Service L3,F,Permanent,Hybrid,0.8,32,3,25320,1300,0,0,0
W01865,ES · Barcelona,ES,Barcelona,Sales,L1,Sales L1,F,Permanent,Remote,1.0,40,5,28750,0,5030,0,0
W01866,DE · Munich,DE,Munich,Customer Service,L3,Customer Service L3,M,Permanent,Hybrid,1.0,40,3,44350,2240,0,0,0
W01867,ES · Barcelona,ES,Barcelona,HR,L1,HR L1,M,Permanent,Hybrid,1.0,40,4,22800,0,0,0,0
W01868,IT · Milan,IT,Milan,Operations,L2,Operations L2,M,Permanent,Hybrid,1.0,40,2,27250,0,0,0,0
W01869,PL · Kraków,PL,Krakow,Operations,L1,Operations L1,F,Fixed-term,Hybrid,1.0,40,5,17300,0,0,0,0
W01870,PL · Kraków,PL,Krakow,Sales,L1,Sales L1,M,Fixed-term,Hybrid,1.0,40,3,20350,0,3590,0,0
W01871,PL · Kraków,PL,Krakow,Customer Service,L2,Customer Service L2,F,Fixed-term,Hybrid,1.0,40,3,22000,0,0,0,0
W01872,DE · Munich,DE,Munich,Sales,L6,Sales L6,M,Fixed-term,Hybrid,1.0,40,4,131950,32910,17840,0,7200
W01873,DE · Munich,DE,Munich,HR,L2,HR L2,M,Fixed-term,Hybrid,1.0,40,2,39950,0,0,0,0
W01874,PL · Kraków,PL,Krakow,Tech,L3,Tech L3,M,Fixed-term,Onsite,1.0,40,3,42000,1880,0,0,0
W01875,DE · Munich,DE,Munich,Customer Service,L1,Customer Service L1,F,Permanent,Onsite,1.0,40,3,29900,0,0,1800,0
W01876,PL · Kraków,PL,Krakow,Sales,L2,Sales L2,F,Permanent,Hybrid,1.0,40,2,29800,0,2680,0,0
W01877,IT · Milan,IT,Milan,Operations,L2,Operations L2,F,Permanent,Hybrid,1.0,40,3,28950,0,0,0,0
W01879,IT · Milan,IT,Milan,HR,L1,HR L1,M,Permanent,Onsite,1.0,40,5,26900,0,0,0,0
W01880,PL · Kraków,PL,Krakow,Tech,L2,Tech L2,F,Permanent,Hybrid,1.0,40,5,32800,0,0,0,0
W01881,PL · Kraków,PL,Krakow,HR,L2,HR L2,M,Permanent,Onsite,1.0,40,2,27100,0,0,0,0
W01883,PL · Kraków,PL,Krakow,Customer Service,L2,Customer Service L2,M,Permanent,Hybrid,1.0,40,3,28150,0,0,0,0
W01885,DE · Munich,DE,Munich,Customer Service,L3,Customer Service L3,F,Permanent,Hybrid,1.0,40,3,53750,3050,0,0,0
W01886,IT · Milan,IT,Milan,Operations,L1,Operations L1,F,Permanent,Onsite,1.0,40,4,25000,0,0,1320,0
W01887,DE · Munich,DE,Munich,Customer Service,L3,Customer Service L3,F,Permanent,Hybrid,1.0,40,4,57500,3670,0,0,0
W01888,PL · Kraków,PL,Krakow,Sales,L2,Sales L2,M,Permanent,Onsite,1.0,40,2,26150,0,3950,0,0
W01889,IT · Milan,IT,Milan,Customer Service,L4,Customer Service L4,M,Permanent,Onsite,1.0,40,3,53150,4150,0,0,0
W01891,IT · Milan,IT,Milan,Customer Service,L3,Customer Service L3,F,Permanent,Hybrid,1.0,40,2,36600,890,0,0,0
W01892,ES · Barcelona,ES,Barcelona,Operations,L2,Operations L2,F,Permanent,Remote,0.8,32,3,26160,0,0,0,0
W01893,IT · Milan,IT,Milan,Customer Service,L4,Customer Service L4,F,Permanent,Hybrid,1.0,40,5,51750,5720,0,0,0
W01895,DE · Munich,DE,Munich,HR,L3,HR L3,F,Permanent,Hybrid,1.0,40,2,64300,1670,0,0,0
W01896,PL · Kraków,PL,Krakow,Customer Service,L5,Customer Service L5,F,Fixed-term,Hybrid,1.0,40,3,48950,5330,0,0,4200
W01897,DE · Munich,DE,Munich,Operations,L1,Operations L1,F,Permanent,Remote,1.0,40,2,39950,0,0,0,0
W01898,DE · Munich,DE,Munich,Customer Service,L1,Customer Service L1,M,Permanent,Hybrid,1.0,40,1,33650,0,0,0,0
W01899,DE · Munich,DE,Munich,Customer Service,L2,Customer Service L2,M,Permanent,Hybrid,1.0,40,3,42600,0,0,0,0
W01900,PL · Kraków,PL,Krakow,Customer Service,L5,Customer Service L5,F,Fixed-term,Onsite,0.8,32,2,47200,2870,0,0,4200
W01902,PL · Kraków,PL,Krakow,Customer Service,L5,Customer Service L5,F,Fixed-term,Hybrid,1.0,40,4,49000,7900,0,0,4200
W01903,IT · Milan,IT,Milan,Customer Service,L2,Customer Service L2,F,Permanent,Onsite,0.8,32,3,27120,0,0,1056,0
W01904,IT · Milan,IT,Milan,Tech,L1,Tech L1,M,Fixed-term,Hybrid,1.0,40,3,33850,0,0,0,0
W01905,PL · Kraków,PL,Krakow,Operations,L1,Operations L1,F,Permanent,Hybrid,1.0,40,3,16650,0,0,0,0
W01906,PL · Kraków,PL,Krakow,Operations,L4,Operations L4,M,Permanent,Hybrid,1.0,40,1,43800,0,0,0,0
W01907,DE · Munich,DE,Munich,Operations,L4,Operations L4,F,Permanent,Hybrid,1.0,40,4,75150,6340,0,0,0
W01909,ES · Barcelona,ES,Barcelona,Customer Service,L2,Customer Service L2,F,Permanent,Onsite,1.0,40,4,24350,0,0,1200,0
W01910,ES · Barcelona,ES,Barcelona,Tech,L4,Tech L4,M,Permanent,Onsite,1.0,40,3,65300,5370,0,0,0
W01911,ES · Barcelona,ES,Barcelona,Customer Service,L1,Customer Service L1,F,Fixed-term,Remote,1.0,40,3,23000,0,0,0,0
W01912,DE · Munich,DE,Munich,Tech,L6,Tech L6,M,Fixed-term,Onsite,1.0,40,3,183300,35240,0,0,7200
W01914,PL · Kraków,PL,Krakow,Finance,L6,Finance L6,M,Permanent,Onsite,1.0,40,2,96150,9360,0,0,4200
W01915,IT · Milan,IT,Milan,Tech,L4,Tech L4,M,Permanent,Remote,1.0,40,4,78450,7230,0,0,0
W01916,DE · Munich,DE,Munich,Operations,L3,Operations L3,F,Permanent,Remote,0.8,32,1,43240,0,0,0,0
W01917,PL · Kraków,PL,Krakow,HR,L1,HR L1,F,Fixed-term,Remote,1.0,40,5,17050,0,0,0,0
W01918,DE · Munich,DE,Munich,Finance,L4,Finance L4,F,Permanent,Onsite,1.0,40,3,79850,6590,0,0,0
W01919,PL · Kraków,PL,Krakow,Customer Service,L2,Customer Service L2,F,Fixed-term,Onsite,1.0,40,3,21700,0,0,840,0
W01920,IT · Milan,IT,Milan,Tech,L1,Tech L1,M,Permanent,Onsite,1.0,40,3,28250,0,0,0,0
W01921,DE · Munich,DE,Munich,Customer Service,L3,Customer Service L3,M,Permanent,Hybrid,1.0,40,3,51450,2360,0,0,0
W01922,DE · Munich,DE,Munich,Tech,L4,Tech L4,M,Permanent,Hybrid,1.0,40,4,103600,9840,0,0,0
W01923,PL · Kraków,PL,Krakow,Operations,L3,Operations L3,F,Permanent,Hybrid,1.0,40,3,34400,1760,0,0,0
W01924,PL · Kraków,PL,Krakow,Customer Service,L2,Customer Service L2,F,Permanent,Onsite,1.0,40,3,23350,0,0,840,0
W01926,PL · Kraków,PL,Krakow,Finance,L1,Finance L1,F,Permanent,Hybrid,1.0,40,3,21450,0,0,0,0
W01927,PL · Kraków,PL,Krakow,Operations,L2,Operations L2,F,Fixed-term,Remote,1.0,40,3,24550,0,0,0,0
W01928,PL · Kraków,PL,Krakow,Operations,L2,Operations L2,M,Permanent,Remote,1.0,40,2,24650,0,0,0,0
W01930,DE · Munich,DE,Munich,Tech,L2,Tech L2,F,Permanent,Onsite,1.0,40,2,58150,0,0,0,0
W01931,DE · Munich,DE,Munich,Operations,L1,Operations L1,M,Permanent,Hybrid,1.0,40,2,31050,0,0,0,0
W01932,PL · Kraków,PL,Krakow,Tech,L3,Tech L3,M,Permanent,Hybrid,1.0,40,3,43000,2480,0,0,0
W01933,IT · Milan,IT,Milan,Tech,L1,Tech L1,F,Fixed-term,Hybrid,1.0,40,3,28650,0,0,0,0
W01934,IT · Milan,IT,Milan,Tech,L4,Tech L4,F,Permanent,Onsite,1.0,40,4,74300,7640,0,0,0
W01935,PL · Kraków,PL,Krakow,Finance,L3,Finance L3,F,Permanent,Hybrid,1.0,40,3,34200,1770,0,0,0
W01936,IT · Milan,IT,Milan,Finance,L2,Finance L2,M,Permanent,Remote,1.0,40,3,37500,0,0,0,0
W01938,IT · Milan,IT,Milan,Customer Service,L4,Customer Service L4,M,Permanent,Hybrid,1.0,40,3,39400,3100,0,0,0
W01939,DE · Munich,DE,Munich,Customer Service,L1,Customer Service L1,M,Permanent,Hybrid,1.0,40,3,40650,0,0,0,0
W01940,IT · Milan,IT,Milan,Sales,L2,Sales L2,M,Permanent,Hybrid,1.0,40,3,31550,0,3990,0,0
W01941,IT · Milan,IT,Milan,Finance,L3,Finance L3,M,Permanent,Onsite,1.0,40,4,37000,2560,0,0,0
W01942,PL · Kraków,PL,Krakow,Operations,L1,Operations L1,M,Fixed-term,Hybrid,1.0,40,1,20650,0,0,0,0
W01943,IT · Milan,IT,Milan,HR,L2,HR L2,M,Permanent,Hybrid,1.0,40,3,35800,0,0,0,0
W01944,PL · Kraków,PL,Krakow,Customer Service,L3,Customer Service L3,M,Fixed-term,Onsite,1.0,40,4,27700,1840,0,840,0
W01945,PL · Kraków,PL,Krakow,Operations,L6,Operations L6,F,Permanent,Hybrid,0.8,32,3,64160,12120,0,0,4200
W01947,PL · Kraków,PL,Krakow,Operations,L3,Operations L3,F,Permanent,Hybrid,1.0,40,3,32700,1620,0,0,0
W01948,DE · Munich,DE,Munich,Customer Service,L3,Customer Service L3,F,Permanent,Hybrid,1.0,40,1,56950,0,0,0,0
W01949,PL · Kraków,PL,Krakow,Operations,L1,Operations L1,F,Permanent,Onsite,1.0,40,5,18950,0,0,840,0
W01950,PL · Kraków,PL,Krakow,Customer Service,L5,Customer Service L5,M,Permanent,Hybrid,1.0,40,3,59100,7160,0,0,4200
W01951,PL · Kraków,PL,Krakow,Sales,L2,Sales L2,F,Permanent,Hybrid,1.0,40,4,25950,0,2980,0,0
W01952,IT · Milan,IT,Milan,HR,L3,HR L3,M,Permanent,Hybrid,1.0,40,3,43050,2170,0,0,0
W01953,ES · Barcelona,ES,Barcelona,Operations,L1,Operations L1,F,Permanent,Hybrid,1.0,40,4,24350,0,0,0,0
W01954,PL · Kraków,PL,Krakow,Operations,L5,Operations L5,M,Permanent,Remote,1.0,40,3,48050,5740,0,0,4200
W01955,IT · Milan,IT,Milan,Tech,L2,Tech L2,M,Permanent,Hybrid,1.0,40,3,43350,0,0,0,0
W01956,ES · Barcelona,ES,Barcelona,Operations,L2,Operations L2,M,Fixed-term,Remote,1.0,40,3,30900,0,0,0,0
W01957,IT · Milan,IT,Milan,Customer Service,L3,Customer Service L3,F,Fixed-term,Hybrid,1.0,40,2,38500,1010,0,0,0
W01958,PL · Kraków,PL,Krakow,Finance,L2,Finance L2,F,Permanent,Onsite,0.8,32,3,19840,0,0,0,0
W01960,DE · Munich,DE,Munich,Customer Service,L5,Customer Service L5,F,Fixed-term,Onsite,1.0,40,2,102650,6400,0,0,7200
W01961,IT · Milan,IT,Milan,Tech,L3,Tech L3,M,Permanent,Hybrid,1.0,40,3,59500,2940,0,0,0
W01963,IT · Milan,IT,Milan,Operations,L4,Operations L4,F,Permanent,Hybrid,1.0,40,4,47900,4840,0,0,0
W01964,PL · Kraków,PL,Krakow,Customer Service,L1,Customer Service L1,F,Permanent,Onsite,1.0,40,3,18700,0,0,840,0
W01965,ES · Barcelona,ES,Barcelona,Customer Service,L3,Customer Service L3,F,Permanent,Hybrid,1.0,40,3,34450,1700,0,0,0
W01967,IT · Milan,IT,Milan,Operations,L1,Operations L1,F,Permanent,Remote,0.8,32,1,20760,0,0,0,0
W01968,IT · Milan,IT,Milan,Customer Service,L4,Customer Service L4,M,Permanent,Hybrid,1.0,40,3,52550,4180,0,0,0
W01970,DE · Munich,DE,Munich,Tech,L2,Tech L2,F,Fixed-term,Hybrid,1.0,40,4,59050,0,0,0,0
W01971,PL · Kraków,PL,Krakow,Operations,L4,Operations L4,M,Fixed-term,Hybrid,1.0,40,4,41500,3810,0,0,0
W01972,IT · Milan,IT,Milan,Finance,L3,Finance L3,M,Permanent,Remote,1.0,40,4,44650,2860,0,0,0
W01973,IT · Milan,IT,Milan,Tech,L2,Tech L2,F,Permanent,Onsite,1.0,40,3,36150,0,0,0,0
W01974,IT · Milan,IT,Milan,Finance,L3,Finance L3,M,Permanent,Hybrid,1.0,40,3,44800,2150,0,0,0
W01975,PL · Kraków,PL,Krakow,Tech,L1,Tech L1,F,Fixed-term,Hybrid,1.0,40,4,25950,0,0,0,0
W01976,ES · Barcelona,ES,Barcelona,Tech,L1,Tech L1,F,Permanent,Hybrid,1.0,40,4,36050,0,0,0,0
W01977,IT · Milan,IT,Milan,Customer Service,L4,Customer Service L4,M,Permanent,Onsite,1.0,40,4,49150,4980,0,0,0
W01978,IT · Milan,IT,Milan,Customer Service,L2,Customer Service L2,M,Fixed-term,Onsite,1.0,40,3,32600,0,0,1320,0
W01979,PL · Kraków,PL,Krakow,Customer Service,L1,Customer Service L1,M,Permanent,Onsite,1.0,40,2,17750,0,0,840,0
W01980,ES · Barcelona,ES,Barcelona,Tech,L4,Tech L4,M,Permanent,Hybrid,1.0,40,4,67650,6950,0,0,0
W01981,IT · Milan,IT,Milan,Tech,L1,Tech L1,F,Permanent,Hybrid,1.0,40,3,23200,0,0,0,0
W01982,PL · Kraków,PL,Krakow,Tech,L5,Tech L5,M,Permanent,Hybrid,1.0,40,3,70300,8680,0,0,4200
W01983,IT · Milan,IT,Milan,Operations,L2,Operations L2,F,Permanent,Hybrid,1.0,40,3,29350,0,0,0,0
W01985,ES · Barcelona,ES,Barcelona,Operations,L1,Operations L1,F,Permanent,Hybrid,1.0,40,3,27150,0,0,0,0
W01986,PL · Kraków,PL,Krakow,HR,L2,HR L2,F,Fixed-term,Hybrid,1.0,40,4,24750,0,0,0,0
W01989,DE · Munich,DE,Munich,Operations,L2,Operations L2,M,Permanent,Remote,1.0,40,3,52300,0,0,0,0
W01990,IT · Milan,IT,Milan,Tech,L1,Tech L1,F,Permanent,Hybrid,1.0,40,2,33800,0,0,0,0
W01991,ES · Barcelona,ES,Barcelona,Operations,L4,Operations L4,F,Fixed-term,Hybrid,1.0,40,2,47050,1860,0,0,0
W01992,DE · Munich,DE,Munich,HR,L2,HR L2,M,Fixed-term,Hybrid,1.0,40,4,45400,0,0,0,0
W01993,PL · Kraków,PL,Krakow,Customer Service,L5,Customer Service L5,M,Permanent,Hybrid,1.0,40,2,52800,2930,0,0,4200
W01994,ES · Barcelona,ES,Barcelona,Tech,L3,Tech L3,M,Permanent,Onsite,1.0,40,2,48000,1270,0,0,0
W01995,IT · Milan,IT,Milan,Customer Service,L3,Customer Service L3,M,Permanent,Hybrid,1.0,40,2,39700,980,0,0,0
W01996,PL · Kraków,PL,Krakow,Sales,L2,Sales L2,M,Permanent,Hybrid,0.8,32,3,23440,0,2950,0,0
W01997,PL · Kraków,PL,Krakow,Operations,L1,Operations L1,F,Fixed-term,Hybrid,1.0,40,3,17700,0,0,0,0
W01998,DE · Munich,DE,Munich,Customer Service,L1,Customer Service L1,M,Permanent,Hybrid,1.0,40,4,36900,0,0,0,0
W01999,PL · Kraków,PL,Krakow,Finance,L1,Finance L1,F,Fixed-term,Hybrid,1.0,40,3,24350,0,0,0,0
W02000,PL · Kraków,PL,Krakow,Sales,L2,Sales L2,F,Permanent,Onsite,0.8,32,4,19880,0,2440,0,0
W02001,PL · Kraków,PL,Krakow,Customer Service,L2,Customer Service L2,F,Permanent,Remote,1.0,40,3,25250,0,0,0,0
W02002,PL · Kraków,PL,Krakow,Sales,L1,Sales L1,F,Permanent,Hybrid,1.0,40,4,22000,0,3440,0,0
W02003,IT · Milan,IT,Milan,HR,L5,HR L5,M,Fixed-term,Hybrid,1.0,40,3,81500,9640,0,0,6000
W02004,ES · Barcelona,ES,Barcelona,Operations,L3,Operations L3,F,Permanent,Hybrid,1.0,40,3,41800,2110,0,0,0
W02005,PL · Kraków,PL,Krakow,Finance,L3,Finance L3,M,Fixed-term,Onsite,1.0,40,4,31800,1910,0,0,0
W02006,IT · Milan,IT,Milan,Operations,L1,Operations L1,M,Permanent,Hybrid,0.8,32,3,14440,0,0,0,0
W02007,PL · Kraków,PL,Krakow,Sales,L3,Sales L3,F,Permanent,Hybrid,1.0,40,3,30100,1430,5360,0,0
W02008,PL · Kraków,PL,Krakow,Customer Service,L4,Customer Service L4,F,Permanent,Onsite,1.0,40,2,33900,1370,0,0,0
W02009,PL · Kraków,PL,Krakow,Sales,L3,Sales L3,F,Permanent,Onsite,1.0,40,2,37000,900,4850,0,0
W02010,PL · Kraków,PL,Krakow,HR,L5,HR L5,M,Permanent,Onsite,1.0,40,3,64300,7500,0,0,4200
W02011,ES · Barcelona,ES,Barcelona,Finance,L6,Finance L6,M,Fixed-term,Hybrid,1.0,40,4,105300,25840,0,0,5400
W02012,IT · Milan,IT,Milan,Customer Service,L4,Customer Service L4,M,Permanent,Onsite,1.0,40,4,49600,4810,0,0,0
W02013,PL · Kraków,PL,Krakow,Operations,L2,Operations L2,F,Permanent,Hybrid,1.0,40,3,24250,0,0,0,0
W02014,ES · Barcelona,ES,Barcelona,HR,L1,HR L1,F,Permanent,Hybrid,1.0,40,2,25250,0,0,0,0
W02015,IT · Milan,IT,Milan,Finance,L4,Finance L4,F,Permanent,Hybrid,1.0,40,3,57450,4620,0,0,0
W02016,DE · Munich,DE,Munich,Operations,L2,Operations L2,F,Permanent,Hybrid,1.0,40,4,45300,0,0,0,0
W02017,IT · Milan,IT,Milan,Sales,L1,Sales L1,F,Permanent,Hybrid,0.8,32,2,24560,0,3940,0,0
W02018,IT · Milan,IT,Milan,HR,L1,HR L1,M,Fixed-term,Onsite,1.0,40,3,26550,0,0,0,0
W02019,DE · Munich,DE,Munich,Customer Service,L3,Customer Service L3,F,Permanent,Onsite,1.0,40,3,57350,2950,0,1800,0
W02021,IT · Milan,IT,Milan,Customer Service,L3,Customer Service L3,M,Permanent,Onsite,1.0,40,3,35450,1860,0,1320,0
W02024,DE · Munich,DE,Munich,Tech,L3,Tech L3,M,Permanent,Onsite,1.0,40,4,75100,4880,0,0,0
W02025,PL · Kraków,PL,Krakow,Sales,L2,Sales L2,F,Permanent,Onsite,1.0,40,4,29100,0,4010,0,0
W02026,DE · Munich,DE,Munich,Sales,L2,Sales L2,F,Permanent,Onsite,1.0,40,3,54050,0,7490,0,0
W02027,PL · Kraków,PL,Krakow,Customer Service,L3,Customer Service L3,M,Permanent,Hybrid,1.0,40,4,30500,2080,0,0,0
W02028,ES · Barcelona,ES,Barcelona,Customer Service,L3,Customer Service L3,M,Permanent,Hybrid,1.0,40,3,39350,2060,0,0,0
W02029,PL · Kraków,PL,Krakow,Operations,L1,Operations L1,M,Permanent,Hybrid,1.0,40,3,15050,0,0,0,0
W02031,DE · Munich,DE,Munich,Operations,L6,Operations L6,F,Permanent,Hybrid,0.8,32,1,122200,0,0,0,7200
W02032,IT · Milan,IT,Milan,Customer Service,L1,Customer Service L1,F,Permanent,Remote,1.0,40,3,24750,0,0,0,0
W02033,ES · Barcelona,ES,Barcelona,Sales,L3,Sales L3,M,Permanent,Onsite,1.0,40,2,36600,990,6430,0,0
W02035,PL · Kraków,PL,Krakow,Finance,L1,Finance L1,F,Permanent,Onsite,1.0,40,4,22250,0,0,0,0
W02036,PL · Kraków,PL,Krakow,Operations,L4,Operations L4,F,Fixed-term,Hybrid,1.0,40,4,40800,4540,0,0,0
W02037,DE · Munich,DE,Munich,Operations,L1,Operations L1,F,Fixed-term,Onsite,0.8,32,3,28560,0,0,1440,0
W02038,PL · Kraków,PL,Krakow,Operations,L2,Operations L2,M,Permanent,Remote,1.0,40,3,25100,0,0,0,0
W02039,PL · Kraków,PL,Krakow,Operations,L1,Operations L1,F,Fixed-term,Hybrid,1.0,40,5,18400,0,0,0,0
W02040,IT · Milan,IT,Milan,Operations,L3,Operations L3,F,Permanent,Remote,1.0,40,4,41400,2830,0,0,0
W02041,PL · Kraków,PL,Krakow,Finance,L1,Finance L1,M,Permanent,Hybrid,1.0,40,3,21750,0,0,0,0
W02042,DE · Munich,DE,Munich,Operations,L6,Operations L6,M,Permanent,Remote,1.0,40,2,150550,15590,0,0,7200
W02043,IT · Milan,IT,Milan,Finance,L1,Finance L1,F,Fixed-term,Hybrid,1.0,40,4,28000,0,0,0,0
W02044,PL · Kraków,PL,Krakow,Sales,L1,Sales L1,F,Permanent,Hybrid,1.0,40,3,25150,0,4310,0,0
W02045,ES · Barcelona,ES,Barcelona,Operations,L2,Operations L2,F,Fixed-term,Hybrid,1.0,40,3,28650,0,0,0,0
W02046,IT · Milan,IT,Milan,Tech,L4,Tech L4,F,Permanent,Onsite,1.0,40,3,63050,4780,0,0,0
W02047,IT · Milan,IT,Milan,Finance,L1,Finance L1,F,Permanent,Hybrid,1.0,40,5,27450,0,0,0,0
W02048,IT · Milan,IT,Milan,Tech,L2,Tech L2,M,Fixed-term,Onsite,1.0,40,3,41450,0,0,0,0
W02050,IT · Milan,IT,Milan,Customer Service,L2,Customer Service L2,F,Permanent,Hybrid,1.0,40,3,25900,0,0,0,0
W02051,DE · Munich,DE,Munich,Operations,L2,Operations L2,F,Permanent,Hybrid,1.0,40,4,44850,0,0,0,0
W02052,PL · Kraków,PL,Krakow,Operations,L2,Operations L2,M,Permanent,Remote,1.0,40,2,27700,0,0,0,0
W02053,IT · Milan,IT,Milan,Sales,L1,Sales L1,F,Permanent,Hybrid,1.0,40,2,23750,0,1680,0,0
W02055,PL · Kraków,PL,Krakow,Operations,L3,Operations L3,M,Permanent,Hybrid,1.0,40,4,31600,2080,0,0,0
W02056,DE · Munich,DE,Munich,Customer Service,L2,Customer Service L2,F,Permanent,Onsite,1.0,40,4,39550,0,0,1800,0
W02057,IT · Milan,IT,Milan,HR,L2,HR L2,M,Fixed-term,Hybrid,1.0,40,2,38550,0,0,0,0
W02058,PL · Kraków,PL,Krakow,Customer Service,L2,Customer Service L2,F,Permanent,Onsite,1.0,40,2,22400,0,0,840,0
W02060,DE · Munich,DE,Munich,Tech,L1,Tech L1,M,Permanent,Hybrid,1.0,40,3,48650,0,0,0,0
W02061,PL · Kraków,PL,Krakow,Operations,L1,Operations L1,M,Fixed-term,Onsite,1.0,40,2,19250,0,0,840,0
W02063,ES · Barcelona,ES,Barcelona,HR,L3,HR L3,F,Permanent,Onsite,1.0,40,3,39300,1990,0,0,0
W02064,IT · Milan,IT,Milan,Tech,L3,Tech L3,M,Permanent,Remote,1.0,40,2,54900,1390,0,0,0
W02065,IT · Milan,IT,Milan,Customer Service,L2,Customer Service L2,F,Permanent,Hybrid,1.0,40,4,28650,0,0,0,0
W02066,IT · Milan,IT,Milan,Operations,L3,Operations L3,M,Permanent,Onsite,1.0,40,4,36450,2030,0,1320,0
W02067,IT · Milan,IT,Milan,Customer Service,L4,Customer Service L4,M,Fixed-term,Onsite,1.0,40,4,49550,5200,0,0,0
W02068,IT · Milan,IT,Milan,Operations,L3,Operations L3,M,Permanent,Remote,1.0,40,3,32550,1540,0,0,0
W02069,IT · Milan,IT,Milan,Customer Service,L2,Customer Service L2,F,Permanent,Onsite,1.0,40,4,29650,0,0,1320,0
W02070,ES · Barcelona,ES,Barcelona,Customer Service,L2,Customer Service L2,M,Permanent,Onsite,1.0,40,3,28750,0,0,1200,0
W02071,PL · Kraków,PL,Krakow,Finance,L2,Finance L2,M,Fixed-term,Onsite,1.0,40,3,28800,0,0,0,0
W02072,DE · Munich,DE,Munich,HR,L2,HR L2,F,Permanent,Hybrid,1.0,40,3,48050,0,0,0,0
W02073,IT · Milan,IT,Milan,Finance,L1,Finance L1,M,Permanent,Remote,1.0,40,4,25550,0,0,0,0
W02074,PL · Kraków,PL,Krakow,Customer Service,L3,Customer Service L3,M,Permanent,Hybrid,1.0,40,3,33500,1880,0,0,0
W02075,PL · Kraków,PL,Krakow,HR,L1,HR L1,F,Permanent,Onsite,1.0,40,4,22050,0,0,0,0
W02077,IT · Milan,IT,Milan,Operations,L2,Operations L2,F,Permanent,Hybrid,0.8,32,2,21720,0,0,0,0
W02078,DE · Munich,DE,Munich,Customer Service,L2,Customer Service L2,F,Fixed-term,Onsite,1.0,40,2,44000,0,0,1800,0
W02079,PL · Kraków,PL,Krakow,Tech,L2,Tech L2,M,Permanent,Hybrid,1.0,40,2,31000,0,0,0,0
W02080,IT · Milan,IT,Milan,Operations,L3,Operations L3,M,Permanent,Remote,1.0,40,3,35200,1700,0,0,0
W02081,PL · Kraków,PL,Krakow,HR,L3,HR L3,F,Permanent,Hybrid,1.0,40,4,30950,1850,0,0,0
W02082,IT · Milan,IT,Milan,Customer Service,L5,Customer Service L5,F,Permanent,Hybrid,1.0,40,3,65050,6580,0,0,6000
W02083,ES · Barcelona,ES,Barcelona,Tech,L3,Tech L3,M,Permanent,Onsite,1.0,40,3,46850,2340,0,0,0
W02084,PL · Kraków,PL,Krakow,Customer Service,L4,Customer Service L4,F,Permanent,Hybrid,1.0,40,3,40050,3320,0,0,0
W02085,PL · Kraków,PL,Krakow,Operations,L4,Operations L4,F,Fixed-term,Hybrid,1.0,40,3,41450,3370,0,0,0
W02086,DE · Munich,DE,Munich,Operations,L3,Operations L3,F,Permanent,Hybrid,1.0,40,4,54300,3320,0,0,0
W02089,IT · Milan,IT,Milan,Operations,L2,Operations L2,F,Permanent,Remote,1.0,40,3,31450,0,0,0,0
W02090,IT · Milan,IT,Milan,Sales,L2,Sales L2,M,Fixed-term,Onsite,1.0,40,3,35850,0,4120,0,0
W02091,PL · Kraków,PL,Krakow,Operations,L2,Operations L2,F,Permanent,Hybrid,1.0,40,3,24900,0,0,0,0
W02093,ES · Barcelona,ES,Barcelona,Sales,L1,Sales L1,M,Permanent,Remote,1.0,40,3,23900,0,3260,0,0
W02094,PL · Kraków,PL,Krakow,Operations,L1,Operations L1,M,Permanent,Onsite,1.0,40,4,16500,0,0,840,0
W02095,IT · Milan,IT,Milan,Sales,L3,Sales L3,F,Fixed-term,Remote,1.0,40,3,34450,1720,2610,0,0
W02096,IT · Milan,IT,Milan,Finance,L2,Finance L2,F,Permanent,Hybrid,0.8,32,3,34720,0,0,0,0
W02097,IT · Milan,IT,Milan,Customer Service,L1,Customer Service L1,F,Permanent,Remote,1.0,40,5,19750,0,0,0,0
W02098,IT · Milan,IT,Milan,Sales,L3,Sales L3,F,Permanent,Onsite,1.0,40,4,45900,2560,7030,0,0
W02099,PL · Kraków,PL,Krakow,Finance,L1,Finance L1,F,Fixed-term,Hybrid,1.0,40,3,22500,0,0,0,0
W02100,IT · Milan,IT,Milan,Customer Service,L3,Customer Service L3,F,Fixed-term,Hybrid,1.0,40,3,30600,1600,0,0,0
W02102,DE · Munich,DE,Munich,HR,L2,HR L2,F,Permanent,Hybrid,1.0,40,3,52200,0,0,0,0
W02103,DE · Munich,DE,Munich,Operations,L2,Operations L2,M,Permanent,Hybrid,1.0,40,4,44050,0,0,0,0
W02104,IT · Milan,IT,Milan,Operations,L1,Operations L1,F,Permanent,Hybrid,1.0,40,5,22150,0,0,0,0
W02105,IT · Milan,IT,Milan,Finance,L4,Finance L4,M,Fixed-term,Hybrid,1.0,40,4,62500,6640,0,0,0
W02106,IT · Milan,IT,Milan,Operations,L3,Operations L3,M,Permanent,Hybrid,1.0,40,2,34350,870,0,0,0
W02107,ES · Barcelona,ES,Barcelona,Finance,L3,Finance L3,M,Permanent,Onsite,1.0,40,3,44950,2270,0,0,0
W02108,IT · Milan,IT,Milan,Sales,L4,Sales L4,F,Permanent,Hybrid,1.0,40,4,42050,4490,4670,0,0
W02110,ES · Barcelona,ES,Barcelona,Operations,L2,Operations L2,F,Permanent,Remote,1.0,40,4,32600,0,0,0,0
W02111,PL · Kraków,PL,Krakow,Tech,L3,Tech L3,M,Permanent,Hybrid,1.0,40,3,48800,2130,0,0,0
W02112,DE · Munich,DE,Munich,Customer Service,L6,Customer Service L6,M,Permanent,Remote,1.0,40,4,119700,32060,0,0,7200
W02115,PL · Kraków,PL,Krakow,Sales,L2,Sales L2,M,Permanent,Hybrid,0.8,32,3,21800,0,4620,0,0
W02116,IT · Milan,IT,Milan,Customer Service,L2,Customer Service L2,F,Permanent,Onsite,1.0,40,1,27750,0,0,1320,0
W02117,ES · Barcelona,ES,Barcelona,Operations,L2,Operations L2,F,Permanent,Hybrid,1.0,40,3,23050,0,0,0,0
W02118,IT · Milan,IT,Milan,HR,L1,HR L1,F,Permanent,Remote,1.0,40,4,31000,0,0,0,0
W02120,ES · Barcelona,ES,Barcelona,Customer Service,L4,Customer Service L4,M,Permanent,Hybrid,1.0,40,3,44100,3640,0,0,0
W02121,PL · Kraków,PL,Krakow,Tech,L2,Tech L2,M,Permanent,Hybrid,1.0,40,4,32900,0,0,0,0
W02124,ES · Barcelona,ES,Barcelona,Customer Service,L3,Customer Service L3,F,Permanent,Onsite,1.0,40,3,40350,2080,0,1200,0
W02125,ES · Barcelona,ES,Barcelona,Customer Service,L2,Customer Service L2,F,Permanent,Hybrid,1.0,40,3,29200,0,0,0,0
W02127,PL · Kraków,PL,Krakow,Tech,L2,Tech L2,F,Permanent,Hybrid,1.0,40,3,30100,0,0,0,0
W02128,IT · Milan,IT,Milan,Customer Service,L2,Customer Service L2,M,Permanent,Hybrid,1.0,40,3,34350,0,0,0,0
W02129,IT · Milan,IT,Milan,Customer Service,L3,Customer Service L3,M,Fixed-term,Hybrid,1.0,40,2,39450,950,0,0,0
W02130,PL · Kraków,PL,Krakow,Tech,L4,Tech L4,M,Permanent,Hybrid,1.0,40,5,51950,6360,0,0,0
W02131,DE · Munich,DE,Munich,Tech,L4,Tech L4,F,Permanent,Hybrid,1.0,40,4,98250,9480,0,0,0
W02132,IT · Milan,IT,Milan,Operations,L2,Operations L2,M,Permanent,Hybrid,0.8,32,5,24040,0,0,0,0
W02133,PL · Kraków,PL,Krakow,HR,L2,HR L2,F,Permanent,Hybrid,1.0,40,3,23350,0,0,0,0
W02134,PL · Kraków,PL,Krakow,Operations,L5,Operations L5,F,Permanent,Hybrid,1.0,40,3,51500,6270,0,0,4200
W02135,IT · Milan,IT,Milan,Sales,L2,Sales L2,M,Fixed-term,Onsite,1.0,40,2,32750,0,4080,0,0
W02136,PL · Kraków,PL,Krakow,Customer Service,L4,Customer Service L4,M,Fixed-term,Onsite,1.0,40,2,40250,1690,0,0,0
W02137,DE · Munich,DE,Munich,Operations,L3,Operations L3,F,Permanent,Onsite,1.0,40,2,58800,1600,0,1800,0
W02138,ES · Barcelona,ES,Barcelona,Customer Service,L2,Customer Service L2,F,Permanent,Onsite,1.0,40,3,25350,0,0,1200,0
W02140,PL · Kraków,PL,Krakow,Operations,L4,Operations L4,F,Permanent,Onsite,0.8,32,3,31040,2400,0,0,0
W02142,ES · Barcelona,ES,Barcelona,Sales,L2,Sales L2,M,Fixed-term,Remote,1.0,40,3,28500,0,3710,0,0
W02143,DE · Munich,DE,Munich,Tech,L1,Tech L1,F,Permanent,Onsite,1.0,40,3,42900,0,0,0,0
W02144,DE · Munich,DE,Munich,HR,L2,HR L2,M,Fixed-term,Remote,1.0,40,3,42150,0,0,0,0
W02146,DE · Munich,DE,Munich,Customer Service,L2,Customer Service L2,F,Fixed-term,Hybrid,1.0,40,3,40800,0,0,0,0
W02147,IT · Milan,IT,Milan,Operations,L1,Operations L1,M,Permanent,Onsite,1.0,40,3,28400,0,0,1320,0
W02148,PL · Kraków,PL,Krakow,Operations,L3,Operations L3,M,Permanent,Hybrid,1.0,40,3,35200,1580,0,0,0
W02149,ES · Barcelona,ES,Barcelona,Operations,L4,Operations L4,M,Permanent,Hybrid,1.0,40,4,51550,5200,0,0,0
W02151,PL · Kraków,PL,Krakow,Customer Service,L2,Customer Service L2,F,Permanent,Hybrid,1.0,40,3,22850,0,0,0,0
W02152,PL · Kraków,PL,Krakow,Operations,L5,Operations L5,M,Permanent,Onsite,0.8,32,3,53840,6120,0,0,4200
W02153,IT · Milan,IT,Milan,Operations,L4,Operations L4,M,Permanent,Onsite,1.0,40,3,46450,3720,0,0,0
W02155,IT · Milan,IT,Milan,Operations,L2,Operations L2,F,Permanent,Hybrid,1.0,40,3,34350,0,0,0,0
W02156,IT · Milan,IT,Milan,Operations,L2,Operations L2,M,Permanent,Hybrid,1.0,40,3,30400,0,0,0,0
W02157,ES · Barcelona,ES,Barcelona,Customer Service,L3,Customer Service L3,F,Permanent,Hybrid,1.0,40,3,36000,1800,0,0,0
W02158,ES · Barcelona,ES,Barcelona,Tech,L2,Tech L2,M,Permanent,Onsite,0.8,32,3,33400,0,0,0,0
W02159,DE · Munich,DE,Munich,Finance,L3,Finance L3,M,Permanent,Onsite,1.0,40,3,66650,3350,0,0,0
W02160,IT · Milan,IT,Milan,Finance,L5,Finance L5,M,Permanent,Onsite,1.0,40,3,75100,8740,0,0,6000
W02161,IT · Milan,IT,Milan,Customer Service,L2,Customer Service L2,F,Permanent,Hybrid,1.0,40,2,28150,0,0,0,0
W02162,PL · Kraków,PL,Krakow,HR,L4,HR L4,M,Permanent,Onsite,1.0,40,4,47200,4540,0,0,0
W02163,PL · Kraków,PL,Krakow,HR,L1,HR L1,F,Permanent,Hybrid,1.0,40,3,20000,0,0,0,0
W02164,IT · Milan,IT,Milan,Operations,L3,Operations L3,M,Fixed-term,Onsite,1.0,40,4,46900,3010,0,1320,0
W02166,PL · Kraków,PL,Krakow,Tech,L1,Tech L1,F,Permanent,Hybrid,1.0,40,3,26900,0,0,0,0
W02167,PL · Kraków,PL,Krakow,Customer Service,L1,Customer Service L1,F,Permanent,Remote,1.0,40,4,17300,0,0,0,0
W02168,ES · Barcelona,ES,Barcelona,Operations,L1,Operations L1,M,Permanent,Hybrid,1.0,40,3,25350,0,0,0,0
W02169,ES · Barcelona,ES,Barcelona,Sales,L1,Sales L1,F,Permanent,Hybrid,1.0,40,4,25550,0,3110,0,0
W02170,DE · Munich,DE,Munich,Sales,L2,Sales L2,F,Permanent,Hybrid,1.0,40,3,49800,0,5720,0,0
W02171,ES · Barcelona,ES,Barcelona,Sales,L4,Sales L4,M,Permanent,Hybrid,1.0,40,2,58000,2460,9310,0,0
W02172,ES · Barcelona,ES,Barcelona,Operations,L3,Operations L3,F,Permanent,Onsite,1.0,40,2,38750,910,0,1200,0
W02173,DE · Munich,DE,Munich,Customer Service,L2,Customer Service L2,F,Permanent,Remote,1.0,40,3,38100,0,0,0,0
W02174,PL · Kraków,PL,Krakow,Finance,L2,Finance L2,F,Permanent,Hybrid,1.0,40,3,29500,0,0,0,0
W02175,PL · Kraków,PL,Krakow,HR,L1,HR L1,F,Permanent,Onsite,1.0,40,4,24400,0,0,0,0
W02176,DE · Munich,DE,Munich,Customer Service,L1,Customer Service L1,F,Permanent,Onsite,1.0,40,3,26800,0,0,1800,0
W02177,PL · Kraków,PL,Krakow,Tech,L1,Tech L1,M,Permanent,Hybrid,1.0,40,2,26500,0,0,0,0
W02178,ES · Barcelona,ES,Barcelona,Customer Service,L3,Customer Service L3,F,Fixed-term,Hybrid,1.0,40,4,33500,1830,0,0,0
W02179,IT · Milan,IT,Milan,Customer Service,L1,Customer Service L1,M,Permanent,Onsite,1.0,40,2,20250,0,0,1320,0
W02180,IT · Milan,IT,Milan,Tech,L4,Tech L4,F,Permanent,Onsite,1.0,40,5,70200,8530,0,0,0
W02181,IT · Milan,IT,Milan,Tech,L2,Tech L2,F,Permanent,Onsite,1.0,40,3,41200,0,0,0,0
W02182,IT · Milan,IT,Milan,Finance,L2,Finance L2,M,Permanent,Hybrid,1.0,40,5,34100,0,0,0,0
W02183,PL · Kraków,PL,Krakow,Customer Service,L3,Customer Service L3,F,Fixed-term,Onsite,0.8,32,3,22440,1000,0,672,0
W02184,PL · Kraków,PL,Krakow,Customer Service,L4,Customer Service L4,M,Fixed-term,Onsite,1.0,40,3,37950,3250,0,0,0
W02186,DE · Munich,DE,Munich,Customer Service,L3,Customer Service L3,M,Permanent,Onsite,1.0,40,4,55900,3610,0,1800,0
W02187,DE · Munich,DE,Munich,HR,L2,HR L2,F,Permanent,Onsite,0.8,32,4,41160,0,0,0,0
W02188,PL · Kraków,PL,Krakow,Sales,L1,Sales L1,F,Permanent,Hybrid,1.0,40,2,22700,0,2380,0,0
W02189,PL · Kraków,PL,Krakow,Finance,L3,Finance L3,M,Permanent,Remote,1.0,40,3,38000,1960,0,0,0
W02190,IT · Milan,IT,Milan,HR,L2,HR L2,M,Fixed-term,Remote,1.0,40,3,33400,0,0,0,0
W02191,IT · Milan,IT,Milan,Sales,L4,Sales L4,M,Permanent,Hybrid,1.0,40,4,58150,5880,7540,0,0
W02192,DE · Munich,DE,Munich,Sales,L5,Sales L5,M,Permanent,Hybrid,1.0,40,3,117000,14150,13070,0,7200
W02193,DE · Munich,DE,Munich,Operations,L1,Operations L1,F,Permanent,Hybrid,1.0,40,4,34900,0,0,0,0
W02194,DE · Munich,DE,Munich,Sales,L4,Sales L4,M,Permanent,Hybrid,1.0,40,4,82800,8410,12180,0,0
W02195,PL · Kraków,PL,Krakow,Customer Service,L2,Customer Service L2,F,Fixed-term,Hybrid,1.0,40,3,22350,0,0,0,0
W02196,DE · Munich,DE,Munich,HR,L4,HR L4,F,Permanent,Remote,1.0,40,3,74250,5350,0,0,0
W02197,DE · Munich,DE,Munich,Customer Service,L4,Customer Service L4,F,Fixed-term,Onsite,1.0,40,3,70900,6410,0,0,0
W02198,IT · Milan,IT,Milan,Customer Service,L3,Customer Service L3,M,Permanent,Hybrid,0.8,32,3,30080,1360,0,0,0
W02199,IT · Milan,IT,Milan,Tech,L3,Tech L3,M,Permanent,Onsite,1.0,40,3,60400,3080,0,0,0
W02200,PL · Kraków,PL,Krakow,Sales,L1,Sales L1,M,Permanent,Remote,1.0,40,1,23050,0,4520,0,0
W02201,PL · Kraków,PL,Krakow,Tech,L2,Tech L2,M,Permanent,Onsite,1.0,40,3,29750,0,0,0,0
W02202,PL · Kraków,PL,Krakow,Customer Service,L5,Customer Service L5,M,Permanent,Hybrid,1.0,40,4,59400,8370,0,0,4200
W02203,ES · Barcelona,ES,Barcelona,Operations,L3,Operations L3,M,Permanent,Hybrid,1.0,40,4,39050,2380,0,0,0
W02204,ES · Barcelona,ES,Barcelona,Operations,L1,Operations L1,M,Permanent,Hybrid,1.0,40,3,25400,0,0,0,0
W02205,DE · Munich,DE,Munich,Operations,L2,Operations L2,M,Permanent,Hybrid,1.0,40,3,48800,0,0,0,0
W02206,IT · Milan,IT,Milan,Sales,L3,Sales L3,F,Fixed-term,Hybrid,1.0,40,2,35800,870,4140,0,0
W02207,ES · Barcelona,ES,Barcelona,Tech,L6,Tech L6,F,Permanent,Onsite,1.0,40,3,115200,24320,0,0,5400
W02208,DE · Munich,DE,Munich,Sales,L1,Sales L1,F,Permanent,Hybrid,1.0,40,2,40950,0,5510,0,0
W02209,IT · Milan,IT,Milan,Finance,L1,Finance L1,M,Fixed-term,Hybrid,1.0,40,3,24650,0,0,0,0
W02211,IT · Milan,IT,Milan,Finance,L1,Finance L1,F,Permanent,Hybrid,1.0,40,4,28450,0,0,0,0
W02212,IT · Milan,IT,Milan,Customer Service,L6,Customer Service L6,M,Permanent,Onsite,1.0,40,4,88300,22150,0,0,6000
W02213,ES · Barcelona,ES,Barcelona,Operations,L3,Operations L3,F,Permanent,Hybrid,0.8,32,3,24440,1180,0,0,0
W02214,ES · Barcelona,ES,Barcelona,Finance,L2,Finance L2,M,Permanent,Onsite,1.0,40,4,36350,0,0,0,0
W02215,IT · Milan,IT,Milan,Finance,L2,Finance L2,F,Permanent,Hybrid,1.0,40,4,34000,0,0,0,0
W02217,PL · Kraków,PL,Krakow,Customer Service,L3,Customer Service L3,F,Permanent,Hybrid,1.0,40,3,33450,1810,0,0,0
W02218,PL · Kraków,PL,Krakow,Customer Service,L1,Customer Service L1,F,Permanent,Hybrid,1.0,40,3,19650,0,0,0,0
W02219,PL · Kraków,PL,Krakow,Sales,L2,Sales L2,M,Permanent,Onsite,1.0,40,2,29000,0,5660,0,0
W02220,ES · Barcelona,ES,Barcelona,Sales,L3,Sales L3,M,Permanent,Remote,1.0,40,4,52200,3290,7120,0,0
W02221,DE · Munich,DE,Munich,HR,L2,HR L2,F,Permanent,Hybrid,1.0,40,3,45400,0,0,0,0
W02222,IT · Milan,IT,Milan,Finance,L2,Finance L2,M,Permanent,Onsite,0.8,32,3,27360,0,0,0,0
W02223,IT · Milan,IT,Milan,Customer Service,L3,Customer Service L3,F,Fixed-term,Hybrid,0.8,32,5,26480,2070,0,0,0
W02224,IT · Milan,IT,Milan,Customer Service,L2,Customer Service L2,F,Permanent,Onsite,1.0,40,2,30200,0,0,1320,0
W02225,PL · Kraków,PL,Krakow,Customer Service,L2,Customer Service L2,F,Permanent,Hybrid,1.0,40,4,21950,0,0,0,0
W02227,ES · Barcelona,ES,Barcelona,HR,L3,HR L3,M,Permanent,Hybrid,1.0,40,3,34500,1730,0,0,0
W02228,ES · Barcelona,ES,Barcelona,Customer Service,L2,Customer Service L2,M,Permanent,Onsite,1.0,40,3,26400,0,0,1200,0
W02229,ES · Barcelona,ES,Barcelona,Finance,L4,Finance L4,M,Permanent,Onsite,1.0,40,3,65150,5010,0,0,0
W02230,DE · Munich,DE,Munich,Customer Service,L4,Customer Service L4,M,Permanent,Remote,1.0,40,3,74250,5570,0,0,0
W02231,DE · Munich,DE,Munich,Tech,L4,Tech L4,M,Permanent,Hybrid,1.0,40,3,104500,9040,0,0,0
W02232,IT · Milan,IT,Milan,Customer Service,L1,Customer Service L1,F,Permanent,Hybrid,1.0,40,4,22850,0,0,0,0
W02233,IT · Milan,IT,Milan,Operations,L2,Operations L2,F,Permanent,Remote,1.0,40,4,31600,0,0,0,0
W02234,IT · Milan,IT,Milan,Tech,L4,Tech L4,M,Permanent,Onsite,1.0,40,3,55950,4390,0,0,0
W02235,IT · Milan,IT,Milan,Sales,L4,Sales L4,M,Permanent,Remote,1.0,40,3,51500,4000,12310,0,0
W02236,ES · Barcelona,ES,Barcelona,Operations,L4,Operations L4,F,Permanent,Hybrid,1.0,40,3,43550,3160,0,0,0
W02238,DE · Munich,DE,Munich,Customer Service,L2,Customer Service L2,F,Permanent,Remote,1.0,40,3,39400,0,0,0,0
W02239,DE · Munich,DE,Munich,Tech,L4,Tech L4,F,Permanent,Onsite,1.0,40,3,116950,8940,0,0,0
W02240,DE · Munich,DE,Munich,Operations,L1,Operations L1,F,Permanent,Remote,1.0,40,4,36600,0,0,0,0
W02241,DE · Munich,DE,Munich,Sales,L2,Sales L2,F,Permanent,Hybrid,1.0,40,2,40900,0,5430,0,0
W02242,DE · Munich,DE,Munich,Finance,L3,Finance L3,F,Permanent,Onsite,1.0,40,3,66900,3620,0,0,0
W02243,PL · Kraków,PL,Krakow,Operations,L3,Operations L3,F,Permanent,Hybrid,1.0,40,3,31750,1540,0,0,0
W02244,PL · Kraków,PL,Krakow,Operations,L5,Operations L5,M,Permanent,Hybrid,1.0,40,3,44650,5360,0,0,4200
W02245,ES · Barcelona,ES,Barcelona,Finance,L2,Finance L2,F,Permanent,Hybrid,1.0,40,3,34600,0,0,0,0
W02246,PL · Kraków,PL,Krakow,Sales,L1,Sales L1,M,Permanent,Hybrid,1.0,40,4,14750,0,2390,0,0
W02247,PL · Kraków,PL,Krakow,Customer Service,L4,Customer Service L4,M,Permanent,Hybrid,1.0,40,3,39650,2820,0,0,0
W02248,IT · Milan,IT,Milan,Tech,L4,Tech L4,M,Permanent,Onsite,1.0,40,1,80450,0,0,0,0
W02249,PL · Kraków,PL,Krakow,Finance,L5,Finance L5,M,Permanent,Hybrid,1.0,40,3,63800,7350,0,0,4200
W02251,IT · Milan,IT,Milan,Customer Service,L4,Customer Service L4,M,Permanent,Hybrid,1.0,40,3,50050,4320,0,0,0
W02252,PL · Kraków,PL,Krakow,Customer Service,L5,Customer Service L5,F,Permanent,Remote,1.0,40,3,52750,6520,0,0,4200
W02253,IT · Milan,IT,Milan,Finance,L4,Finance L4,F,Permanent,Remote,0.8,32,3,51920,4460,0,0,0
W02256,IT · Milan,IT,Milan,HR,L2,HR L2,F,Permanent,Hybrid,1.0,40,3,28400,0,0,0,0
W02257,PL · Kraków,PL,Krakow,Operations,L4,Operations L4,F,Permanent,Hybrid,1.0,40,4,38900,3850,0,0,0
W02258,PL · Kraków,PL,Krakow,Operations,L2,Operations L2,M,Fixed-term,Hybrid,1.0,40,3,26200,0,0,0,0
W02259,PL · Kraków,PL,Krakow,Tech,L4,Tech L4,M,Permanent,Remote,1.0,40,4,62900,6630,0,0,0
W02260,IT · Milan,IT,Milan,Operations,L1,Operations L1,F,Permanent,Onsite,1.0,40,2,21950,0,0,1320,0
W02261,DE · Munich,DE,Munich,Customer Service,L1,Customer Service L1,M,Permanent,Hybrid,1.0,40,3,31700,0,0,0,0
W02262,DE · Munich,DE,Munich,Operations,L2,Operations L2,F,Permanent,Hybrid,1.0,40,3,40600,0,0,0,0
W02263,ES · Barcelona,ES,Barcelona,Customer Service,L2,Customer Service L2,F,Permanent,Onsite,1.0,40,3,27600,0,0,1200,0
W02264,PL · Kraków,PL,Krakow,Customer Service,L3,Customer Service L3,F,Permanent,Onsite,1.0,40,5,29400,2180,0,840,0
W02265,IT · Milan,IT,Milan,Operations,L3,Operations L3,F,Permanent,Onsite,1.0,40,5,35050,2830,0,1320,0
W02267,DE · Munich,DE,Munich,Operations,L1,Operations L1,F,Permanent,Hybrid,1.0,40,3,36950,0,0,0,0
W02268,PL · Kraków,PL,Krakow,Finance,L1,Finance L1,M,Permanent,Onsite,1.0,40,4,23000,0,0,0,0
W02269,ES · Barcelona,ES,Barcelona,Operations,L2,Operations L2,M,Permanent,Remote,1.0,40,3,29650,0,0,0,0
W02270,ES · Barcelona,ES,Barcelona,Tech,L2,Tech L2,F,Fixed-term,Hybrid,1.0,40,3,31150,0,0,0,0
W02271,DE · Munich,DE,Munich,Customer Service,L2,Customer Service L2,M,Permanent,Hybrid,1.0,40,3,41250,0,0,0,0
W02272,PL · Kraków,PL,Krakow,Tech,L1,Tech L1,F,Fixed-term,Hybrid,1.0,40,3,25350,0,0,0,0
W02273,IT · Milan,IT,Milan,Finance,L4,Finance L4,M,Permanent,Onsite,1.0,40,3,68100,5720,0,0,0
W02274,DE · Munich,DE,Munich,Operations,L2,Operations L2,F,Fixed-term,Hybrid,1.0,40,3,43600,0,0,0,0
W02275,DE · Munich,DE,Munich,HR,L2,HR L2,M,Fixed-term,Hybrid,1.0,40,2,48300,0,0,0,0
W02276,ES · Barcelona,ES,Barcelona,Customer Service,L1,Customer Service L1,M,Permanent,Hybrid,1.0,40,3,24300,0,0,0,0
W02277,ES · Barcelona,ES,Barcelona,Tech,L2,Tech L2,M,Permanent,Hybrid,1.0,40,3,38400,0,0,0,0
W02278,DE · Munich,DE,Munich,Finance,L1,Finance L1,F,Permanent,Remote,1.0,40,3,40750,0,0,0,0
W02279,PL · Kraków,PL,Krakow,Sales,L1,Sales L1,F,Permanent,Hybrid,1.0,40,3,26750,0,2550,0,0
W02280,DE · Munich,DE,Munich,Sales,L5,Sales L5,F,Permanent,Hybrid,1.0,40,3,108600,12830,13210,0,7200
W02281,DE · Munich,DE,Munich,Operations,L3,Operations L3,F,Permanent,Hybrid,1.0,40,4,53350,3520,0,0,0
W02282,ES · Barcelona,ES,Barcelona,Operations,L2,Operations L2,F,Permanent,Hybrid,1.0,40,1,30600,0,0,0,0
W02283,IT · Milan,IT,Milan,Tech,L2,Tech L2,M,Permanent,Hybrid,1.0,40,3,39800,0,0,0,0
W02285,DE · Munich,DE,Munich,Finance,L4,Finance L4,M,Permanent,Hybrid,1.0,40,3,93950,7800,0,0,0
W02286,PL · Kraków,PL,Krakow,Customer Service,L3,Customer Service L3,F,Permanent,Hybrid,1.0,40,3,31200,1740,0,0,0
W02288,DE · Munich,DE,Munich,Operations,L1,Operations L1,M,Permanent,Onsite,1.0,40,1,32250,0,0,1800,0
W02289,IT · Milan,IT,Milan,Operations,L5,Operations L5,M,Fixed-term,Onsite,1.0,40,5,78300,13210,0,0,6000
W02290,PL · Kraków,PL,Krakow,Tech,L1,Tech L1,M,Permanent,Hybrid,1.0,40,3,23750,0,0,0,0
W02291,IT · Milan,IT,Milan,HR,L1,HR L1,F,Permanent,Onsite,0.8,32,3,21520,0,0,0,0
W02292,IT · Milan,IT,Milan,Operations,L2,Operations L2,M,Permanent,Remote,1.0,40,3,24600,0,0,0,0
W02293,PL · Kraków,PL,Krakow,Tech,L3,Tech L3,F,Permanent,Hybrid,1.0,40,3,40950,1930,0,0,0
W02294,PL · Kraków,PL,Krakow,Tech,L2,Tech L2,M,Permanent,Hybrid,1.0,40,3,30400,0,0,0,0
W02295,ES · Barcelona,ES,Barcelona,Customer Service,L2,Customer Service L2,F,Fixed-term,Hybrid,1.0,40,2,29900,0,0,0,0
W02296,IT · Milan,IT,Milan,Sales,L1,Sales L1,F,Permanent,Onsite,1.0,40,1,26300,0,3170,0,0
W02297,DE · Munich,DE,Munich,Finance,L2,Finance L2,M,Permanent,Hybrid,1.0,40,3,47950,0,0,0,0
W02298,IT · Milan,IT,Milan,Tech,L1,Tech L1,M,Permanent,Hybrid,1.0,40,2,29550,0,0,0,0
W02299,PL · Kraków,PL,Krakow,Finance,L1,Finance L1,F,Permanent,Hybrid,1.0,40,2,23700,0,0,0,0
W02300,IT · Milan,IT,Milan,Operations,L2,Operations L2,M,Permanent,Remote,1.0,40,3,27800,0,0,0,0
W02301,DE · Munich,DE,Munich,Customer Service,L6,Customer Service L6,F,Permanent,Onsite,1.0,40,3,116700,25300,0,0,7200
W02302,ES · Barcelona,ES,Barcelona,Customer Service,L2,Customer Service L2,F,Permanent,Hybrid,1.0,40,4,22400,0,0,0,0
W02303,IT · Milan,IT,Milan,HR,L1,HR L1,M,Fixed-term,Onsite,1.0,40,3,30200,0,0,0,0
W02304,DE · Munich,DE,Munich,Sales,L4,Sales L4,F,Permanent,Remote,1.0,40,4,75400,8240,13210,0,0
W02305,IT · Milan,IT,Milan,Sales,L2,Sales L2,M,Permanent,Hybrid,1.0,40,3,33500,0,5720,0,0
W02306,PL · Kraków,PL,Krakow,Operations,L2,Operations L2,M,Permanent,Onsite,1.0,40,2,28400,0,0,840,0
W02307,IT · Milan,IT,Milan,Tech,L2,Tech L2,F,Permanent,Remote,1.0,40,1,43550,0,0,0,0
W02308,IT · Milan,IT,Milan,Operations,L3,Operations L3,F,Permanent,Hybrid,1.0,40,2,42800,1150,0,0,0
W02309,IT · Milan,IT,Milan,Operations,L3,Operations L3,F,Permanent,Onsite,0.8,32,3,31960,1680,0,1056,0
W02310,PL · Kraków,PL,Krakow,Tech,L1,Tech L1,F,Permanent,Remote,1.0,40,3,25500,0,0,0,0
W02311,PL · Kraków,PL,Krakow,Customer Service,L2,Customer Service L2,F,Permanent,Onsite,1.0,40,5,25450,0,0,840,0
W02312,DE · Munich,DE,Munich,Operations,L4,Operations L4,M,Fixed-term,Hybrid,1.0,40,5,65750,7650,0,0,0
W02313,DE · Munich,DE,Munich,Sales,L1,Sales L1,F,Permanent,Remote,1.0,40,3,43850,0,4230,0,0
W02315,PL · Kraków,PL,Krakow,Customer Service,L4,Customer Service L4,M,Permanent,Onsite,1.0,40,4,35950,3600,0,0,0
W02316,PL · Kraków,PL,Krakow,HR,L1,HR L1,M,Fixed-term,Remote,1.0,40,3,19300,0,0,0,0
W02318,DE · Munich,DE,Munich,Customer Service,L2,Customer Service L2,M,Fixed-term,Onsite,1.0,40,4,43050,0,0,1800,0
W02319,IT · Milan,IT,Milan,HR,L3,HR L3,M,Fixed-term,Remote,1.0,40,3,45600,2350,0,0,0
W02320,ES · Barcelona,ES,Barcelona,Customer Service,L3,Customer Service L3,M,Fixed-term,Remote,1.0,40,4,31500,1780,0,0,0
W02321,ES · Barcelona,ES,Barcelona,Operations,L3,Operations L3,F,Permanent,Hybrid,1.0,40,1,39900,0,0,0,0
W02323,DE · Munich,DE,Munich,Operations,L2,Operations L2,M,Permanent,Hybrid,1.0,40,4,37600,0,0,0,0
W02324,PL · Kraków,PL,Krakow,Customer Service,L2,Customer Service L2,F,Permanent,Hybrid,0.8,32,4,17880,0,0,0,0
W02326,DE · Munich,DE,Munich,Operations,L2,Operations L2,F,Permanent,Hybrid,1.0,40,3,37650,0,0,0,0
W02327,DE · Munich,DE,Munich,Tech,L2,Tech L2,F,Permanent,Hybrid,1.0,40,3,52700,0,0,0,0
W02328,IT · Milan,IT,Milan,Customer Service,L2,Customer Service L2,F,Fixed-term,Hybrid,0.8,32,4,28800,0,0,0,0
W02329,PL · Kraków,PL,Krakow,Operations,L2,Operations L2,M,Permanent,Onsite,1.0,40,3,21450,0,0,840,0
W02330,IT · Milan,IT,Milan,Operations,L4,Operations L4,F,Permanent,Hybrid,1.0,40,2,43300,1770,0,0,0
W02331,PL · Kraków,PL,Krakow,Tech,L4,Tech L4,M,Permanent,Remote,1.0,40,2,54850,2110,0,0,0
W02332,PL · Kraków,PL,Krakow,Customer Service,L2,Customer Service L2,F,Permanent,Hybrid,1.0,40,3,24500,0,0,0,0
W02333,ES · Barcelona,ES,Barcelona,HR,L3,HR L3,M,Permanent,Remote,1.0,40,3,40950,2150,0,0,0
W02334,DE · Munich,DE,Munich,Operations,L1,Operations L1,M,Permanent,Hybrid,1.0,40,4,32050,0,0,0,0
W02335,PL · Kraków,PL,Krakow,HR,L2,HR L2,F,Permanent,Onsite,1.0,40,5,23550,0,0,0,0
W02336,IT · Milan,IT,Milan,Sales,L4,Sales L4,F,Permanent,Remote,1.0,40,3,58950,5110,6010,0,0
W02337,PL · Kraków,PL,Krakow,Operations,L1,Operations L1,M,Fixed-term,Hybrid,1.0,40,2,16050,0,0,0,0
W02338,DE · Munich,DE,Munich,Customer Service,L2,Customer Service L2,F,Permanent,Hybrid,1.0,40,3,40300,0,0,0,0
W02339,IT · Milan,IT,Milan,Operations,L4,Operations L4,M,Permanent,Onsite,1.0,40,3,51950,4640,0,0,0
W02340,PL · Kraków,PL,Krakow,Customer Service,L3,Customer Service L3,M,Fixed-term,Hybrid,1.0,40,2,34750,930,0,0,0
W02341,PL · Kraków,PL,Krakow,Tech,L2,Tech L2,M,Permanent,Hybrid,1.0,40,3,30700,0,0,0,0
W02343,PL · Kraków,PL,Krakow,Operations,L1,Operations L1,F,Fixed-term,Onsite,0.8,32,3,14840,0,0,672,0
W02344,PL · Kraków,PL,Krakow,Finance,L3,Finance L3,F,Fixed-term,Remote,1.0,40,3,37050,1920,0,0,0
W02345,DE · Munich,DE,Munich,Customer Service,L2,Customer Service L2,F,Permanent,Remote,1.0,40,3,41500,0,0,0,0
W02346,DE · Munich,DE,Munich,Sales,L3,Sales L3,M,Permanent,Hybrid,1.0,40,3,72950,3970,10000,0,0
W02347,PL · Kraków,PL,Krakow,Operations,L5,Operations L5,F,Permanent,Onsite,1.0,40,3,49200,6190,0,0,4200
W02348,PL · Kraków,PL,Krakow,Tech,L4,Tech L4,M,Permanent,Hybrid,1.0,40,4,62800,6250,0,0,0
W02349,IT · Milan,IT,Milan,Customer Service,L3,Customer Service L3,M,Permanent,Onsite,1.0,40,3,39700,2060,0,1320,0
W02350,DE · Munich,DE,Munich,Tech,L2,Tech L2,F,Permanent,Onsite,1.0,40,4,61500,0,0,0,0
W02353,ES · Barcelona,ES,Barcelona,Sales,L1,Sales L1,M,Permanent,Remote,1.0,40,4,23300,0,3130,0,0
W02354,PL · Kraków,PL,Krakow,Tech,L5,Tech L5,F,Permanent,Hybrid,1.0,40,5,70850,13290,0,0,4200
W02355,IT · Milan,IT,Milan,Customer Service,L3,Customer Service L3,F,Fixed-term,Hybrid,1.0,40,3,33950,1750,0,0,0
W02356,PL · Kraków,PL,Krakow,Customer Service,L2,Customer Service L2,F,Permanent,Hybrid,1.0,40,2,24000,0,0,0,0
W02357,PL · Kraków,PL,Krakow,Tech,L1,Tech L1,F,Fixed-term,Hybrid,1.0,40,1,24550,0,0,0,0
W02359,DE · Munich,DE,Munich,Tech,L2,Tech L2,F,Permanent,Hybrid,1.0,40,3,62950,0,0,0,0
W02361,DE · Munich,DE,Munich,Finance,L1,Finance L1,M,Permanent,Hybrid,1.0,40,3,40300,0,0,0,0
W02362,PL · Kraków,PL,Krakow,Customer Service,L3,Customer Service L3,M,Permanent,Hybrid,1.0,40,2,30700,770,0,0,0
W02363,IT · Milan,IT,Milan,Operations,L5,Operations L5,M,Permanent,Onsite,1.0,40,4,76500,12600,0,0,6000
W02364,IT · Milan,IT,Milan,Tech,L3,Tech L3,F,Fixed-term,Onsite,1.0,40,2,45900,1130,0,0,0
W02365,PL · Kraków,PL,Krakow,Finance,L3,Finance L3,M,Permanent,Hybrid,1.0,40,2,35050,860,0,0,0
W02366,ES · Barcelona,ES,Barcelona,Sales,L3,Sales L3,F,Fixed-term,Hybrid,1.0,40,5,38200,2600,5770,0,0
W02368,IT · Milan,IT,Milan,Customer Service,L3,Customer Service L3,F,Permanent,Onsite,1.0,40,3,37300,1770,0,1320,0
W02369,DE · Munich,DE,Munich,Tech,L3,Tech L3,F,Permanent,Hybrid,1.0,40,3,70550,3140,0,0,0
W02370,PL · Kraków,PL,Krakow,Operations,L1,Operations L1,F,Permanent,Hybrid,1.0,40,2,23050,0,0,0,0
W02371,ES · Barcelona,ES,Barcelona,Operations,L5,Operations L5,M,Permanent,Onsite,1.0,40,3,64600,6720,0,0,5400
W02372,DE · Munich,DE,Munich,Tech,L4,Tech L4,F,Fixed-term,Hybrid,1.0,40,4,94400,9490,0,0,0
W02374,DE · Munich,DE,Munich,Tech,L3,Tech L3,F,Permanent,Hybrid,1.0,40,4,76400,4360,0,0,0
W02375,PL · Kraków,PL,Krakow,Operations,L1,Operations L1,F,Permanent,Remote,1.0,40,4,22050,0,0,0,0
W02376,IT · Milan,IT,Milan,Tech,L6,Tech L6,F,Permanent,Onsite,1.0,40,4,119650,28820,0,0,6000
W02377,PL · Kraków,PL,Krakow,Sales,L3,Sales L3,M,Permanent,Hybrid,1.0,40,5,36400,2770,5560,0,0
W02378,ES · Barcelona,ES,Barcelona,Customer Service,L4,Customer Service L4,M,Permanent,Onsite,1.0,40,4,49800,4640,0,0,0
W02379,PL · Kraków,PL,Krakow,Operations,L2,Operations L2,M,Permanent,Remote,1.0,40,2,28950,0,0,0,0
W02380,DE · Munich,DE,Munich,Customer Service,L2,Customer Service L2,M,Fixed-term,Hybrid,1.0,40,4,46450,0,0,0,0
W02381,PL · Kraków,PL,Krakow,Tech,L3,Tech L3,F,Permanent,Hybrid,1.0,40,4,40950,2480,0,0,0
W02382,IT · Milan,IT,Milan,Customer Service,L1,Customer Service L1,F,Permanent,Hybrid,1.0,40,2,21850,0,0,0,0
W02384,IT · Milan,IT,Milan,Operations,L2,Operations L2,M,Permanent,Onsite,1.0,40,3,31350,0,0,1320,0
W02385,PL · Kraków,PL,Krakow,HR,L1,HR L1,F,Permanent,Onsite,1.0,40,4,19450,0,0,0,0
W02386,DE · Munich,DE,Munich,Tech,L4,Tech L4,M,Permanent,Onsite,1.0,40,3,98000,7590,0,0,0
W02387,ES · Barcelona,ES,Barcelona,Sales,L3,Sales L3,F,Permanent,Onsite,1.0,40,3,48500,2670,7830,0,0
W02388,IT · Milan,IT,Milan,Customer Service,L2,Customer Service L2,F,Permanent,Remote,1.0,40,3,33450,0,0,0,0
W02389,PL · Kraków,PL,Krakow,Finance,L3,Finance L3,F,Permanent,Hybrid,1.0,40,3,39000,2050,0,0,0
W02390,PL · Kraków,PL,Krakow,Customer Service,L2,Customer Service L2,F,Permanent,Hybrid,1.0,40,3,21550,0,0,0,0
W02391,PL · Kraków,PL,Krakow,Customer Service,L3,Customer Service L3,F,Permanent,Remote,1.0,40,4,27450,1780,0,0,0
W02392,PL · Kraków,PL,Krakow,Customer Service,L2,Customer Service L2,M,Permanent,Onsite,1.0,40,4,23650,0,0,840,0
W02393,DE · Munich,DE,Munich,Sales,L1,Sales L1,M,Permanent,Remote,1.0,40,5,38600,0,6270,0,0
W02394,IT · Milan,IT,Milan,Operations,L6,Operations L6,M,Fixed-term,Hybrid,1.0,40,4,101900,24370,0,0,6000
W02397,PL · Kraków,PL,Krakow,Sales,L4,Sales L4,F,Permanent,Remote,1.0,40,3,44850,3680,3500,0,0
W02398,DE · Munich,DE,Munich,Finance,L2,Finance L2,F,Fixed-term,Hybrid,1.0,40,3,45000,0,0,0,0
W02399,IT · Milan,IT,Milan,Operations,L1,Operations L1,F,Permanent,Onsite,1.0,40,3,23200,0,0,1320,0
W02400,DE · Munich,DE,Munich,HR,L2,HR L2,F,Fixed-term,Hybrid,1.0,40,3,40500,0,0,0,0
W02401,IT · Milan,IT,Milan,Operations,L1,Operations L1,F,Permanent,Hybrid,1.0,40,3,25850,0,0,0,0
W02403,DE · Munich,DE,Munich,HR,L4,HR L4,F,Permanent,Hybrid,1.0,40,3,83100,6590,0,0,0
W02404,PL · Kraków,PL,Krakow,Customer Service,L1,Customer Service L1,M,Permanent,Hybrid,0.8,32,3,16600,0,0,0,0
W02405,IT · Milan,IT,Milan,Finance,L2,Finance L2,M,Permanent,Remote,0.8,32,3,28640,0,0,0,0
W02406,IT · Milan,IT,Milan,Tech,L1,Tech L1,M,Permanent,Onsite,1.0,40,3,36950,0,0,0,0
W02407,ES · Barcelona,ES,Barcelona,Customer Service,L1,Customer Service L1,M,Permanent,Hybrid,1.0,40,1,22300,0,0,0,0
W02408,DE · Munich,DE,Munich,Finance,L2,Finance L2,F,Permanent,Hybrid,1.0,40,2,56250,0,0,0,0
W02409,PL · Kraków,PL,Krakow,Operations,L2,Operations L2,F,Permanent,Remote,1.0,40,3,20850,0,0,0,0
W02410,DE · Munich,DE,Munich,Tech,L1,Tech L1,F,Permanent,Onsite,1.0,40,4,45600,0,0,0,0
W02411,PL · Kraków,PL,Krakow,Customer Service,L1,Customer Service L1,M,Permanent,Onsite,1.0,40,4,16950,0,0,840,0
W02413,IT · Milan,IT,Milan,Tech,L1,Tech L1,M,Fixed-term,Hybrid,1.0,40,4,32500,0,0,0,0
W02416,IT · Milan,IT,Milan,Operations,L2,Operations L2,M,Permanent,Hybrid,1.0,40,1,29100,0,0,0,0
W02418,PL · Kraków,PL,Krakow,Operations,L1,Operations L1,F,Fixed-term,Onsite,1.0,40,2,17750,0,0,840,0
W02421,ES · Barcelona,ES,Barcelona,Sales,L1,Sales L1,M,Permanent,Hybrid,1.0,40,3,27250,0,4230,0,0
W02422,IT · Milan,IT,Milan,Tech,L4,Tech L4,M,Permanent,Onsite,1.0,40,3,75100,5880,0,0,0
W02423,IT · Milan,IT,Milan,Tech,L2,Tech L2,M,Permanent,Onsite,1.0,40,5,36200,0,0,0,0
W02424,DE · Munich,DE,Munich,Customer Service,L3,Customer Service L3,M,Permanent,Hybrid,1.0,40,4,58950,3960,0,0,0
W02425,DE · Munich,DE,Munich,Sales,L1,Sales L1,M,Permanent,Onsite,1.0,40,3,41300,0,8800,0,0
W02426,IT · Milan,IT,Milan,Sales,L3,Sales L3,M,Fixed-term,Onsite,1.0,40,3,42350,1930,5250,0,0
W02427,PL · Kraków,PL,Krakow,Customer Service,L2,Customer Service L2,F,Permanent,Hybrid,1.0,40,4,22000,0,0,0,0
W02428,PL · Kraków,PL,Krakow,HR,L3,HR L3,F,Permanent,Remote,0.8,32,3,30200,1470,0,0,0
W02430,DE · Munich,DE,Munich,Sales,L2,Sales L2,F,Permanent,Onsite,1.0,40,3,50150,0,5910,0,0
W02431,PL · Kraków,PL,Krakow,Sales,L1,Sales L1,F,Permanent,Remote,1.0,40,4,23800,0,2570,0,0
W02433,PL · Kraków,PL,Krakow,Customer Service,L4,Customer Service L4,F,Permanent,Remote,1.0,40,3,33750,2730,0,0,0
W02434,PL · Kraków,PL,Krakow,Customer Service,L1,Customer Service L1,F,Fixed-term,Remote,1.0,40,1,21050,0,0,0,0
W02435,PL · Kraków,PL,Krakow,Operations,L3,Operations L3,F,Permanent,Hybrid,0.8,32,3,27760,1390,0,0,0
W02437,PL · Kraków,PL,Krakow,HR,L2,HR L2,F,Permanent,Hybrid,1.0,40,4,25000,0,0,0,0
W02439,IT · Milan,IT,Milan,Finance,L1,Finance L1,F,Permanent,Hybrid,1.0,40,3,18850,0,0,0,0
W02440,PL · Kraków,PL,Krakow,Finance,L1,Finance L1,F,Permanent,Onsite,0.8,32,2,17480,0,0,0,0
W02441,PL · Kraków,PL,Krakow,Operations,L2,Operations L2,M,Permanent,Hybrid,1.0,40,3,22800,0,0,0,0
W02442,ES · Barcelona,ES,Barcelona,Sales,L5,Sales L5,M,Permanent,Onsite,1.0,40,3,70000,8480,12690,0,5400
W02443,IT · Milan,IT,Milan,Customer Service,L2,Customer Service L2,F,Permanent,Hybrid,1.0,40,4,27200,0,0,0,0
W02444,DE · Munich,DE,Munich,Sales,L2,Sales L2,F,Permanent,Hybrid,1.0,40,3,52000,0,5070,0,0
W02445,DE · Munich,DE,Munich,Customer Service,L2,Customer Service L2,F,Fixed-term,Remote,1.0,40,3,33800,0,0,0,0
W02446,DE · Munich,DE,Munich,Finance,L1,Finance L1,F,Permanent,Onsite,1.0,40,2,43700,0,0,0,0
W02447,IT · Milan,IT,Milan,Tech,L4,Tech L4,M,Permanent,Hybrid,1.0,40,4,68200,6630,0,0,0
W02448,IT · Milan,IT,Milan,Operations,L2,Operations L2,M,Permanent,Onsite,1.0,40,3,35600,0,0,1320,0
W02449,IT · Milan,IT,Milan,Customer Service,L2,Customer Service L2,M,Permanent,Onsite,1.0,40,3,25650,0,0,1320,0
W02450,ES · Barcelona,ES,Barcelona,Tech,L3,Tech L3,M,Permanent,Onsite,1.0,40,3,40800,2170,0,0,0
W02451,PL · Kraków,PL,Krakow,Tech,L3,Tech L3,F,Permanent,Remote,1.0,40,3,33850,1700,0,0,0
W02452,DE · Munich,DE,Munich,Operations,L2,Operations L2,F,Permanent,Hybrid,0.8,32,3,35280,0,0,0,0
W02453,DE · Munich,DE,Munich,Finance,L1,Finance L1,M,Permanent,Onsite,1.0,40,3,51100,0,0,0,0
W02455,IT · Milan,IT,Milan,Tech,L1,Tech L1,M,Permanent,Hybrid,1.0,40,3,32950,0,0,0,0
W02456,IT · Milan,IT,Milan,Customer Service,L2,Customer Service L2,F,Fixed-term,Hybrid,1.0,40,3,29950,0,0,0,0
W02457,ES · Barcelona,ES,Barcelona,Customer Service,L5,Customer Service L5,M,Permanent,Onsite,1.0,40,2,68100,3910,0,0,5400
W02458,PL · Kraków,PL,Krakow,Tech,L3,Tech L3,F,Fixed-term,Hybrid,1.0,40,3,44000,2270,0,0,0
W02459,PL · Kraków,PL,Krakow,Customer Service,L1,Customer Service L1,M,Permanent,Onsite,1.0,40,2,16650,0,0,840,0
W02460,DE · Munich,DE,Munich,Tech,L1,Tech L1,M,Permanent,Hybrid,1.0,40,3,51600,0,0,0,0
W02462,IT · Milan,IT,Milan,Operations,L1,Operations L1,M,Permanent,Onsite,1.0,40,3,25400,0,0,1320,0
W02463,IT · Milan,IT,Milan,Operations,L3,Operations L3,F,Permanent,Hybrid,0.8,32,4,34800,2250,0,0,0
W02465,IT · Milan,IT,Milan,Tech,L1,Tech L1,M,Permanent,Hybrid,1.0,40,3,33450,0,0,0,0
W02466,DE · Munich,DE,Munich,Finance,L1,Finance L1,M,Permanent,Onsite,1.0,40,2,42050,0,0,0,0
W02468,DE · Munich,DE,Munich,Customer Service,L2,Customer Service L2,F,Permanent,Onsite,1.0,40,3,39700,0,0,1800,0
W02469,IT · Milan,IT,Milan,Customer Service,L3,Customer Service L3,F,Permanent,Hybrid,1.0,40,3,37200,1770,0,0,0
W02470,DE · Munich,DE,Munich,Customer Service,L2,Customer Service L2,M,Permanent,Onsite,1.0,40,4,43100,0,0,1800,0
W02472,IT · Milan,IT,Milan,Tech,L2,Tech L2,F,Permanent,Hybrid,1.0,40,4,47600,0,0,0,0
W02473,DE · Munich,DE,Munich,HR,L2,HR L2,F,Fixed-term,Remote,1.0,40,3,47500,0,0,0,0
W02474,PL · Kraków,PL,Krakow,Customer Service,L4,Customer Service L4,F,Permanent,Onsite,1.0,40,4,36100,3460,0,0,0
W02475,DE · Munich,DE,Munich,Customer Service,L4,Customer Service L4,F,Permanent,Hybrid,1.0,40,2,65750,2860,0,0,0
W02476,ES · Barcelona,ES,Barcelona,Operations,L2,Operations L2,F,Permanent,Hybrid,1.0,40,4,27100,0,0,0,0
W02477,PL · Kraków,PL,Krakow,Tech,L3,Tech L3,M,Fixed-term,Hybrid,1.0,40,3,35850,1780,0,0,0
W02478,IT · Milan,IT,Milan,Tech,L1,Tech L1,F,Permanent,Onsite,1.0,40,3,37450,0,0,0,0
W02479,DE · Munich,DE,Munich,Operations,L2,Operations L2,F,Fixed-term,Hybrid,1.0,40,3,39100,0,0,0,0
W02480,IT · Milan,IT,Milan,Customer Service,L2,Customer Service L2,F,Permanent,Remote,1.0,40,3,26300,0,0,0,0
W02482,PL · Kraków,PL,Krakow,Customer Service,L1,Customer Service L1,F,Fixed-term,Hybrid,1.0,40,3,18050,0,0,0,0
W02483,DE · Munich,DE,Munich,Operations,L5,Operations L5,F,Permanent,Remote,1.0,40,3,84950,9820,0,0,7200
W02484,IT · Milan,IT,Milan,Tech,L3,Tech L3,F,Permanent,Onsite,1.0,40,3,54650,2680,0,0,0
W02485,IT · Milan,IT,Milan,Customer Service,L1,Customer Service L1,F,Permanent,Onsite,1.0,40,2,24450,0,0,1320,0
W02486,DE · Munich,DE,Munich,Customer Service,L1,Customer Service L1,M,Fixed-term,Hybrid,1.0,40,4,32750,0,0,0,0
W02487,IT · Milan,IT,Milan,Operations,L1,Operations L1,M,Fixed-term,Hybrid,1.0,40,3,22000,0,0,0,0
W02488,PL · Kraków,PL,Krakow,Operations,L5,Operations L5,F,Permanent,Hybrid,1.0,40,4,40750,6320,0,0,4200
W02489,IT · Milan,IT,Milan,Operations,L1,Operations L1,F,Permanent,Onsite,1.0,40,4,24300,0,0,1320,0
W02490,IT · Milan,IT,Milan,Tech,L5,Tech L5,M,Permanent,Onsite,1.0,40,1,109450,0,0,0,6000
W02491,DE · Munich,DE,Munich,Customer Service,L3,Customer Service L3,M,Permanent,Hybrid,1.0,40,4,54200,3530,0,0,0
W02492,PL · Kraków,PL,Krakow,Sales,L4,Sales L4,M,Fixed-term,Remote,1.0,40,2,53900,2380,6140,0,0
W02493,IT · Milan,IT,Milan,Customer Service,L2,Customer Service L2,M,Permanent,Hybrid,1.0,40,3,31750,0,0,0,0
W02494,PL · Kraków,PL,Krakow,HR,L2,HR L2,F,Permanent,Hybrid,1.0,40,3,27950,0,0,0,0
W02495,DE · Munich,DE,Munich,Customer Service,L4,Customer Service L4,F,Permanent,Hybrid,1.0,40,3,75800,6580,0,0,0
W02497,IT · Milan,IT,Milan,Customer Service,L1,Customer Service L1,F,Permanent,Remote,1.0,40,4,21100,0,0,0,0
W02498,DE · Munich,DE,Munich,Sales,L1,Sales L1,F,Permanent,Hybrid,0.8,32,4,33080,0,5360,0,0
W02499,DE · Munich,DE,Munich,Tech,L5,Tech L5,M,Permanent,Hybrid,1.0,40,3,136850,16650,0,0,7200
W02500,DE · Munich,DE,Munich,Customer Service,L3,Customer Service L3,F,Permanent,Onsite,1.0,40,4,53450,3260,0,1800,0
W02501,DE · Munich,DE,Munich,Operations,L2,Operations L2,F,Fixed-term,Hybrid,0.8,32,2,33520,0,0,0,0
W02503,PL · Kraków,PL,Krakow,Customer Service,L4,Customer Service L4,M,Permanent,Hybrid,1.0,40,3,39400,3180,0,0,0
W02504,ES · Barcelona,ES,Barcelona,Finance,L1,Finance L1,M,Permanent,Hybrid,1.0,40,3,27200,0,0,0,0
W02506,DE · Munich,DE,Munich,Operations,L2,Operations L2,M,Permanent,Hybrid,1.0,40,4,45600,0,0,0,0
W02507,DE · Munich,DE,Munich,Operations,L3,Operations L3,M,Permanent,Onsite,1.0,40,3,60050,3340,0,1800,0
W02508,ES · Barcelona,ES,Barcelona,Operations,L4,Operations L4,F,Permanent,Hybrid,1.0,40,3,46950,3190,0,0,0
W02509,DE · Munich,DE,Munich,Sales,L1,Sales L1,M,Permanent,Onsite,1.0,40,2,40450,0,3650,0,0
W02510,DE · Munich,DE,Munich,Operations,L1,Operations L1,M,Permanent,Hybrid,1.0,40,4,33300,0,0,0,0
W02512,DE · Munich,DE,Munich,HR,L1,HR L1,F,Permanent,Hybrid,1.0,40,4,36800,0,0,0,0
W02513,ES · Barcelona,ES,Barcelona,Sales,L1,Sales L1,F,Permanent,Remote,1.0,40,5,25750,0,2510,0,0
W02514,PL · Kraków,PL,Krakow,Sales,L3,Sales L3,F,Permanent,Hybrid,1.0,40,4,36750,2220,3460,0,0
W02515,PL · Kraków,PL,Krakow,Customer Service,L1,Customer Service L1,F,Permanent,Remote,1.0,40,4,16650,0,0,0,0
W02516,IT · Milan,IT,Milan,Customer Service,L1,Customer Service L1,F,Permanent,Hybrid,1.0,40,3,24350,0,0,0,0
W02517,IT · Milan,IT,Milan,Finance,L1,Finance L1,F,Permanent,Onsite,1.0,40,3,29300,0,0,0,0
W02518,PL · Kraków,PL,Krakow,Customer Service,L2,Customer Service L2,M,Permanent,Hybrid,0.8,32,3,22280,0,0,0,0
W02519,IT · Milan,IT,Milan,Operations,L1,Operations L1,F,Permanent,Hybrid,1.0,40,3,21000,0,0,0,0
W02520,ES · Barcelona,ES,Barcelona,HR,L1,HR L1,F,Permanent,Hybrid,0.8,32,2,22000,0,0,0,0
W02521,DE · Munich,DE,Munich,Operations,L4,Operations L4,M,Permanent,Hybrid,1.0,40,3,62800,4980,0,0,0
W02522,DE · Munich,DE,Munich,Tech,L1,Tech L1,F,Permanent,Onsite,1.0,40,3,49300,0,0,0,0
W02523,DE · Munich,DE,Munich,Customer Service,L3,Customer Service L3,M,Fixed-term,Onsite,1.0,40,3,47500,2320,0,1800,0
W02525,IT · Milan,IT,Milan,Finance,L1,Finance L1,F,Permanent,Hybrid,1.0,40,3,25000,0,0,0,0
W02526,DE · Munich,DE,Munich,Tech,L1,Tech L1,M,Permanent,Hybrid,1.0,40,3,53100,0,0,0,0
W02527,IT · Milan,IT,Milan,Operations,L5,Operations L5,F,Permanent,Remote,1.0,40,5,80200,13970,0,0,6000
W02528,ES · Barcelona,ES,Barcelona,Tech,L1,Tech L1,F,Permanent,Hybrid,1.0,40,3,26850,0,0,0,0
W02529,PL · Kraków,PL,Krakow,HR,L1,HR L1,F,Permanent,Hybrid,1.0,40,4,19300,0,0,0,0
W02530,IT · Milan,IT,Milan,Tech,L1,Tech L1,F,Fixed-term,Remote,0.8,32,2,25640,0,0,0,0
W02531,IT · Milan,IT,Milan,Customer Service,L1,Customer Service L1,F,Permanent,Hybrid,1.0,40,2,17900,0,0,0,0
W02532,IT · Milan,IT,Milan,Operations,L2,Operations L2,F,Fixed-term,Hybrid,1.0,40,3,26000,0,0,0,0
W02533,DE · Munich,DE,Munich,Customer Service,L4,Customer Service L4,F,Permanent,Hybrid,1.0,40,3,75400,6220,0,0,0
W02534,IT · Milan,IT,Milan,Customer Service,L3,Customer Service L3,F,Permanent,Hybrid,1.0,40,4,35300,2220,0,0,0
W02536,DE · Munich,DE,Munich,Customer Service,L1,Customer Service L1,M,Permanent,Hybrid,1.0,40,2,35100,0,0,0,0
W02537,IT · Milan,IT,Milan,Tech,L2,Tech L2,M,Fixed-term,Hybrid,1.0,40,3,41650,0,0,0,0
W02538,DE · Munich,DE,Munich,Finance,L1,Finance L1,M,Permanent,Remote,1.0,40,3,35450,0,0,0,0
W02540,DE · Munich,DE,Munich,Finance,L3,Finance L3,M,Permanent,Hybrid,1.0,40,4,61350,3610,0,0,0
W02541,IT · Milan,IT,Milan,Sales,L3,Sales L3,F,Fixed-term,Hybrid,1.0,40,3,47800,2240,4550,0,0
W02542,ES · Barcelona,ES,Barcelona,Customer Service,L3,Customer Service L3,F,Permanent,Remote,1.0,40,3,35600,1750,0,0,0
W02543,DE · Munich,DE,Munich,Finance,L2,Finance L2,F,Permanent,Onsite,1.0,40,3,51800,0,0,0,0
W02544,ES · Barcelona,ES,Barcelona,Sales,L2,Sales L2,M,Permanent,Hybrid,1.0,40,3,36850,0,6990,0,0
W02545,IT · Milan,IT,Milan,Customer Service,L3,Customer Service L3,F,Permanent,Onsite,1.0,40,1,38300,0,0,1320,0
W02546,DE · Munich,DE,Munich,Finance,L1,Finance L1,M,Permanent,Hybrid,1.0,40,3,39950,0,0,0,0
W02547,DE · Munich,DE,Munich,Sales,L3,Sales L3,F,Permanent,Hybrid,1.0,40,4,60150,3440,7550,0,0
W02548,PL · Kraków,PL,Krakow,Customer Service,L3,Customer Service L3,F,Permanent,Hybrid,1.0,40,5,28900,2080,0,0,0
W02549,IT · Milan,IT,Milan,HR,L3,HR L3,F,Permanent,Remote,1.0,40,5,41700,3170,0,0,0
W02550,PL · Kraków,PL,Krakow,Operations,L1,Operations L1,F,Fixed-term,Hybrid,1.0,40,2,20250,0,0,0,0
W02551,IT · Milan,IT,Milan,Sales,L1,Sales L1,F,Permanent,Hybrid,1.0,40,5,26050,0,3830,0,0
W02553,PL · Kraków,PL,Krakow,Tech,L5,Tech L5,M,Permanent,Onsite,1.0,40,4,84800,13000,0,0,4200
W02554,PL · Kraków,PL,Krakow,Operations,L2,Operations L2,F,Permanent,Hybrid,1.0,40,4,25700,0,0,0,0
W02555,DE · Munich,DE,Munich,HR,L1,HR L1,F,Permanent,Hybrid,1.0,40,2,41350,0,0,0,0
W02556,PL · Kraków,PL,Krakow,Tech,L1,Tech L1,M,Permanent,Onsite,1.0,40,4,25300,0,0,0,0
W02557,ES · Barcelona,ES,Barcelona,Sales,L4,Sales L4,M,Fixed-term,Onsite,1.0,40,3,40950,3300,6190,0,0
W02558,ES · Barcelona,ES,Barcelona,Customer Service,L1,Customer Service L1,F,Permanent,Hybrid,1.0,40,4,25450,0,0,0,0
W02559,PL · Kraków,PL,Krakow,Operations,L1,Operations L1,M,Permanent,Onsite,1.0,40,3,19700,0,0,840,0
W02561,IT · Milan,IT,Milan,Operations,L5,Operations L5,M,Permanent,Hybrid,1.0,40,2,75650,4360,0,0,6000
W02563,IT · Milan,IT,Milan,Finance,L2,Finance L2,F,Fixed-term,Hybrid,1.0,40,3,35450,0,0,0,0
W02564,DE · Munich,DE,Munich,Customer Service,L1,Customer Service L1,M,Permanent,Hybrid,1.0,40,3,40950,0,0,0,0
W02565,DE · Munich,DE,Munich,HR,L4,HR L4,F,Permanent,Onsite,1.0,40,4,75450,6850,0,0,0
W02568,ES · Barcelona,ES,Barcelona,Sales,L4,Sales L4,M,Permanent,Remote,1.0,40,3,49350,3800,5210,0,0
W02569,IT · Milan,IT,Milan,Operations,L5,Operations L5,M,Permanent,Onsite,1.0,40,3,75100,9010,0,0,6000
W02570,IT · Milan,IT,Milan,Customer Service,L3,Customer Service L3,F,Fixed-term,Onsite,1.0,40,3,37000,1830,0,1320,0
W02571,IT · Milan,IT,Milan,Tech,L3,Tech L3,M,Permanent,Remote,1.0,40,4,44950,2600,0,0,0
W02573,PL · Kraków,PL,Krakow,Sales,L2,Sales L2,M,Fixed-term,Hybrid,0.8,32,3,21560,0,4200,0,0
W02575,IT · Milan,IT,Milan,Operations,L1,Operations L1,F,Permanent,Remote,1.0,40,4,24050,0,0,0,0
W02576,ES · Barcelona,ES,Barcelona,Sales,L2,Sales L2,F,Permanent,Onsite,1.0,40,4,40900,0,6370,0,0
W02577,PL · Kraków,PL,Krakow,Customer Service,L2,Customer Service L2,F,Permanent,Hybrid,1.0,40,4,23200,0,0,0,0
W02579,IT · Milan,IT,Milan,Operations,L4,Operations L4,M,Permanent,Onsite,1.0,40,4,50750,5010,0,0,0
W02580,PL · Kraków,PL,Krakow,Finance,L2,Finance L2,M,Permanent,Hybrid,1.0,40,2,29600,0,0,0,0
W02581,PL · Kraków,PL,Krakow,Tech,L2,Tech L2,F,Permanent,Hybrid,1.0,40,4,30100,0,0,0,0
W02582,IT · Milan,IT,Milan,Sales,L3,Sales L3,F,Permanent,Remote,0.8,32,3,39000,1790,4190,0,0
W02584,PL · Kraków,PL,Krakow,Customer Service,L5,Customer Service L5,F,Permanent,Remote,0.8,32,5,44480,7410,0,0,4200
W02585,PL · Kraków,PL,Krakow,Operations,L3,Operations L3,M,Permanent,Hybrid,1.0,40,2,22900,580,0,0,0
W02587,IT · Milan,IT,Milan,Finance,L1,Finance L1,F,Permanent,Remote,1.0,40,3,30350,0,0,0,0
W02588,ES · Barcelona,ES,Barcelona,HR,L1,HR L1,F,Permanent,Hybrid,1.0,40,3,25100,0,0,0,0
W02589,PL · Kraków,PL,Krakow,Customer Service,L5,Customer Service L5,F,Permanent,Hybrid,1.0,40,3,53350,6500,0,0,4200
W02590,IT · Milan,IT,Milan,Tech,L1,Tech L1,F,Permanent,Hybrid,1.0,40,4,29200,0,0,0,0
W02591,IT · Milan,IT,Milan,Operations,L1,Operations L1,M,Permanent,Remote,1.0,40,3,23300,0,0,0,0
W02592,IT · Milan,IT,Milan,Customer Service,L4,Customer Service L4,F,Permanent,Hybrid,1.0,40,3,45150,3560,0,0,0
W02593,PL · Kraków,PL,Krakow,Tech,L3,Tech L3,M,Permanent,Hybrid,1.0,40,3,44100,2100,0,0,0
W02594,IT · Milan,IT,Milan,Operations,L3,Operations L3,M,Fixed-term,Onsite,1.0,40,3,39200,1930,0,1320,0
W02595,ES · Barcelona,ES,Barcelona,Operations,L5,Operations L5,M,Fixed-term,Hybrid,1.0,40,3,69300,8080,0,0,5400
W02596,IT · Milan,IT,Milan,Sales,L5,Sales L5,M,Fixed-term,Hybrid,1.0,40,3,72350,9740,12480,0,6000
W02597,PL · Kraków,PL,Krakow,Tech,L5,Tech L5,M,Permanent,Hybrid,1.0,40,3,76650,10050,0,0,4200
W02599,DE · Munich,DE,Munich,Finance,L2,Finance L2,M,Permanent,Hybrid,1.0,40,4,53550,0,0,0,0
W02600,PL · Kraków,PL,Krakow,Customer Service,L1,Customer Service L1,F,Permanent,Hybrid,1.0,40,3,18900,0,0,0,0
W02601,IT · Milan,IT,Milan,Operations,L2,Operations L2,M,Permanent,Hybrid,1.0,40,3,29200,0,0,0,0
W02602,DE · Munich,DE,Munich,Tech,L3,Tech L3,M,Permanent,Hybrid,1.0,40,3,75700,3480,0,0,0
W02603,IT · Milan,IT,Milan,Operations,L4,Operations L4,F,Permanent,Remote,1.0,40,3,49300,3570,0,0,0
W02604,IT · Milan,IT,Milan,Operations,L1,Operations L1,M,Permanent,Onsite,1.0,40,4,25950,0,0,1320,0
W02605,PL · Kraków,PL,Krakow,Operations,L5,Operations L5,M,Permanent,Onsite,1.0,40,2,60700,3880,0,0,4200
W02607,IT · Milan,IT,Milan,Tech,L2,Tech L2,M,Permanent,Remote,1.0,40,3,41850,0,0,0,0
W02608,PL · Kraków,PL,Krakow,Customer Service,L3,Customer Service L3,F,Permanent,Remote,0.8,32,3,23480,1110,0,0,0
W02609,IT · Milan,IT,Milan,Sales,L1,Sales L1,M,Permanent,Hybrid,1.0,40,1,25450,0,3480,0,0
W02610,IT · Milan,IT,Milan,Sales,L2,Sales L2,F,Permanent,Hybrid,1.0,40,3,29900,0,2880,0,0
W02612,IT · Milan,IT,Milan,Customer Service,L3,Customer Service L3,F,Permanent,Hybrid,1.0,40,3,43950,1990,0,0,0
W02613,IT · Milan,IT,Milan,Customer Service,L2,Customer Service L2,M,Permanent,Hybrid,1.0,40,3,32850,0,0,0,0
W02614,PL · Kraków,PL,Krakow,Operations,L1,Operations L1,M,Fixed-term,Onsite,1.0,40,2,16900,0,0,840,0
W02615,DE · Munich,DE,Munich,Operations,L2,Operations L2,M,Permanent,Remote,1.0,40,3,39900,0,0,0,0
W02616,ES · Barcelona,ES,Barcelona,Sales,L6,Sales L6,M,Fixed-term,Remote,1.0,40,3,122650,23960,20560,0,5400
W02619,DE · Munich,DE,Munich,Finance,L2,Finance L2,M,Fixed-term,Hybrid,1.0,40,4,64750,0,0,0,0
W02620,IT · Milan,IT,Milan,Finance,L3,Finance L3,M,Permanent,Hybrid,1.0,40,1,45750,0,0,0,0
W02621,IT · Milan,IT,Milan,Customer Service,L2,Customer Service L2,M,Permanent,Hybrid,1.0,40,2,29800,0,0,0,0
W02622,PL · Kraków,PL,Krakow,Tech,L3,Tech L3,M,Permanent,Hybrid,1.0,40,4,47850,3040,0,0,0
W02623,ES · Barcelona,ES,Barcelona,Sales,L4,Sales L4,M,Permanent,Hybrid,1.0,40,3,45950,3510,5070,0,0
W02624,IT · Milan,IT,Milan,Sales,L4,Sales L4,F,Permanent,Hybrid,1.0,40,3,62500,5190,10160,0,0
W02625,IT · Milan,IT,Milan,Operations,L1,Operations L1,F,Fixed-term,Hybrid,1.0,40,4,27950,0,0,0,0
W02626,ES · Barcelona,ES,Barcelona,Tech,L4,Tech L4,F,Fixed-term,Hybrid,1.0,40,4,50450,5050,0,0,0
W02627,IT · Milan,IT,Milan,Customer Service,L2,Customer Service L2,M,Permanent,Hybrid,1.0,40,2,27950,0,0,0,0
W02628,ES · Barcelona,ES,Barcelona,Tech,L2,Tech L2,F,Permanent,Hybrid,1.0,40,3,38950,0,0,0,0
W02632,DE · Munich,DE,Munich,Customer Service,L1,Customer Service L1,F,Fixed-term,Onsite,0.8,32,4,23600,0,0,1440,0
W02633,PL · Kraków,PL,Krakow,Sales,L2,Sales L2,M,Fixed-term,Hybrid,1.0,40,3,19350,0,3710,0,0
W02634,IT · Milan,IT,Milan,Sales,L3,Sales L3,F,Permanent,Hybrid,1.0,40,2,43950,1130,3580,0,0
W02638,IT · Milan,IT,Milan,Tech,L5,Tech L5,M,Fixed-term,Hybrid,1.0,40,3,86600,10710,0,0,6000
W02639,ES · Barcelona,ES,Barcelona,Finance,L2,Finance L2,M,Fixed-term,Onsite,1.0,40,3,33800,0,0,0,0
W02640,IT · Milan,IT,Milan,Finance,L4,Finance L4,M,Permanent,Remote,1.0,40,3,57300,4530,0,0,0
W02641,IT · Milan,IT,Milan,Customer Service,L4,Customer Service L4,F,Permanent,Hybrid,1.0,40,4,42450,4070,0,0,0
W02642,PL · Kraków,PL,Krakow,Sales,L1,Sales L1,F,Permanent,Remote,1.0,40,4,21950,0,2480,0,0
W02643,DE · Munich,DE,Munich,Operations,L3,Operations L3,M,Permanent,Onsite,1.0,40,3,68200,3210,0,1800,0
W02644,DE · Munich,DE,Munich,Customer Service,L2,Customer Service L2,F,Permanent,Onsite,0.8,32,3,33240,0,0,1440,0
W02645,DE · Munich,DE,Munich,Operations,L2,Operations L2,M,Permanent,Onsite,1.0,40,3,36850,0,0,1800,0
W02647,PL · Kraków,PL,Krakow,Customer Service,L2,Customer Service L2,M,Permanent,Hybrid,1.0,40,3,17800,0,0,0,0
W02648,IT · Milan,IT,Milan,Operations,L5,Operations L5,M,Permanent,Onsite,1.0,40,2,67400,3750,0,0,6000
W02649,DE · Munich,DE,Munich,Customer Service,L5,Customer Service L5,M,Permanent,Hybrid,1.0,40,2,98350,5510,0,0,7200
W02650,IT · Milan,IT,Milan,Customer Service,L3,Customer Service L3,F,Permanent,Onsite,1.0,40,3,32250,1460,0,1320,0
W02651,IT · Milan,IT,Milan,Tech,L5,Tech L5,M,Permanent,Hybrid,1.0,40,4,101250,14970,0,0,6000
W02653,IT · Milan,IT,Milan,Tech,L1,Tech L1,M,Permanent,Remote,1.0,40,3,35650,0,0,0,0
W02654,IT · Milan,IT,Milan,Sales,L4,Sales L4,M,Fixed-term,Onsite,1.0,40,4,59200,6110,12060,0,0
W02655,IT · Milan,IT,Milan,HR,L2,HR L2,M,Fixed-term,Hybrid,1.0,40,3,34300,0,0,0,0
W02656,ES · Barcelona,ES,Barcelona,Sales,L1,Sales L1,M,Permanent,Remote,1.0,40,3,28500,0,5320,0,0
W02657,PL · Kraków,PL,Krakow,Tech,L3,Tech L3,F,Fixed-term,Hybrid,1.0,40,2,30600,730,0,0,0
W02658,IT · Milan,IT,Milan,Customer Service,L3,Customer Service L3,M,Fixed-term,Remote,1.0,40,4,38850,2270,0,0,0
W02659,IT · Milan,IT,Milan,Operations,L6,Operations L6,M,Permanent,Onsite,1.0,40,5,108150,34450,0,0,6000
W02660,IT · Milan,IT,Milan,Customer Service,L3,Customer Service L3,F,Permanent,Hybrid,1.0,40,2,33400,830,0,0,0
W02661,DE · Munich,DE,Munich,Sales,L4,Sales L4,M,Permanent,Hybrid,1.0,40,3,79900,5840,11590,0,0
W02662,IT · Milan,IT,Milan,Customer Service,L5,Customer Service L5,F,Permanent,Hybrid,1.0,40,3,57350,7540,0,0,6000
W02663,PL · Kraków,PL,Krakow,Operations,L5,Operations L5,F,Permanent,Hybrid,1.0,40,3,48250,6230,0,0,4200
W02665,IT · Milan,IT,Milan,Tech,L1,Tech L1,M,Permanent,Hybrid,1.0,40,3,29750,0,0,0,0
W02666,DE · Munich,DE,Munich,Finance,L5,Finance L5,F,Fixed-term,Hybrid,1.0,40,3,116200,15090,0,0,7200
W02667,PL · Kraków,PL,Krakow,Finance,L5,Finance L5,F,Permanent,Onsite,1.0,40,3,72700,7610,0,0,4200
W02668,PL · Kraków,PL,Krakow,Operations,L1,Operations L1,F,Permanent,Onsite,1.0,40,1,19650,0,0,840,0
W02669,DE · Munich,DE,Munich,Finance,L2,Finance L2,F,Permanent,Onsite,1.0,40,2,49750,0,0,0,0
W02671,IT · Milan,IT,Milan,Tech,L5,Tech L5,M,Permanent,Remote,1.0,40,4,95400,13860,0,0,6000
W02673,IT · Milan,IT,Milan,Customer Service,L3,Customer Service L3,M,Permanent,Remote,0.8,32,2,29160,800,0,0,0
W02675,DE · Munich,DE,Munich,Customer Service,L1,Customer Service L1,F,Fixed-term,Hybrid,1.0,40,4,29050,0,0,0,0
W02676,DE · Munich,DE,Munich,Operations,L2,Operations L2,M,Permanent,Remote,1.0,40,5,47850,0,0,0,0
W02677,PL · Kraków,PL,Krakow,Finance,L2,Finance L2,F,Permanent,Onsite,1.0,40,4,25700,0,0,0,0
W02678,PL · Kraków,PL,Krakow,Sales,L3,Sales L3,M,Permanent,Onsite,1.0,40,3,31750,1490,5980,0,0
W02679,PL · Kraków,PL,Krakow,Customer Service,L1,Customer Service L1,F,Fixed-term,Onsite,1.0,40,2,17850,0,0,840,0
W02680,PL · Kraków,PL,Krakow,Finance,L3,Finance L3,M,Permanent,Onsite,1.0,40,3,34500,1600,0,0,0
W02681,IT · Milan,IT,Milan,Tech,L1,Tech L1,M,Permanent,Remote,1.0,40,2,38350,0,0,0,0
W02682,PL · Kraków,PL,Krakow,Tech,L4,Tech L4,M,Permanent,Onsite,1.0,40,3,59300,4820,0,0,0
W02683,IT · Milan,IT,Milan,Operations,L1,Operations L1,M,Permanent,Remote,1.0,40,3,25950,0,0,0,0
W02684,DE · Munich,DE,Munich,HR,L3,HR L3,F,Permanent,Hybrid,1.0,40,2,56800,1450,0,0,0
W02685,ES · Barcelona,ES,Barcelona,Customer Service,L3,Customer Service L3,F,Permanent,Hybrid,1.0,40,3,42650,2220,0,0,0
W02686,IT · Milan,IT,Milan,Operations,L1,Operations L1,F,Permanent,Onsite,1.0,40,5,23550,0,0,1320,0
W02687,PL · Kraków,PL,Krakow,Tech,L2,Tech L2,F,Permanent,Onsite,1.0,40,4,30850,0,0,0,0
W02688,DE · Munich,DE,Munich,Customer Service,L3,Customer Service L3,F,Permanent,Remote,1.0,40,3,51600,2800,0,0,0
W02689,IT · Milan,IT,Milan,HR,L5,HR L5,F,Fixed-term,Remote,1.0,40,3,70100,8550,0,0,6000
W02690,DE · Munich,DE,Munich,Operations,L2,Operations L2,F,Fixed-term,Hybrid,1.0,40,3,48800,0,0,0,0
W02691,PL · Kraków,PL,Krakow,Operations,L3,Operations L3,M,Permanent,Hybrid,1.0,40,3,33300,1690,0,0,0
W02692,IT · Milan,IT,Milan,HR,L1,HR L1,M,Permanent,Hybrid,1.0,40,5,26250,0,0,0,0
W02693,IT · Milan,IT,Milan,Customer Service,L1,Customer Service L1,F,Permanent,Hybrid,0.8,32,5,18720,0,0,0,0
W02694,IT · Milan,IT,Milan,Customer Service,L2,Customer Service L2,F,Fixed-term,Onsite,1.0,40,3,31250,0,0,1320,0
W02695,IT · Milan,IT,Milan,Customer Service,L2,Customer Service L2,F,Permanent,Hybrid,1.0,40,4,28200,0,0,0,0
W02696,DE · Munich,DE,Munich,Finance,L3,Finance L3,M,Permanent,Hybrid,1.0,40,5,65050,5010,0,0,0
W02697,DE · Munich,DE,Munich,Sales,L1,Sales L1,F,Fixed-term,Hybrid,1.0,40,3,37500,0,4560,0,0
W02699,IT · Milan,IT,Milan,Sales,L3,Sales L3,F,Permanent,Hybrid,0.8,32,3,33960,1770,3760,0,0
W02700,PL · Kraków,PL,Krakow,Finance,L1,Finance L1,M,Permanent,Hybrid,1.0,40,3,24100,0,0,0,0
W02701,ES · Barcelona,ES,Barcelona,Customer Service,L3,Customer Service L3,F,Permanent,Hybrid,1.0,40,3,32750,1650,0,0,0
W02702,PL · Kraków,PL,Krakow,Finance,L5,Finance L5,M,Permanent,Remote,1.0,40,3,54800,7360,0,0,4200
W02704,DE · Munich,DE,Munich,Customer Service,L4,Customer Service L4,M,Permanent,Hybrid,1.0,40,5,79050,10230,0,0,0
W02705,IT · Milan,IT,Milan,Tech,L2,Tech L2,F,Permanent,Hybrid,1.0,40,3,42600,0,0,0,0
W02706,PL · Kraków,PL,Krakow,Finance,L1,Finance L1,F,Permanent,Hybrid,1.0,40,2,19400,0,0,0,0
W02707,IT · Milan,IT,Milan,Operations,L1,Operations L1,M,Fixed-term,Hybrid,1.0,40,4,26650,0,0,0,0
W02709,PL · Kraków,PL,Krakow,Operations,L2,Operations L2,F,Fixed-term,Onsite,1.0,40,3,23450,0,0,840,0
W02711,DE · Munich,DE,Munich,Operations,L5,Operations L5,F,Permanent,Hybrid,1.0,40,3,105050,14150,0,0,7200
W02712,IT · Milan,IT,Milan,Tech,L2,Tech L2,M,Fixed-term,Onsite,1.0,40,4,46000,0,0,0,0
W02713,PL · Kraków,PL,Krakow,Operations,L1,Operations L1,M,Fixed-term,Remote,1.0,40,3,19400,0,0,0,0
W02714,PL · Kraków,PL,Krakow,Customer Service,L4,Customer Service L4,M,Fixed-term,Remote,1.0,40,4,45000,4010,0,0,0
W02715,PL · Kraków,PL,Krakow,Tech,L2,Tech L2,F,Permanent,Remote,1.0,40,2,28500,0,0,0,0
W02716,IT · Milan,IT,Milan,Customer Service,L1,Customer Service L1,F,Permanent,Hybrid,1.0,40,2,22400,0,0,0,0
W02717,DE · Munich,DE,Munich,Customer Service,L2,Customer Service L2,F,Fixed-term,Hybrid,0.8,32,2,25720,0,0,0,0
W02718,IT · Milan,IT,Milan,Sales,L1,Sales L1,F,Permanent,Hybrid,1.0,40,3,26700,0,3220,0,0
W02719,IT · Milan,IT,Milan,Operations,L5,Operations L5,F,Fixed-term,Onsite,1.0,40,2,57300,3580,0,0,6000
W02721,DE · Munich,DE,Munich,Tech,L1,Tech L1,M,Permanent,Remote,1.0,40,3,56200,0,0,0,0
W02722,IT · Milan,IT,Milan,Operations,L2,Operations L2,M,Permanent,Onsite,1.0,40,3,34150,0,0,1320,0
W02724,PL · Kraków,PL,Krakow,Operations,L1,Operations L1,F,Fixed-term,Hybrid,1.0,40,2,18500,0,0,0,0
W02725,ES · Barcelona,ES,Barcelona,Customer Service,L4,Customer Service L4,F,Permanent,Onsite,1.0,40,3,51500,3600,0,0,0
W02726,IT · Milan,IT,Milan,Customer Service,L2,Customer Service L2,M,Permanent,Onsite,1.0,40,3,27550,0,0,1320,0
W02727,IT · Milan,IT,Milan,Finance,L3,Finance L3,F,Permanent,Remote,1.0,40,3,38050,1720,0,0,0
W02728,PL · Kraków,PL,Krakow,Operations,L3,Operations L3,M,Fixed-term,Hybrid,1.0,40,3,29800,1490,0,0,0
W02729,IT · Milan,IT,Milan,Operations,L2,Operations L2,F,Permanent,Hybrid,1.0,40,3,30250,0,0,0,0
W02730,IT · Milan,IT,Milan,HR,L3,HR L3,M,Permanent,Remote,1.0,40,3,37900,1970,0,0,0
W02731,DE · Munich,DE,Munich,Customer Service,L3,Customer Service L3,M,Permanent,Hybrid,1.0,40,3,54650,2530,0,0,0
W02732,ES · Barcelona,ES,Barcelona,Operations,L5,Operations L5,M,Fixed-term,Onsite,1.0,40,4,64500,9100,0,0,5400
W02733,IT · Milan,IT,Milan,Customer Service,L4,Customer Service L4,F,Permanent,Onsite,1.0,40,3,45200,3980,0,0,0
W02734,PL · Kraków,PL,Krakow,Customer Service,L5,Customer Service L5,F,Permanent,Hybrid,1.0,40,3,59500,7210,0,0,4200
W02735,IT · Milan,IT,Milan,Sales,L2,Sales L2,M,Permanent,Onsite,1.0,40,4,36750,0,7760,0,0
W02736,DE · Munich,DE,Munich,Customer Service,L3,Customer Service L3,M,Permanent,Onsite,1.0,40,3,60100,3170,0,1800,0
W02737,PL · Kraków,PL,Krakow,Operations,L1,Operations L1,F,Permanent,Onsite,1.0,40,3,19000,0,0,840,0
W02739,ES · Barcelona,ES,Barcelona,Operations,L3,Operations L3,F,Permanent,Hybrid,1.0,40,3,34900,1870,0,0,0
W02740,PL · Kraków,PL,Krakow,Sales,L5,Sales L5,M,Fixed-term,Onsite,0.8,32,4,54120,7350,8730,0,4200
W02741,DE · Munich,DE,Munich,Customer Service,L1,Customer Service L1,F,Permanent,Hybrid,1.0,40,4,27150,0,0,0,0
W02742,PL · Kraków,PL,Krakow,Operations,L5,Operations L5,M,Fixed-term,Onsite,1.0,40,4,54500,7440,0,0,4200
W02743,PL · Kraków,PL,Krakow,Customer Service,L2,Customer Service L2,M,Permanent,Hybrid,0.8,32,3,17880,0,0,0,0
W02744,IT · Milan,IT,Milan,Customer Service,L4,Customer Service L4,F,Fixed-term,Remote,1.0,40,2,46050,1940,0,0,0
W02746,PL · Kraków,PL,Krakow,Customer Service,L4,Customer Service L4,F,Permanent,Hybrid,1.0,40,3,36200,2860,0,0,0
W02747,PL · Kraków,PL,Krakow,Customer Service,L3,Customer Service L3,F,Fixed-term,Remote,1.0,40,3,30100,1550,0,0,0
W02748,IT · Milan,IT,Milan,Sales,L2,Sales L2,M,Permanent,Hybrid,1.0,40,3,35200,0,5760,0,0
W02750,PL · Kraków,PL,Krakow,Customer Service,L4,Customer Service L4,F,Permanent,Onsite,1.0,40,3,31600,2740,0,0,0
W02751,IT · Milan,IT,Milan,Customer Service,L3,Customer Service L3,M,Permanent,Hybrid,1.0,40,4,39050,2350,0,0,0
W02752,PL · Kraków,PL,Krakow,Customer Service,L1,Customer Service L1,F,Permanent,Hybrid,1.0,40,4,20450,0,0,0,0
W02753,ES · Barcelona,ES,Barcelona,Customer Service,L3,Customer Service L3,F,Permanent,Hybrid,1.0,40,2,38900,870,0,0,0
W02754,DE · Munich,DE,Munich,Customer Service,L2,Customer Service L2,M,Permanent,Onsite,1.0,40,3,46200,0,0,1800,0
W02755,PL · Kraków,PL,Krakow,Sales,L1,Sales L1,F,Permanent,Onsite,1.0,40,3,19750,0,2150,0,0
W02756,PL · Kraków,PL,Krakow,Operations,L3,Operations L3,F,Permanent,Hybrid,0.8,32,3,24960,1340,0,0,0
W02757,PL · Kraków,PL,Krakow,HR,L2,HR L2,F,Permanent,Onsite,1.0,40,2,30100,0,0,0,0
W02758,PL · Kraków,PL,Krakow,Sales,L2,Sales L2,F,Fixed-term,Hybrid,1.0,40,5,25000,0,3670,0,0
W02759,IT · Milan,IT,Milan,Sales,L2,Sales L2,F,Permanent,Remote,1.0,40,3,34250,0,4610,0,0
W02760,DE · Munich,DE,Munich,Customer Service,L3,Customer Service L3,F,Permanent,Hybrid,1.0,40,3,59350,2940,0,0,0
W02761,PL · Kraków,PL,Krakow,Operations,L2,Operations L2,M,Fixed-term,Remote,1.0,40,5,27100,0,0,0,0
W02762,PL · Kraków,PL,Krakow,Operations,L2,Operations L2,F,Permanent,Hybrid,1.0,40,3,25900,0,0,0,0
W02763,PL · Kraków,PL,Krakow,Operations,L3,Operations L3,M,Permanent,Onsite,1.0,40,4,34400,1750,0,840,0
W02764,IT · Milan,IT,Milan,Operations,L2,Operations L2,M,Permanent,Hybrid,1.0,40,3,33050,0,0,0,0
W02765,PL · Kraków,PL,Krakow,Customer Service,L2,Customer Service L2,M,Permanent,Hybrid,1.0,40,4,20950,0,0,0,0
W02766,IT · Milan,IT,Milan,Customer Service,L3,Customer Service L3,M,Fixed-term,Hybrid,1.0,40,4,34100,2000,0,0,0
W02767,DE · Munich,DE,Munich,Operations,L2,Operations L2,M,Permanent,Remote,1.0,40,3,47500,0,0,0,0
W02768,DE · Munich,DE,Munich,Tech,L4,Tech L4,M,Permanent,Hybrid,1.0,40,4,112600,12170,0,0,0
W02771,DE · Munich,DE,Munich,HR,L1,HR L1,F,Permanent,Onsite,1.0,40,1,40000,0,0,0,0
W02772,PL · Kraków,PL,Krakow,Sales,L3,Sales L3,F,Permanent,Hybrid,1.0,40,4,36600,2430,2970,0,0
W02773,PL · Kraków,PL,Krakow,Sales,L6,Sales L6,M,Permanent,Remote,1.0,40,3,83100,17850,13590,0,4200
W02774,ES · Barcelona,ES,Barcelona,Customer Service,L6,Customer Service L6,F,Permanent,Hybrid,1.0,40,3,90500,16880,0,0,5400
W02776,DE · Munich,DE,Munich,Sales,L2,Sales L2,F,Fixed-term,Onsite,1.0,40,3,51750,0,5060,0,0
W02777,ES · Barcelona,ES,Barcelona,Sales,L2,Sales L2,M,Fixed-term,Hybrid,1.0,40,4,27300,0,3380,0,0
W02778,PL · Kraków,PL,Krakow,Operations,L2,Operations L2,F,Permanent,Hybrid,1.0,40,3,24500,0,0,0,0
W02779,IT · Milan,IT,Milan,Finance,L2,Finance L2,F,Permanent,Hybrid,0.8,32,4,26160,0,0,0,0
W02780,IT · Milan,IT,Milan,Operations,L4,Operations L4,M,Permanent,Onsite,0.8,32,3,42600,3370,0,0,0
W02781,ES · Barcelona,ES,Barcelona,HR,L2,HR L2,M,Permanent,Onsite,1.0,40,3,28850,0,0,0,0
W02782,IT · Milan,IT,Milan,Customer Service,L3,Customer Service L3,F,Permanent,Remote,1.0,40,3,36000,1750,0,0,0
W02783,ES · Barcelona,ES,Barcelona,Finance,L1,Finance L1,F,Fixed-term,Hybrid,1.0,40,3,25650,0,0,0,0
W02784,IT · Milan,IT,Milan,Sales,L3,Sales L3,F,Permanent,Onsite,1.0,40,5,38750,3000,4740,0,0
W02785,PL · Kraków,PL,Krakow,Operations,L1,Operations L1,M,Permanent,Onsite,1.0,40,4,20850,0,0,840,0
W02786,IT · Milan,IT,Milan,Tech,L2,Tech L2,M,Permanent,Hybrid,1.0,40,3,45550,0,0,0,0
W02787,DE · Munich,DE,Munich,Operations,L4,Operations L4,F,Permanent,Remote,1.0,40,4,59950,5890,0,0,0
W02788,PL · Kraków,PL,Krakow,Finance,L3,Finance L3,F,Permanent,Hybrid,1.0,40,3,40400,1990,0,0,0
W02789,IT · Milan,IT,Milan,Tech,L4,Tech L4,M,Permanent,Hybrid,1.0,40,2,61700,2270,0,0,0
W02790,DE · Munich,DE,Munich,Operations,L2,Operations L2,F,Permanent,Onsite,1.0,40,3,45200,0,0,1800,0
W02791,IT · Milan,IT,Milan,Customer Service,L2,Customer Service L2,F,Permanent,Remote,1.0,40,3,29950,0,0,0,0
W02792,IT · Milan,IT,Milan,Operations,L2,Operations L2,F,Fixed-term,Hybrid,1.0,40,3,26550,0,0,0,0
W02793,DE · Munich,DE,Munich,Operations,L1,Operations L1,F,Permanent,Onsite,1.0,40,3,36200,0,0,1800,0
W02794,DE · Munich,DE,Munich,Sales,L1,Sales L1,M,Fixed-term,Hybrid,1.0,40,3,38250,0,6070,0,0
W02795,DE · Munich,DE,Munich,HR,L2,HR L2,M,Fixed-term,Onsite,1.0,40,2,50700,0,0,0,0
W02796,DE · Munich,DE,Munich,Customer Service,L6,Customer Service L6,M,Permanent,Hybrid,1.0,40,4,144400,37990,0,0,7200
W02797,PL · Kraków,PL,Krakow,Tech,L4,Tech L4,M,Permanent,Hybrid,1.0,40,2,54500,2040,0,0,0
W02799,PL · Kraków,PL,Krakow,Customer Service,L1,Customer Service L1,F,Permanent,Onsite,0.8,32,3,16160,0,0,672,0
W02800,PL · Kraków,PL,Krakow,Operations,L3,Operations L3,M,Permanent,Hybrid,1.0,40,3,25050,1240,0,0,0
W02801,PL · Kraków,PL,Krakow,Operations,L1,Operations L1,M,Permanent,Hybrid,1.0,40,3,20850,0,0,0,0
W02802,PL · Kraków,PL,Krakow,Sales,L4,Sales L4,M,Permanent,Hybrid,1.0,40,3,43800,3820,8400,0,0
W02804,DE · Munich,DE,Munich,Operations,L2,Operations L2,F,Permanent,Hybrid,1.0,40,3,48500,0,0,0,0
W02805,DE · Munich,DE,Munich,Finance,L2,Finance L2,F,Permanent,Remote,1.0,40,3,53200,0,0,0,0
W02807,ES · Barcelona,ES,Barcelona,Tech,L5,Tech L5,M,Permanent,Onsite,1.0,40,4,88550,13700,0,0,5400
W02808,IT · Milan,IT,Milan,Operations,L4,Operations L4,M,Permanent,Hybrid,1.0,40,3,50600,4170,0,0,0
W02809,PL · Kraków,PL,Krakow,HR,L5,HR L5,F,Fixed-term,Hybrid,1.0,40,3,53800,5650,0,0,4200
W02810,IT · Milan,IT,Milan,Customer Service,L4,Customer Service L4,M,Permanent,Onsite,0.8,32,5,41560,5090,0,0,0
W02811,PL · Kraków,PL,Krakow,Tech,L3,Tech L3,M,Permanent,Hybrid,1.0,40,3,37050,1770,0,0,0
W02813,DE · Munich,DE,Munich,Customer Service,L2,Customer Service L2,F,Fixed-term,Remote,1.0,40,3,39800,0,0,0,0
W02814,PL · Kraków,PL,Krakow,Customer Service,L4,Customer Service L4,M,Permanent,Onsite,1.0,40,3,38500,3140,0,0,0
W02815,DE · Munich,DE,Munich,Customer Service,L4,Customer Service L4,M,Permanent,Hybrid,1.0,40,3,85700,7400,0,0,0
W02818,IT · Milan,IT,Milan,Operations,L2,Operations L2,M,Permanent,Onsite,1.0,40,3,34400,0,0,1320,0
W02819,IT · Milan,IT,Milan,Operations,L3,Operations L3,F,Permanent,Hybrid,0.8,32,3,29280,1440,0,0,0
W02820,PL · Kraków,PL,Krakow,Operations,L1,Operations L1,M,Permanent,Hybrid,0.8,32,3,16360,0,0,0,0
W02821,DE · Munich,DE,Munich,Tech,L1,Tech L1,M,Fixed-term,Onsite,1.0,40,2,44250,0,0,0,0
W02822,ES · Barcelona,ES,Barcelona,HR,L2,HR L2,F,Fixed-term,Onsite,1.0,40,1,27700,0,0,0,0
W02823,DE · Munich,DE,Munich,Tech,L2,Tech L2,F,Permanent,Hybrid,1.0,40,3,52050,0,0,0,0
W02824,PL · Kraków,PL,Krakow,Customer Service,L4,Customer Service L4,F,Permanent,Onsite,1.0,40,1,40600,0,0,0,0
W02825,DE · Munich,DE,Munich,Sales,L2,Sales L2,F,Permanent,Onsite,0.8,32,4,35160,0,5280,0,0
W02826,PL · Kraków,PL,Krakow,Finance,L1,Finance L1,M,Permanent,Hybrid,0.8,32,3,19120,0,0,0,0
W02827,PL · Kraków,PL,Krakow,Customer Service,L1,Customer Service L1,F,Permanent,Remote,1.0,40,3,18400,0,0,0,0
W02828,PL · Kraków,PL,Krakow,Operations,L1,Operations L1,M,Permanent,Hybrid,1.0,40,2,21200,0,0,0,0
W02829,IT · Milan,IT,Milan,Sales,L1,Sales L1,M,Permanent,Hybrid,1.0,40,3,27600,0,3810,0,0
W02830,ES · Barcelona,ES,Barcelona,Customer Service,L1,Customer Service L1,F,Permanent,Hybrid,1.0,40,3,24100,0,0,0,0
W02831,ES · Barcelona,ES,Barcelona,Tech,L1,Tech L1,F,Permanent,Hybrid,1.0,40,3,34350,0,0,0,0
W02832,DE · Munich,DE,Munich,HR,L1,HR L1,F,Permanent,Hybrid,1.0,40,3,43450,0,0,0,0
W02834,ES · Barcelona,ES,Barcelona,HR,L3,HR L3,F,Fixed-term,Hybrid,1.0,40,3,30850,1620,0,0,0
W02836,PL · Kraków,PL,Krakow,Tech,L1,Tech L1,M,Permanent,Hybrid,1.0,40,3,28950,0,0,0,0
W02837,IT · Milan,IT,Milan,Customer Service,L1,Customer Service L1,F,Permanent,Hybrid,1.0,40,1,22650,0,0,0,0
W02838,PL · Kraków,PL,Krakow,Operations,L2,Operations L2,M,Permanent,Hybrid,1.0,40,3,27950,0,0,0,0
W02839,PL · Kraków,PL,Krakow,Customer Service,L3,Customer Service L3,F,Permanent,Hybrid,1.0,40,2,28550,680,0,0,0
W02840,PL · Kraków,PL,Krakow,Operations,L6,Operations L6,M,Permanent,Hybrid,1.0,40,3,82350,16460,0,0,4200
W02842,ES · Barcelona,ES,Barcelona,Tech,L2,Tech L2,M,Permanent,Onsite,1.0,40,3,45150,0,0,0,0
W02843,PL · Kraków,PL,Krakow,Sales,L4,Sales L4,M,Permanent,Onsite,1.0,40,3,47000,4070,5270,0,0
W02844,DE · Munich,DE,Munich,Finance,L2,Finance L2,F,Permanent,Hybrid,1.0,40,3,47950,0,0,0,0
W02845,DE · Munich,DE,Munich,Customer Service,L1,Customer Service L1,F,Permanent,Hybrid,1.0,40,3,34100,0,0,0,0
W02846,DE · Munich,DE,Munich,Tech,L3,Tech L3,M,Permanent,Hybrid,1.0,40,4,75850,4320,0,0,0
W02847,PL · Kraków,PL,Krakow,Customer Service,L1,Customer Service L1,M,Fixed-term,Onsite,1.0,40,3,17550,0,0,840,0
W02848,DE · Munich,DE,Munich,Customer Service,L2,Customer Service L2,F,Permanent,Remote,1.0,40,4,46550,0,0,0,0
W02849,PL · Kraków,PL,Krakow,Operations,L2,Operations L2,F,Permanent,Hybrid,1.0,40,3,25650,0,0,0,0
W02850,IT · Milan,IT,Milan,Tech,L5,Tech L5,M,Permanent,Onsite,1.0,40,2,106600,5670,0,0,6000
W02851,IT · Milan,IT,Milan,Operations,L5,Operations L5,M,Permanent,Onsite,1.0,40,3,64450,7630,0,0,6000
W02852,ES · Barcelona,ES,Barcelona,Customer Service,L4,Customer Service L4,F,Permanent,Hybrid,1.0,40,3,43450,3360,0,0,0
W02853,IT · Milan,IT,Milan,Sales,L5,Sales L5,M,Permanent,Hybrid,1.0,40,4,82300,12290,12850,0,6000
W02854,PL · Kraków,PL,Krakow,Operations,L1,Operations L1,M,Permanent,Remote,1.0,40,3,20950,0,0,0,0
W02855,IT · Milan,IT,Milan,Operations,L1,Operations L1,M,Permanent,Hybrid,1.0,40,3,23950,0,0,0,0
W02856,PL · Kraków,PL,Krakow,Customer Service,L2,Customer Service L2,F,Permanent,Onsite,1.0,40,4,24950,0,0,840,0
W02857,PL · Kraków,PL,Krakow,Customer Service,L3,Customer Service L3,F,Permanent,Onsite,1.0,40,2,34300,840,0,840,0
W02858,PL · Kraków,PL,Krakow,Customer Service,L2,Customer Service L2,F,Fixed-term,Hybrid,1.0,40,3,22750,0,0,0,0
W02860,ES · Barcelona,ES,Barcelona,Sales,L1,Sales L1,M,Permanent,Remote,1.0,40,3,29450,0,5230,0,0
W02863,IT · Milan,IT,Milan,HR,L5,HR L5,F,Fixed-term,Hybrid,1.0,40,2,65650,3820,0,0,6000
W02864,DE · Munich,DE,Munich,Operations,L1,Operations L1,M,Fixed-term,Hybrid,1.0,40,2,34900,0,0,0,0
W02865,DE · Munich,DE,Munich,Operations,L4,Operations L4,M,Permanent,Hybrid,1.0,40,3,78350,5610,0,0,0
W02866,PL · Kraków,PL,Krakow,Finance,L1,Finance L1,M,Permanent,Hybrid,1.0,40,3,24250,0,0,0,0
W02867,IT · Milan,IT,Milan,Customer Service,L3,Customer Service L3,M,Permanent,Onsite,0.8,32,4,28320,1540,0,1056,0
W02869,PL · Kraków,PL,Krakow,Customer Service,L3,Customer Service L3,M,Permanent,Hybrid,1.0,40,2,33250,850,0,0,0
W02870,ES · Barcelona,ES,Barcelona,Customer Service,L1,Customer Service L1,F,Permanent,Remote,1.0,40,3,22600,0,0,0,0
W02871,PL · Kraków,PL,Krakow,Operations,L4,Operations L4,F,Fixed-term,Remote,1.0,40,3,39800,3090,0,0,0
W02872,IT · Milan,IT,Milan,Sales,L1,Sales L1,F,Permanent,Remote,1.0,40,4,26400,0,3750,0,0
W02873,IT · Milan,IT,Milan,Operations,L5,Operations L5,M,Permanent,Remote,1.0,40,3,75850,9000,0,0,6000
W02874,DE · Munich,DE,Munich,Customer Service,L2,Customer Service L2,M,Permanent,Hybrid,1.0,40,4,43050,0,0,0,0
W02875,PL · Kraków,PL,Krakow,Sales,L1,Sales L1,F,Fixed-term,Onsite,1.0,40,3,19850,0,2020,0,0
W02876,IT · Milan,IT,Milan,Customer Service,L1,Customer Service L1,F,Permanent,Onsite,1.0,40,3,22500,0,0,1320,0
W02877,IT · Milan,IT,Milan,Operations,L4,Operations L4,M,Permanent,Remote,1.0,40,3,56950,4480,0,0,0
W02878,PL · Kraków,PL,Krakow,Finance,L1,Finance L1,M,Permanent,Onsite,1.0,40,5,22750,0,0,0,0
W02879,PL · Kraków,PL,Krakow,HR,L1,HR L1,M,Permanent,Onsite,1.0,40,4,21100,0,0,0,0
W02880,PL · Kraków,PL,Krakow,Customer Service,L2,Customer Service L2,F,Permanent,Onsite,1.0,40,3,22900,0,0,840,0
W02881,IT · Milan,IT,Milan,Customer Service,L3,Customer Service L3,F,Permanent,Onsite,1.0,40,4,37200,2250,0,1320,0
W02882,DE · Munich,DE,Munich,Customer Service,L3,Customer Service L3,F,Permanent,Hybrid,1.0,40,3,53900,2760,0,0,0
W02884,DE · Munich,DE,Munich,Customer Service,L3,Customer Service L3,F,Fixed-term,Hybrid,1.0,40,3,52750,2760,0,0,0
W02885,PL · Kraków,PL,Krakow,Customer Service,L2,Customer Service L2,F,Permanent,Hybrid,1.0,40,4,27000,0,0,0,0
W02886,ES · Barcelona,ES,Barcelona,Customer Service,L2,Customer Service L2,F,Permanent,Hybrid,1.0,40,4,25600,0,0,0,0
W02887,IT · Milan,IT,Milan,HR,L1,HR L1,F,Permanent,Hybrid,1.0,40,4,24700,0,0,0,0
W02888,IT · Milan,IT,Milan,Operations,L1,Operations L1,F,Permanent,Onsite,1.0,40,3,22850,0,0,1320,0
W02889,PL · Kraków,PL,Krakow,Sales,L1,Sales L1,F,Permanent,Hybrid,1.0,40,3,18850,0,2660,0,0
W02891,ES · Barcelona,ES,Barcelona,Operations,L3,Operations L3,F,Permanent,Onsite,1.0,40,4,32850,2000,0,1200,0
W02893,IT · Milan,IT,Milan,HR,L3,HR L3,F,Permanent,Remote,1.0,40,3,34650,1680,0,0,0
W02894,PL · Kraków,PL,Krakow,Tech,L5,Tech L5,M,Permanent,Hybrid,1.0,40,4,82750,12460,0,0,4200
W02896,IT · Milan,IT,Milan,Tech,L5,Tech L5,F,Permanent,Hybrid,1.0,40,4,102200,16400,0,0,6000
W02897,DE · Munich,DE,Munich,Tech,L3,Tech L3,F,Permanent,Onsite,1.0,40,3,77800,3410,0,0,0
W02898,IT · Milan,IT,Milan,Operations,L3,Operations L3,F,Permanent,Hybrid,1.0,40,4,44650,2850,0,0,0
W02899,PL · Kraków,PL,Krakow,Customer Service,L2,Customer Service L2,M,Permanent,Onsite,1.0,40,3,22550,0,0,840,0
W02900,DE · Munich,DE,Munich,Finance,L2,Finance L2,F,Permanent,Hybrid,1.0,40,3,49450,0,0,0,0
W02902,IT · Milan,IT,Milan,Finance,L3,Finance L3,M,Permanent,Hybrid,1.0,40,3,46600,2360,0,0,0
W02903,IT · Milan,IT,Milan,Sales,L3,Sales L3,M,Permanent,Onsite,1.0,40,4,45200,3120,6630,0,0
W02904,PL · Kraków,PL,Krakow,Operations,L2,Operations L2,M,Fixed-term,Onsite,1.0,40,3,25300,0,0,840,0
W02905,IT · Milan,IT,Milan,Operations,L2,Operations L2,M,Permanent,Onsite,1.0,40,4,29300,0,0,1320,0
W02906,IT · Milan,IT,Milan,Operations,L3,Operations L3,M,Permanent,Remote,1.0,40,2,42450,1000,0,0,0
W02907,IT · Milan,IT,Milan,Tech,L2,Tech L2,M,Permanent,Onsite,1.0,40,3,43050,0,0,0,0
W02908,ES · Barcelona,ES,Barcelona,Finance,L2,Finance L2,M,Permanent,Hybrid,1.0,40,4,34150,0,0,0,0
W02909,DE · Munich,DE,Munich,Finance,L2,Finance L2,M,Permanent,Onsite,1.0,40,3,56550,0,0,0,0
W02912,PL · Kraków,PL,Krakow,Tech,L5,Tech L5,M,Permanent,Hybrid,1.0,40,4,83700,12250,0,0,4200
W02913,IT · Milan,IT,Milan,Tech,L2,Tech L2,F,Fixed-term,Remote,1.0,40,4,27200,0,0,0,0
W02914,DE · Munich,DE,Munich,Customer Service,L3,Customer Service L3,F,Permanent,Hybrid,1.0,40,3,58550,2670,0,0,0
W02915,IT · Milan,IT,Milan,Customer Service,L3,Customer Service L3,M,Permanent,Hybrid,1.0,40,3,40700,2070,0,0,0
W02916,IT · Milan,IT,Milan,Finance,L2,Finance L2,F,Permanent,Hybrid,1.0,40,4,40950,0,0,0,0
W02917,DE · Munich,DE,Munich,Operations,L4,Operations L4,M,Fixed-term,Hybrid,1.0,40,4,91450,9020,0,0,0
W02918,PL · Kraków,PL,Krakow,Tech,L3,Tech L3,M,Permanent,Onsite,1.0,40,3,45400,2260,0,0,0
W02919,PL · Kraków,PL,Krakow,Finance,L3,Finance L3,M,Permanent,Onsite,0.8,32,3,26440,1330,0,0,0
W02920,IT · Milan,IT,Milan,Sales,L2,Sales L2,M,Permanent,Hybrid,1.0,40,3,34850,0,3100,0,0
W02921,DE · Munich,DE,Munich,Sales,L1,Sales L1,M,Permanent,Hybrid,1.0,40,3,39850,0,5790,0,0
W02923,PL · Kraków,PL,Krakow,Tech,L2,Tech L2,F,Permanent,Remote,1.0,40,3,28050,0,0,0,0
W02924,PL · Kraków,PL,Krakow,Tech,L2,Tech L2,F,Permanent,Hybrid,1.0,40,3,34850,0,0,0,0
W02925,DE · Munich,DE,Munich,Finance,L3,Finance L3,F,Permanent,Hybrid,1.0,40,3,66550,3330,0,0,0
W02926,DE · Munich,DE,Munich,Sales,L2,Sales L2,F,Fixed-term,Hybrid,1.0,40,4,48250,0,5310,0,0
W02927,IT · Milan,IT,Milan,Customer Service,L5,Customer Service L5,M,Permanent,Hybrid,1.0,40,4,70150,10730,0,0,6000
W02929,ES · Barcelona,ES,Barcelona,Customer Service,L6,Customer Service L6,M,Permanent,Onsite,1.0,40,3,79700,15930,0,0,5400
W02931,DE · Munich,DE,Munich,Operations,L3,Operations L3,M,Permanent,Hybrid,1.0,40,1,56550,0,0,0,0
W02932,PL · Kraków,PL,Krakow,Finance,L1,Finance L1,M,Permanent,Hybrid,1.0,40,3,19800,0,0,0,0
W02933,PL · Kraków,PL,Krakow,Tech,L3,Tech L3,M,Permanent,Remote,1.0,40,2,39750,1080,0,0,0
W02934,PL · Kraków,PL,Krakow,Customer Service,L3,Customer Service L3,F,Permanent,Onsite,1.0,40,3,32550,1530,0,840,0
W02935,IT · Milan,IT,Milan,HR,L3,HR L3,F,Fixed-term,Hybrid,1.0,40,3,39150,1760,0,0,0
W02936,ES · Barcelona,ES,Barcelona,Customer Service,L4,Customer Service L4,F,Fixed-term,Hybrid,1.0,40,2,57350,2310,0,0,0
W02937,ES · Barcelona,ES,Barcelona,Customer Service,L5,Customer Service L5,M,Permanent,Hybrid,1.0,40,4,65000,9730,0,0,5400
W02938,DE · Munich,DE,Munich,Tech,L5,Tech L5,M,Permanent,Onsite,1.0,40,3,138200,16950,0,0,7200
W02939,IT · Milan,IT,Milan,HR,L1,HR L1,F,Fixed-term,Remote,0.8,32,4,22400,0,0,0,0
W02940,PL · Kraków,PL,Krakow,Operations,L2,Operations L2,M,Permanent,Remote,1.0,40,3,28600,0,0,0,0
W02941,DE · Munich,DE,Munich,Tech,L3,Tech L3,F,Fixed-term,Hybrid,1.0,40,4,75850,4920,0,0,0
W02942,ES · Barcelona,ES,Barcelona,Sales,L6,Sales L6,M,Permanent,Hybrid,1.0,40,2,106800,9790,20320,0,5400
W02943,PL · Kraków,PL,Krakow,Tech,L6,Tech L6,F,Permanent,Hybrid,1.0,40,3,111800,23330,0,0,4200
W02944,IT · Milan,IT,Milan,Operations,L4,Operations L4,M,Permanent,Onsite,1.0,40,2,52850,2140,0,0,0
W02945,PL · Kraków,PL,Krakow,HR,L1,HR L1,M,Permanent,Onsite,1.0,40,4,21250,0,0,0,0
W02946,ES · Barcelona,ES,Barcelona,HR,L4,HR L4,M,Permanent,Hybrid,1.0,40,3,50500,3850,0,0,0
W02947,PL · Kraków,PL,Krakow,Tech,L1,Tech L1,F,Fixed-term,Onsite,1.0,40,3,24150,0,0,0,0
W02948,IT · Milan,IT,Milan,Sales,L1,Sales L1,F,Permanent,Onsite,1.0,40,1,26250,0,2970,0,0
W02949,DE · Munich,DE,Munich,Tech,L1,Tech L1,F,Permanent,Hybrid,1.0,40,5,48900,0,0,0,0
W02950,DE · Munich,DE,Munich,Finance,L2,Finance L2,M,Permanent,Onsite,1.0,40,4,46300,0,0,0,0
W02951,IT · Milan,IT,Milan,Operations,L6,Operations L6,F,Fixed-term,Remote,1.0,40,3,91350,20310,0,0,6000
W02953,DE · Munich,DE,Munich,Operations,L2,Operations L2,M,Permanent,Remote,0.8,32,3,33320,0,0,0,0
W02954,ES · Barcelona,ES,Barcelona,Operations,L3,Operations L3,F,Permanent,Onsite,1.0,40,4,41700,2470,0,1200,0
W02955,PL · Kraków,PL,Krakow,Operations,L1,Operations L1,F,Permanent,Hybrid,0.8,32,4,17440,0,0,0,0
W02956,PL · Kraków,PL,Krakow,Sales,L3,Sales L3,M,Fixed-term,Onsite,1.0,40,4,35800,2200,3510,0,0
W02957,IT · Milan,IT,Milan,Operations,L1,Operations L1,M,Permanent,Hybrid,1.0,40,3,19850,0,0,0,0
W02958,IT · Milan,IT,Milan,Customer Service,L4,Customer Service L4,F,Permanent,Hybrid,1.0,40,3,56250,4090,0,0,0
W02959,IT · Milan,IT,Milan,Customer Service,L2,Customer Service L2,M,Permanent,Onsite,1.0,40,3,30750,0,0,1320,0
W02960,PL · Kraków,PL,Krakow,Operations,L1,Operations L1,M,Permanent,Hybrid,1.0,40,2,18800,0,0,0,0
W02961,DE · Munich,DE,Munich,Customer Service,L4,Customer Service L4,M,Fixed-term,Hybrid,1.0,40,3,65100,5860,0,0,0
W02962,PL · Kraków,PL,Krakow,Customer Service,L5,Customer Service L5,F,Fixed-term,Hybrid,1.0,40,4,52650,7970,0,0,4200
W02963,ES · Barcelona,ES,Barcelona,Operations,L1,Operations L1,M,Permanent,Hybrid,0.8,32,3,20160,0,0,0,0
W02964,PL · Kraków,PL,Krakow,Customer Service,L1,Customer Service L1,F,Permanent,Hybrid,1.0,40,3,18400,0,0,0,0
W02965,DE · Munich,DE,Munich,Operations,L2,Operations L2,F,Permanent,Remote,1.0,40,3,53050,0,0,0,0
W02966,IT · Milan,IT,Milan,Customer Service,L2,Customer Service L2,M,Permanent,Hybrid,1.0,40,3,29300,0,0,0,0
W02967,PL · Kraków,PL,Krakow,Customer Service,L2,Customer Service L2,M,Fixed-term,Hybrid,1.0,40,1,20750,0,0,0,0
W02968,DE · Munich,DE,Munich,Operations,L5,Operations L5,F,Permanent,Onsite,1.0,40,3,96800,12200,0,0,7200
W02969,PL · Kraków,PL,Krakow,Sales,L1,Sales L1,M,Permanent,Remote,1.0,40,4,21650,0,3970,0,0
W02970,IT · Milan,IT,Milan,Customer Service,L5,Customer Service L5,M,Fixed-term,Onsite,1.0,40,3,67200,8370,0,0,6000
W02971,ES · Barcelona,ES,Barcelona,Finance,L1,Finance L1,M,Permanent,Hybrid,1.0,40,4,29050,0,0,0,0
W02972,ES · Barcelona,ES,Barcelona,Sales,L3,Sales L3,M,Permanent,Hybrid,1.0,40,2,46050,1170,7940,0,0
W02973,DE · Munich,DE,Munich,Customer Service,L2,Customer Service L2,F,Permanent,Onsite,1.0,40,5,43350,0,0,1800,0
W02974,IT · Milan,IT,Milan,Sales,L1,Sales L1,F,Fixed-term,Hybrid,1.0,40,3,24450,0,3360,0,0
W02975,PL · Kraków,PL,Krakow,Operations,L4,Operations L4,F,Fixed-term,Hybrid,0.8,32,3,28960,2450,0,0,0
W02977,DE · Munich,DE,Munich,Operations,L2,Operations L2,M,Fixed-term,Hybrid,1.0,40,3,50200,0,0,0,0
W02978,IT · Milan,IT,Milan,Customer Service,L4,Customer Service L4,M,Fixed-term,Remote,1.0,40,3,46450,4010,0,0,0
W02979,DE · Munich,DE,Munich,Customer Service,L3,Customer Service L3,M,Permanent,Hybrid,0.8,32,3,45040,2380,0,0,0
W02981,ES · Barcelona,ES,Barcelona,Customer Service,L2,Customer Service L2,F,Permanent,Remote,1.0,40,4,26750,0,0,0,0
W02982,DE · Munich,DE,Munich,Sales,L1,Sales L1,F,Permanent,Hybrid,1.0,40,3,43100,0,5640,0,0
W02983,IT · Milan,IT,Milan,Operations,L2,Operations L2,F,Permanent,Hybrid,1.0,40,2,29950,0,0,0,0
W02984,ES · Barcelona,ES,Barcelona,HR,L1,HR L1,F,Permanent,Hybrid,1.0,40,3,26250,0,0,0,0
W02985,IT · Milan,IT,Milan,Customer Service,L2,Customer Service L2,M,Permanent,Onsite,1.0,40,3,28500,0,0,1320,0
W02986,PL · Kraków,PL,Krakow,HR,L2,HR L2,F,Permanent,Onsite,1.0,40,3,22250,0,0,0,0
W02987,PL · Kraków,PL,Krakow,Sales,L2,Sales L2,M,Permanent,Onsite,1.0,40,3,27850,0,3860,0,0
W02988,PL · Kraków,PL,Krakow,Customer Service,L5,Customer Service L5,F,Permanent,Remote,1.0,40,2,56500,3270,0,0,4200
W02989,PL · Kraków,PL,Krakow,Operations,L1,Operations L1,F,Permanent,Hybrid,1.0,40,3,17450,0,0,0,0
W02990,PL · Kraków,PL,Krakow,Tech,L1,Tech L1,F,Permanent,Remote,1.0,40,4,26550,0,0,0,0
W02991,ES · Barcelona,ES,Barcelona,Finance,L1,Finance L1,F,Permanent,Remote,1.0,40,3,29550,0,0,0,0
W02992,PL · Kraków,PL,Krakow,Operations,L3,Operations L3,M,Permanent,Remote,1.0,40,3,27300,1430,0,0,0
W02993,IT · Milan,IT,Milan,HR,L2,HR L2,F,Permanent,Onsite,1.0,40,3,32900,0,0,0,0
W02994,PL · Kraków,PL,Krakow,HR,L1,HR L1,M,Fixed-term,Onsite,0.8,32,4,14920,0,0,0,0
W02995,PL · Kraków,PL,Krakow,Customer Service,L1,Customer Service L1,M,Permanent,Hybrid,1.0,40,3,16700,0,0,0,0
W02996,PL · Kraków,PL,Krakow,Tech,L1,Tech L1,F,Permanent,Remote,1.0,40,2,29300,0,0,0,0
W02997,IT · Milan,IT,Milan,Operations,L5,Operations L5,M,Permanent,Hybrid,1.0,40,3,75850,9600,0,0,6000
W02998,IT · Milan,IT,Milan,Sales,L2,Sales L2,M,Permanent,Hybrid,1.0,40,3,34100,0,3980,0,0
W03000,PL · Kraków,PL,Krakow,Sales,L2,Sales L2,M,Permanent,Remote,0.8,32,3,20920,0,4430,0,0
W03001,PL · Kraków,PL,Krakow,Tech,L2,Tech L2,M,Permanent,Hybrid,1.0,40,4,32800,0,0,0,0
W03002,ES · Barcelona,ES,Barcelona,Customer Service,L4,Customer Service L4,F,Fixed-term,Hybrid,1.0,40,3,44150,3100,0,0,0
W03003,PL · Kraków,PL,Krakow,Tech,L1,Tech L1,F,Permanent,Onsite,1.0,40,4,26750,0,0,0,0
W03004,DE · Munich,DE,Munich,Operations,L1,Operations L1,M,Permanent,Hybrid,1.0,40,3,37200,0,0,0,0
W03005,PL · Kraków,PL,Krakow,Customer Service,L3,Customer Service L3,F,Permanent,Hybrid,0.8,32,4,25000,1620,0,0,0
W03006,PL · Kraków,PL,Krakow,Finance,L1,Finance L1,F,Permanent,Onsite,1.0,40,3,23550,0,0,0,0
W03007,PL · Kraków,PL,Krakow,Operations,L2,Operations L2,M,Permanent,Remote,1.0,40,3,22250,0,0,0,0
W03008,ES · Barcelona,ES,Barcelona,Tech,L1,Tech L1,M,Permanent,Hybrid,0.8,32,4,23080,0,0,0,0
W03009,IT · Milan,IT,Milan,Operations,L4,Operations L4,F,Permanent,Hybrid,1.0,40,4,53150,5790,0,0,0
W03010,IT · Milan,IT,Milan,Finance,L1,Finance L1,F,Permanent,Hybrid,1.0,40,3,27750,0,0,0,0
W03011,DE · Munich,DE,Munich,Customer Service,L1,Customer Service L1,F,Permanent,Hybrid,1.0,40,5,38800,0,0,0,0
W03012,PL · Kraków,PL,Krakow,HR,L1,HR L1,F,Permanent,Hybrid,1.0,40,3,20800,0,0,0,0
W03013,DE · Munich,DE,Munich,Finance,L4,Finance L4,M,Permanent,Hybrid,1.0,40,5,107300,11860,0,0,0
W03016,PL · Kraków,PL,Krakow,Customer Service,L3,Customer Service L3,M,Fixed-term,Hybrid,1.0,40,3,29050,1360,0,0,0
W03017,PL · Kraków,PL,Krakow,Sales,L2,Sales L2,F,Permanent,Hybrid,1.0,40,2,26500,0,1990,0,0
W03018,IT · Milan,IT,Milan,Customer Service,L3,Customer Service L3,M,Permanent,Onsite,1.0,40,2,38250,1020,0,1320,0
W03019,IT · Milan,IT,Milan,Tech,L2,Tech L2,F,Permanent,Onsite,1.0,40,3,45000,0,0,0,0
W03020,PL · Kraków,PL,Krakow,Tech,L3,Tech L3,F,Permanent,Onsite,1.0,40,3,39050,2100,0,0,0
W03022,IT · Milan,IT,Milan,Tech,L3,Tech L3,M,Fixed-term,Hybrid,1.0,40,3,52650,2790,0,0,0
W03024,PL · Kraków,PL,Krakow,Operations,L1,Operations L1,F,Permanent,Hybrid,1.0,40,4,20550,0,0,0,0
W03025,IT · Milan,IT,Milan,Customer Service,L2,Customer Service L2,F,Permanent,Remote,1.0,40,3,27400,0,0,0,0
W03026,IT · Milan,IT,Milan,Tech,L2,Tech L2,F,Permanent,Onsite,1.0,40,2,43100,0,0,0,0
W03027,ES · Barcelona,ES,Barcelona,Customer Service,L2,Customer Service L2,F,Permanent,Hybrid,1.0,40,2,27100,0,0,0,0
W03028,PL · Kraków,PL,Krakow,Finance,L5,Finance L5,M,Permanent,Hybrid,1.0,40,3,76700,7900,0,0,4200
W03029,DE · Munich,DE,Munich,Customer Service,L3,Customer Service L3,F,Permanent,Remote,1.0,40,2,56550,1500,0,0,0
W03031,DE · Munich,DE,Munich,Operations,L1,Operations L1,M,Permanent,Remote,1.0,40,3,29700,0,0,0,0
W03032,DE · Munich,DE,Munich,Tech,L4,Tech L4,F,Permanent,Hybrid,1.0,40,5,101800,12180,0,0,0
W03033,ES · Barcelona,ES,Barcelona,Sales,L3,Sales L3,M,Permanent,Remote,0.8,32,3,32680,1680,6080,0,0
W03034,IT · Milan,IT,Milan,Customer Service,L6,Customer Service L6,F,Permanent,Onsite,1.0,40,2,68950,6700,0,0,6000
W03035,DE · Munich,DE,Munich,Finance,L1,Finance L1,M,Permanent,Onsite,1.0,40,4,40900,0,0,0,0
W03036,DE · Munich,DE,Munich,Customer Service,L2,Customer Service L2,F,Permanent,Hybrid,1.0,40,3,44250,0,0,0,0
W03037,PL · Kraków,PL,Krakow,Tech,L2,Tech L2,M,Fixed-term,Hybrid,1.0,40,3,35800,0,0,0,0
W03038,PL · Kraków,PL,Krakow,Operations,L2,Operations L2,F,Fixed-term,Remote,1.0,40,4,19400,0,0,0,0
W03039,IT · Milan,IT,Milan,Finance,L6,Finance L6,M,Permanent,Hybrid,1.0,40,4,110100,26020,0,0,6000
W03041,PL · Kraków,PL,Krakow,Customer Service,L3,Customer Service L3,F,Permanent,Hybrid,1.0,40,3,23050,1100,0,0,0
W03042,DE · Munich,DE,Munich,Customer Service,L1,Customer Service L1,F,Fixed-term,Remote,1.0,40,2,35400,0,0,0,0
W03043,IT · Milan,IT,Milan,Operations,L3,Operations L3,F,Permanent,Hybrid,1.0,40,3,40450,1980,0,0,0
W03046,PL · Kraków,PL,Krakow,Tech,L3,Tech L3,M,Fixed-term,Onsite,1.0,40,4,39950,2610,0,0,0
W03049,PL · Kraków,PL,Krakow,Tech,L2,Tech L2,M,Permanent,Hybrid,1.0,40,3,32550,0,0,0,0
W03051,PL · Kraków,PL,Krakow,Tech,L3,Tech L3,M,Permanent,Hybrid,1.0,40,3,39600,1920,0,0,0
W03053,IT · Milan,IT,Milan,Customer Service,L2,Customer Service L2,F,Permanent,Hybrid,1.0,40,3,25400,0,0,0,0
W03054,PL · Kraków,PL,Krakow,Sales,L3,Sales L3,M,Fixed-term,Remote,1.0,40,3,37100,1930,4510,0,0
W03055,PL · Kraków,PL,Krakow,Operations,L1,Operations L1,F,Fixed-term,Remote,1.0,40,3,21800,0,0,0,0
W03057,IT · Milan,IT,Milan,Tech,L2,Tech L2,M,Permanent,Onsite,1.0,40,3,43000,0,0,0,0
W03058,PL · Kraków,PL,Krakow,Customer Service,L2,Customer Service L2,F,Permanent,Hybrid,1.0,40,3,20050,0,0,0,0
W03059,PL · Kraków,PL,Krakow,Operations,L1,Operations L1,F,Permanent,Hybrid,1.0,40,3,17250,0,0,0,0
W03060,DE · Munich,DE,Munich,Operations,L1,Operations L1,M,Permanent,Remote,1.0,40,2,41700,0,0,0,0
W03061,PL · Kraków,PL,Krakow,Operations,L3,Operations L3,M,Permanent,Hybrid,1.0,40,4,36750,2300,0,0,0
W03062,ES · Barcelona,ES,Barcelona,Tech,L4,Tech L4,F,Permanent,Onsite,1.0,40,4,64750,6510,0,0,0
W03063,DE · Munich,DE,Munich,Customer Service,L4,Customer Service L4,M,Permanent,Hybrid,1.0,40,1,65400,0,0,0,0
W03064,PL · Kraków,PL,Krakow,Operations,L1,Operations L1,F,Permanent,Hybrid,1.0,40,3,16900,0,0,0,0
W03065,IT · Milan,IT,Milan,Finance,L3,Finance L3,F,Fixed-term,Hybrid,1.0,40,2,49600,1280,0,0,0
W03069,PL · Kraków,PL,Krakow,Operations,L2,Operations L2,M,Permanent,Hybrid,1.0,40,4,25700,0,0,0,0
W03070,IT · Milan,IT,Milan,Sales,L1,Sales L1,F,Permanent,Hybrid,1.0,40,3,26800,0,2950,0,0
W03072,PL · Kraków,PL,Krakow,Tech,L1,Tech L1,F,Permanent,Remote,0.8,32,4,19160,0,0,0,0
W03073,DE · Munich,DE,Munich,Customer Service,L2,Customer Service L2,M,Fixed-term,Onsite,1.0,40,4,42350,0,0,1800,0
W03074,PL · Kraków,PL,Krakow,Tech,L1,Tech L1,M,Permanent,Hybrid,1.0,40,2,28300,0,0,0,0
W03075,DE · Munich,DE,Munich,Sales,L3,Sales L3,M,Fixed-term,Onsite,1.0,40,3,60100,3130,6740,0,0
W03076,IT · Milan,IT,Milan,Customer Service,L4,Customer Service L4,F,Permanent,Hybrid,1.0,40,3,44850,3780,0,0,0
W03077,PL · Kraków,PL,Krakow,Customer Service,L5,Customer Service L5,M,Permanent,Hybrid,1.0,40,4,52700,8670,0,0,4200
W03078,IT · Milan,IT,Milan,Tech,L2,Tech L2,M,Permanent,Onsite,1.0,40,3,46100,0,0,0,0
W03079,IT · Milan,IT,Milan,Tech,L1,Tech L1,M,Permanent,Hybrid,1.0,40,3,30700,0,0,0,0
W03080,ES · Barcelona,ES,Barcelona,Tech,L1,Tech L1,M,Permanent,Onsite,1.0,40,3,33400,0,0,0,0
W03082,PL · Kraków,PL,Krakow,Tech,L5,Tech L5,M,Permanent,Onsite,1.0,40,4,79700,12960,0,0,4200
W03083,IT · Milan,IT,Milan,HR,L1,HR L1,F,Permanent,Onsite,1.0,40,2,24450,0,0,0,0
W03084,DE · Munich,DE,Munich,Operations,L2,Operations L2,M,Permanent,Onsite,1.0,40,3,43550,0,0,1800,0
W03085,PL · Kraków,PL,Krakow,Operations,L5,Operations L5,M,Permanent,Remote,1.0,40,4,53550,8360,0,0,4200
W03086,PL · Kraków,PL,Krakow,Tech,L1,Tech L1,F,Permanent,Onsite,1.0,40,3,24650,0,0,0,0
W03087,PL · Kraków,PL,Krakow,Operations,L3,Operations L3,M,Permanent,Remote,1.0,40,3,29100,1530,0,0,0
W03088,PL · Kraków,PL,Krakow,Customer Service,L2,Customer Service L2,M,Permanent,Onsite,1.0,40,3,24850,0,0,840,0
W03089,PL · Kraków,PL,Krakow,Operations,L2,Operations L2,M,Permanent,Hybrid,1.0,40,4,26900,0,0,0,0
W03090,ES · Barcelona,ES,Barcelona,Customer Service,L4,Customer Service L4,F,Permanent,Remote,1.0,40,3,51200,4170,0,0,0
W03091,ES · Barcelona,ES,Barcelona,Tech,L1,Tech L1,M,Permanent,Hybrid,1.0,40,3,27650,0,0,0,0
W03092,PL · Kraków,PL,Krakow,Operations,L4,Operations L4,F,Permanent,Hybrid,1.0,40,3,44750,3600,0,0,0
W03093,ES · Barcelona,ES,Barcelona,Customer Service,L1,Customer Service L1,M,Permanent,Hybrid,0.8,32,2,15800,0,0,0,0
W03095,DE · Munich,DE,Munich,Sales,L2,Sales L2,F,Permanent,Remote,1.0,40,5,51050,0,5530,0,0
W03096,ES · Barcelona,ES,Barcelona,Customer Service,L2,Customer Service L2,M,Permanent,Onsite,1.0,40,1,30100,0,0,1200,0
W03097,ES · Barcelona,ES,Barcelona,Customer Service,L2,Customer Service L2,M,Permanent,Onsite,1.0,40,3,31850,0,0,1200,0
W03098,IT · Milan,IT,Milan,Customer Service,L1,Customer Service L1,F,Permanent,Hybrid,1.0,40,3,25000,0,0,0,0
W03099,DE · Munich,DE,Munich,Operations,L2,Operations L2,M,Permanent,Onsite,1.0,40,2,48700,0,0,1800,0
W03100,DE · Munich,DE,Munich,Operations,L4,Operations L4,F,Permanent,Onsite,1.0,40,3,77650,6270,0,0,0
W03101,ES · Barcelona,ES,Barcelona,Operations,L2,Operations L2,M,Permanent,Hybrid,1.0,40,3,26650,0,0,0,0
W03102,DE · Munich,DE,Munich,Customer Service,L1,Customer Service L1,M,Permanent,Remote,1.0,40,2,33100,0,0,0,0
W03104,IT · Milan,IT,Milan,Customer Service,L3,Customer Service L3,F,Permanent,Hybrid,1.0,40,4,40750,2410,0,0,0
W03105,PL · Kraków,PL,Krakow,Customer Service,L2,Customer Service L2,M,Permanent,Onsite,1.0,40,3,23800,0,0,840,0
W03106,ES · Barcelona,ES,Barcelona,Tech,L1,Tech L1,F,Fixed-term,Remote,1.0,40,3,24900,0,0,0,0
W03107,PL · Kraków,PL,Krakow,Tech,L1,Tech L1,M,Permanent,Hybrid,1.0,40,4,28750,0,0,0,0
W03108,IT · Milan,IT,Milan,Customer Service,L5,Customer Service L5,F,Permanent,Hybrid,1.0,40,3,71200,9480,0,0,6000
W03109,IT · Milan,IT,Milan,Finance,L3,Finance L3,F,Permanent,Onsite,0.8,32,2,38000,910,0,0,0
W03110,DE · Munich,DE,Munich,HR,L4,HR L4,F,Permanent,Hybrid,1.0,40,3,72450,5890,0,0,0
W03111,ES · Barcelona,ES,Barcelona,Tech,L2,Tech L2,F,Fixed-term,Hybrid,0.8,32,4,23280,0,0,0,0
W03112,ES · Barcelona,ES,Barcelona,Operations,L1,Operations L1,M,Permanent,Onsite,1.0,40,3,27750,0,0,1200,0
W03113,IT · Milan,IT,Milan,Customer Service,L2,Customer Service L2,M,Permanent,Hybrid,1.0,40,5,31250,0,0,0,0
W03114,DE · Munich,DE,Munich,Operations,L5,Operations L5,M,Permanent,Remote,1.0,40,2,114400,7260,0,0,7200
W03115,IT · Milan,IT,Milan,Customer Service,L1,Customer Service L1,F,Permanent,Remote,1.0,40,4,22200,0,0,0,0
W03116,PL · Kraków,PL,Krakow,Operations,L1,Operations L1,F,Permanent,Hybrid,1.0,40,3,15000,0,0,0,0
W03117,PL · Kraków,PL,Krakow,Operations,L1,Operations L1,F,Permanent,Remote,1.0,40,4,20100,0,0,0,0
W03118,PL · Kraków,PL,Krakow,Tech,L2,Tech L2,F,Permanent,Hybrid,1.0,40,4,32150,0,0,0,0
W03119,DE · Munich,DE,Munich,Sales,L3,Sales L3,M,Permanent,Hybrid,1.0,40,4,68700,3760,13330,0,0
W03120,DE · Munich,DE,Munich,Customer Service,L1,Customer Service L1,M,Permanent,Hybrid,1.0,40,4,33100,0,0,0,0
W03121,DE · Munich,DE,Munich,Customer Service,L1,Customer Service L1,M,Permanent,Remote,1.0,40,2,31800,0,0,0,0
W03123,DE · Munich,DE,Munich,HR,L2,HR L2,F,Permanent,Onsite,1.0,40,3,51200,0,0,0,0
W03124,PL · Kraków,PL,Krakow,HR,L1,HR L1,F,Permanent,Onsite,1.0,40,4,17950,0,0,0,0
W03125,PL · Kraków,PL,Krakow,Customer Service,L1,Customer Service L1,M,Permanent,Hybrid,1.0,40,3,19300,0,0,0,0
W03126,IT · Milan,IT,Milan,Customer Service,L4,Customer Service L4,F,Permanent,Remote,1.0,40,3,48350,4020,0,0,0
W03127,PL · Kraków,PL,Krakow,Customer Service,L3,Customer Service L3,F,Fixed-term,Hybrid,1.0,40,3,31100,1570,0,0,0
W03128,PL · Kraków,PL,Krakow,Operations,L5,Operations L5,M,Permanent,Hybrid,1.0,40,4,51550,7850,0,0,4200
W03129,IT · Milan,IT,Milan,Operations,L2,Operations L2,F,Permanent,Hybrid,1.0,40,4,31350,0,0,0,0
W03131,IT · Milan,IT,Milan,Customer Service,L1,Customer Service L1,M,Permanent,Remote,1.0,40,4,22450,0,0,0,0
W03132,DE · Munich,DE,Munich,Operations,L3,Operations L3,M,Permanent,Hybrid,1.0,40,3,55850,2880,0,0,0
W03133,IT · Milan,IT,Milan,Tech,L2,Tech L2,F,Permanent,Onsite,1.0,40,3,45550,0,0,0,0
W03134,DE · Munich,DE,Munich,Operations,L3,Operations L3,M,Fixed-term,Remote,1.0,40,3,54350,2580,0,0,0
W03135,ES · Barcelona,ES,Barcelona,Operations,L3,Operations L3,M,Permanent,Hybrid,1.0,40,4,36300,2150,0,0,0
W03137,IT · Milan,IT,Milan,Tech,L2,Tech L2,F,Permanent,Onsite,1.0,40,2,41350,0,0,0,0
W03138,IT · Milan,IT,Milan,Tech,L5,Tech L5,M,Permanent,Onsite,1.0,40,3,102550,12640,0,0,6000
W03139,DE · Munich,DE,Munich,Operations,L6,Operations L6,M,Permanent,Hybrid,1.0,40,5,142050,40110,0,0,7200
W03140,DE · Munich,DE,Munich,Operations,L3,Operations L3,M,Permanent,Hybrid,1.0,40,3,56100,2600,0,0,0
W03141,IT · Milan,IT,Milan,Finance,L3,Finance L3,M,Permanent,Hybrid,1.0,40,3,50950,2520,0,0,0
W03142,PL · Kraków,PL,Krakow,Finance,L4,Finance L4,M,Permanent,Onsite,0.8,32,2,43560,1890,0,0,0
W03143,DE · Munich,DE,Munich,Tech,L1,Tech L1,F,Permanent,Onsite,1.0,40,3,46950,0,0,0,0
W03144,DE · Munich,DE,Munich,Customer Service,L1,Customer Service L1,F,Permanent,Onsite,1.0,40,3,29650,0,0,1800,0
W03145,IT · Milan,IT,Milan,Tech,L1,Tech L1,M,Permanent,Hybrid,1.0,40,5,32000,0,0,0,0
W03146,ES · Barcelona,ES,Barcelona,Customer Service,L1,Customer Service L1,F,Fixed-term,Hybrid,1.0,40,3,20200,0,0,0,0
W03147,IT · Milan,IT,Milan,Finance,L6,Finance L6,M,Permanent,Hybrid,1.0,40,3,111500,22260,0,0,6000
W03148,PL · Kraków,PL,Krakow,Customer Service,L1,Customer Service L1,F,Permanent,Hybrid,1.0,40,3,17400,0,0,0,0
W03149,PL · Kraków,PL,Krakow,Tech,L1,Tech L1,F,Permanent,Hybrid,1.0,40,2,28000,0,0,0,0
W03150,ES · Barcelona,ES,Barcelona,Sales,L6,Sales L6,M,Permanent,Onsite,1.0,40,3,106400,19390,9300,0,5400
W03151,PL · Kraków,PL,Krakow,Tech,L2,Tech L2,M,Permanent,Hybrid,1.0,40,3,28950,0,0,0,0
W03152,IT · Milan,IT,Milan,Sales,L3,Sales L3,F,Permanent,Hybrid,1.0,40,3,42400,2410,6220,0,0
W03153,DE · Munich,DE,Munich,Finance,L2,Finance L2,F,Permanent,Hybrid,1.0,40,3,54900,0,0,0,0
W03154,PL · Kraków,PL,Krakow,Sales,L3,Sales L3,F,Permanent,Hybrid,1.0,40,3,31350,1550,3610,0,0
W03155,DE · Munich,DE,Munich,Finance,L1,Finance L1,M,Permanent,Onsite,1.0,40,5,40750,0,0,0,0
W03157,PL · Kraków,PL,Krakow,Customer Service,L5,Customer Service L5,F,Fixed-term,Onsite,1.0,40,3,52150,6000,0,0,4200
W03158,IT · Milan,IT,Milan,Finance,L4,Finance L4,M,Permanent,Remote,1.0,40,3,56100,4800,0,0,0
W03159,IT · Milan,IT,Milan,Finance,L1,Finance L1,M,Permanent,Hybrid,1.0,40,4,29650,0,0,0,0
W03162,DE · Munich,DE,Munich,Customer Service,L5,Customer Service L5,M,Permanent,Hybrid,1.0,40,2,101400,6310,0,0,7200
W03163,IT · Milan,IT,Milan,Finance,L5,Finance L5,M,Permanent,Remote,1.0,40,3,83550,9510,0,0,6000
W03164,PL · Kraków,PL,Krakow,Sales,L2,Sales L2,M,Permanent,Onsite,1.0,40,3,27900,0,3250,0,0
W03165,IT · Milan,IT,Milan,Operations,L1,Operations L1,M,Fixed-term,Hybrid,1.0,40,4,23250,0,0,0,0
W03166,IT · Milan,IT,Milan,Operations,L3,Operations L3,M,Permanent,Hybrid,1.0,40,1,39800,0,0,0,0
W03167,PL · Kraków,PL,Krakow,HR,L2,HR L2,F,Permanent,Onsite,0.8,32,2,23800,0,0,0,0
W03168,IT · Milan,IT,Milan,Finance,L2,Finance L2,F,Permanent,Remote,1.0,40,4,35900,0,0,0,0
W03169,PL · Kraków,PL,Krakow,Customer Service,L6,Customer Service L6,M,Permanent,Hybrid,1.0,40,3,68950,14940,0,0,4200
W03170,PL · Kraków,PL,Krakow,Customer Service,L2,Customer Service L2,F,Fixed-term,Onsite,1.0,40,4,23000,0,0,840,0
W03171,PL · Kraków,PL,Krakow,Operations,L4,Operations L4,M,Permanent,Hybrid,1.0,40,3,44400,3410,0,0,0
W03172,ES · Barcelona,ES,Barcelona,Customer Service,L1,Customer Service L1,M,Permanent,Onsite,0.8,32,3,15520,0,0,960,0
W03173,PL · Kraków,PL,Krakow,Operations,L2,Operations L2,F,Permanent,Hybrid,1.0,40,4,22950,0,0,0,0
W03175,PL · Kraków,PL,Krakow,Customer Service,L1,Customer Service L1,M,Permanent,Onsite,1.0,40,2,18150,0,0,840,0
W03176,PL · Kraków,PL,Krakow,Operations,L5,Operations L5,F,Permanent,Remote,0.8,32,5,43320,7530,0,0,4200
W03178,PL · Kraków,PL,Krakow,Sales,L3,Sales L3,M,Permanent,Hybrid,1.0,40,3,32200,1450,5330,0,0
W03179,IT · Milan,IT,Milan,Operations,L1,Operations L1,M,Permanent,Remote,1.0,40,3,22750,0,0,0,0
W03180,IT · Milan,IT,Milan,HR,L2,HR L2,M,Fixed-term,Hybrid,1.0,40,3,33450,0,0,0,0
W03181,DE · Munich,DE,Munich,Sales,L2,Sales L2,F,Fixed-term,Hybrid,0.8,32,2,45120,0,7080,0,0
W03182,PL · Kraków,PL,Krakow,Customer Service,L3,Customer Service L3,F,Permanent,Hybrid,1.0,40,4,29900,1860,0,0,0
W03184,ES · Barcelona,ES,Barcelona,Tech,L2,Tech L2,M,Permanent,Hybrid,1.0,40,3,40550,0,0,0,0
W03185,ES · Barcelona,ES,Barcelona,Sales,L3,Sales L3,M,Permanent,Hybrid,1.0,40,4,38350,2130,4890,0,0
W03187,DE · Munich,DE,Munich,Customer Service,L1,Customer Service L1,F,Permanent,Onsite,1.0,40,2,29150,0,0,1800,0
W03188,ES · Barcelona,ES,Barcelona,Customer Service,L1,Customer Service L1,M,Fixed-term,Hybrid,1.0,40,3,16600,0,0,0,0
W03189,DE · Munich,DE,Munich,Operations,L3,Operations L3,M,Permanent,Hybrid,1.0,40,3,67100,3350,0,0,0
W03190,IT · Milan,IT,Milan,Tech,L5,Tech L5,M,Permanent,Hybrid,1.0,40,4,87700,12980,0,0,6000
W03191,PL · Kraków,PL,Krakow,Operations,L2,Operations L2,F,Fixed-term,Remote,1.0,40,3,26900,0,0,0,0
W03193,IT · Milan,IT,Milan,Customer Service,L2,Customer Service L2,M,Permanent,Hybrid,1.0,40,1,31700,0,0,0,0
W03194,PL · Kraków,PL,Krakow,Operations,L2,Operations L2,F,Permanent,Hybrid,1.0,40,3,21900,0,0,0,0
W03197,IT · Milan,IT,Milan,HR,L3,HR L3,F,Permanent,Hybrid,1.0,40,2,44700,1190,0,0,0
W03198,PL · Kraków,PL,Krakow,HR,L1,HR L1,M,Permanent,Onsite,1.0,40,3,22600,0,0,0,0
W03199,PL · Kraków,PL,Krakow,Finance,L1,Finance L1,F,Permanent,Remote,1.0,40,3,23550,0,0,0,0
W03201,ES · Barcelona,ES,Barcelona,Finance,L4,Finance L4,M,Permanent,Remote,1.0,40,4,55150,5350,0,0,0
W03202,PL · Kraków,PL,Krakow,Tech,L2,Tech L2,M,Fixed-term,Hybrid,1.0,40,2,28050,0,0,0,0
W03204,ES · Barcelona,ES,Barcelona,Customer Service,L2,Customer Service L2,F,Permanent,Hybrid,1.0,40,3,27600,0,0,0,0
W03205,PL · Kraków,PL,Krakow,Customer Service,L3,Customer Service L3,F,Permanent,Remote,1.0,40,3,32350,1740,0,0,0
W03206,DE · Munich,DE,Munich,Customer Service,L3,Customer Service L3,M,Permanent,Remote,1.0,40,3,53700,2620,0,0,0
W03207,ES · Barcelona,ES,Barcelona,Tech,L3,Tech L3,M,Fixed-term,Hybrid,1.0,40,3,51750,2420,0,0,0
W03208,DE · Munich,DE,Munich,Finance,L4,Finance L4,F,Fixed-term,Hybrid,1.0,40,2,86400,3680,0,0,0
W03209,ES · Barcelona,ES,Barcelona,Customer Service,L1,Customer Service L1,F,Permanent,Hybrid,1.0,40,2,21400,0,0,0,0
W03210,ES · Barcelona,ES,Barcelona,Tech,L2,Tech L2,M,Permanent,Hybrid,1.0,40,3,42850,0,0,0,0
W03211,DE · Munich,DE,Munich,Customer Service,L3,Customer Service L3,F,Permanent,Onsite,1.0,40,2,52750,1310,0,1800,0
W03212,ES · Barcelona,ES,Barcelona,Customer Service,L5,Customer Service L5,M,Fixed-term,Onsite,1.0,40,4,58050,7850,0,0,5400
W03213,IT · Milan,IT,Milan,Tech,L4,Tech L4,F,Permanent,Hybrid,1.0,40,3,67150,5780,0,0,0
W03214,PL · Kraków,PL,Krakow,Operations,L5,Operations L5,F,Permanent,Hybrid,1.0,40,4,68800,11270,0,0,4200
W03215,DE · Munich,DE,Munich,Sales,L2,Sales L2,M,Fixed-term,Onsite,1.0,40,3,40600,0,7970,0,0
W03217,DE · Munich,DE,Munich,HR,L4,HR L4,M,Permanent,Onsite,1.0,40,3,73100,5590,0,0,0
W03218,ES · Barcelona,ES,Barcelona,Finance,L1,Finance L1,F,Permanent,Onsite,1.0,40,3,27850,0,0,0,0
W03220,PL · Kraków,PL,Krakow,Operations,L6,Operations L6,F,Permanent,Hybrid,0.8,32,4,58920,16340,0,0,4200
W03221,ES · Barcelona,ES,Barcelona,Tech,L1,Tech L1,M,Permanent,Onsite,1.0,40,4,28800,0,0,0,0
W03223,DE · Munich,DE,Munich,HR,L2,HR L2,F,Permanent,Hybrid,1.0,40,3,53600,0,0,0,0
W03225,IT · Milan,IT,Milan,Operations,L1,Operations L1,F,Permanent,Hybrid,0.8,32,2,19760,0,0,0,0
W03226,IT · Milan,IT,Milan,Finance,L2,Finance L2,M,Fixed-term,Hybrid,1.0,40,3,34200,0,0,0,0
W03227,ES · Barcelona,ES,Barcelona,HR,L3,HR L3,M,Permanent,Onsite,1.0,40,4,38200,2460,0,0,0
W03228,IT · Milan,IT,Milan,Customer Service,L4,Customer Service L4,M,Permanent,Remote,1.0,40,3,52450,3790,0,0,0
W03229,IT · Milan,IT,Milan,Operations,L4,Operations L4,M,Permanent,Hybrid,1.0,40,3,54400,5100,0,0,0
W03230,ES · Barcelona,ES,Barcelona,Sales,L3,Sales L3,F,Permanent,Onsite,1.0,40,1,43700,0,7280,0,0
W03231,IT · Milan,IT,Milan,Customer Service,L3,Customer Service L3,F,Permanent,Hybrid,1.0,40,3,42300,2210,0,0,0
W03232,IT · Milan,IT,Milan,Finance,L1,Finance L1,F,Fixed-term,Onsite,1.0,40,4,23850,0,0,0,0
W03233,IT · Milan,IT,Milan,Customer Service,L2,Customer Service L2,F,Fixed-term,Hybrid,1.0,40,3,26300,0,0,0,0
W03234,ES · Barcelona,ES,Barcelona,Finance,L3,Finance L3,F,Fixed-term,Remote,1.0,40,3,40000,2140,0,0,0
W03235,PL · Kraków,PL,Krakow,Operations,L3,Operations L3,M,Permanent,Onsite,1.0,40,3,31300,1420,0,840,0
W03236,PL · Kraków,PL,Krakow,Tech,L3,Tech L3,M,Fixed-term,Hybrid,1.0,40,3,46050,2240,0,0,0
W03237,PL · Kraków,PL,Krakow,Operations,L1,Operations L1,F,Permanent,Hybrid,1.0,40,3,20750,0,0,0,0
W03239,PL · Kraków,PL,Krakow,Tech,L2,Tech L2,F,Fixed-term,Onsite,1.0,40,3,35200,0,0,0,0
W03240,ES · Barcelona,ES,Barcelona,Sales,L1,Sales L1,F,Permanent,Remote,1.0,40,3,26350,0,3230,0,0
W03241,IT · Milan,IT,Milan,Customer Service,L2,Customer Service L2,F,Permanent,Hybrid,1.0,40,3,30550,0,0,0,0
W03242,ES · Barcelona,ES,Barcelona,HR,L1,HR L1,M,Permanent,Hybrid,1.0,40,4,22350,0,0,0,0
W03243,PL · Kraków,PL,Krakow,Sales,L2,Sales L2,M,Permanent,Hybrid,1.0,40,4,27050,0,4500,0,0
W03244,IT · Milan,IT,Milan,HR,L1,HR L1,M,Permanent,Remote,1.0,40,3,24900,0,0,0,0
W03245,IT · Milan,IT,Milan,Operations,L2,Operations L2,F,Permanent,Hybrid,1.0,40,3,26250,0,0,0,0
W03247,PL · Kraków,PL,Krakow,Operations,L3,Operations L3,M,Permanent,Onsite,1.0,40,2,32950,780,0,840,0
W03249,PL · Kraków,PL,Krakow,Sales,L2,Sales L2,M,Permanent,Onsite,0.8,32,4,21240,0,2660,0,0
W03250,PL · Kraków,PL,Krakow,Customer Service,L2,Customer Service L2,F,Permanent,Remote,1.0,40,2,24450,0,0,0,0
W03252,DE · Munich,DE,Munich,Finance,L2,Finance L2,F,Permanent,Hybrid,1.0,40,3,51100,0,0,0,0
W03253,PL · Kraków,PL,Krakow,Customer Service,L1,Customer Service L1,F,Permanent,Remote,1.0,40,4,14650,0,0,0,0
W03254,ES · Barcelona,ES,Barcelona,HR,L3,HR L3,F,Permanent,Remote,1.0,40,3,40700,2210,0,0,0
W03255,IT · Milan,IT,Milan,Tech,L1,Tech L1,F,Permanent,Remote,1.0,40,4,32850,0,0,0,0
W03256,PL · Kraków,PL,Krakow,Operations,L2,Operations L2,M,Permanent,Hybrid,1.0,40,3,25000,0,0,0,0
W03258,PL · Kraków,PL,Krakow,Operations,L1,Operations L1,F,Permanent,Onsite,1.0,40,3,20000,0,0,840,0
W03259,IT · Milan,IT,Milan,Tech,L1,Tech L1,M,Permanent,Remote,1.0,40,4,35900,0,0,0,0
W03260,IT · Milan,IT,Milan,Tech,L1,Tech L1,M,Permanent,Hybrid,0.8,32,4,27560,0,0,0,0
W03261,IT · Milan,IT,Milan,Tech,L4,Tech L4,M,Permanent,Hybrid,1.0,40,4,73450,7590,0,0,0
W03262,PL · Kraków,PL,Krakow,Customer Service,L2,Customer Service L2,F,Permanent,Remote,1.0,40,3,20900,0,0,0,0
W03263,IT · Milan,IT,Milan,Operations,L2,Operations L2,F,Fixed-term,Hybrid,1.0,40,4,31300,0,0,0,0
W03265,DE · Munich,DE,Munich,Tech,L1,Tech L1,M,Permanent,Remote,1.0,40,2,47250,0,0,0,0
W03266,DE · Munich,DE,Munich,Customer Service,L5,Customer Service L5,M,Fixed-term,Hybrid,1.0,40,3,93650,11020,0,0,7200
W03267,IT · Milan,IT,Milan,Tech,L3,Tech L3,M,Fixed-term,Hybrid,1.0,40,3,50700,2520,0,0,0
W03268,PL · Kraków,PL,Krakow,Tech,L1,Tech L1,M,Permanent,Hybrid,1.0,40,2,26050,0,0,0,0
W03269,DE · Munich,DE,Munich,Tech,L4,Tech L4,M,Permanent,Onsite,1.0,40,3,106000,7830,0,0,0
W03270,IT · Milan,IT,Milan,Customer Service,L3,Customer Service L3,M,Fixed-term,Hybrid,1.0,40,2,31050,860,0,0,0
W03271,DE · Munich,DE,Munich,Customer Service,L5,Customer Service L5,M,Fixed-term,Onsite,1.0,40,3,98000,11700,0,0,7200
W03272,DE · Munich,DE,Munich,Operations,L4,Operations L4,M,Permanent,Onsite,0.8,32,4,55320,5540,0,0,0
W03273,IT · Milan,IT,Milan,Operations,L2,Operations L2,F,Permanent,Onsite,1.0,40,5,30000,0,0,1320,0
W03274,PL · Kraków,PL,Krakow,Customer Service,L3,Customer Service L3,F,Permanent,Remote,1.0,40,5,31050,2360,0,0,0
W03275,DE · Munich,DE,Munich,Operations,L4,Operations L4,M,Permanent,Remote,1.0,40,4,89900,8740,0,0,0
W03276,PL · Kraków,PL,Krakow,Tech,L3,Tech L3,F,Permanent,Hybrid,1.0,40,4,46750,3010,0,0,0
W03277,IT · Milan,IT,Milan,Customer Service,L1,Customer Service L1,F,Permanent,Hybrid,1.0,40,3,22700,0,0,0,0
W03278,IT · Milan,IT,Milan,Operations,L2,Operations L2,M,Fixed-term,Hybrid,0.8,32,4,21280,0,0,0,0
W03279,DE · Munich,DE,Munich,Sales,L2,Sales L2,M,Permanent,Onsite,1.0,40,4,53750,0,6330,0,0
W03280,ES · Barcelona,ES,Barcelona,Tech,L1,Tech L1,F,Permanent,Hybrid,1.0,40,4,34150,0,0,0,0
W03281,IT · Milan,IT,Milan,Operations,L1,Operations L1,F,Permanent,Onsite,1.0,40,4,20150,0,0,1320,0
W03282,IT · Milan,IT,Milan,Customer Service,L4,Customer Service L4,M,Permanent,Hybrid,1.0,40,3,45600,3720,0,0,0
W03283,PL · Kraków,PL,Krakow,Finance,L2,Finance L2,M,Permanent,Hybrid,1.0,40,3,26850,0,0,0,0
W03284,PL · Kraków,PL,Krakow,Operations,L2,Operations L2,M,Fixed-term,Hybrid,1.0,40,3,25050,0,0,0,0
W03285,DE · Munich,DE,Munich,Sales,L2,Sales L2,F,Fixed-term,Onsite,1.0,40,1,51650,0,9730,0,0
W03286,PL · Kraków,PL,Krakow,HR,L4,HR L4,M,Permanent,Hybrid,1.0,40,3,36800,3250,0,0,0
W03287,IT · Milan,IT,Milan,Finance,L5,Finance L5,F,Permanent,Hybrid,0.8,32,3,68760,7890,0,0,6000
W03288,ES · Barcelona,ES,Barcelona,HR,L4,HR L4,F,Permanent,Onsite,1.0,40,3,68850,5580,0,0,0
W03289,DE · Munich,DE,Munich,Operations,L3,Operations L3,F,Permanent,Onsite,0.8,32,4,40360,2610,0,1440,0
W03290,DE · Munich,DE,Munich,Operations,L4,Operations L4,M,Fixed-term,Remote,1.0,40,4,65550,7090,0,0,0
W03291,IT · Milan,IT,Milan,Operations,L5,Operations L5,M,Permanent,Hybrid,1.0,40,2,71700,4260,0,0,6000
W03292,ES · Barcelona,ES,Barcelona,Sales,L6,Sales L6,M,Permanent,Hybrid,1.0,40,2,96300,9570,17790,0,5400
W03293,PL · Kraków,PL,Krakow,Operations,L2,Operations L2,F,Fixed-term,Hybrid,1.0,40,3,23500,0,0,0,0
W03294,IT · Milan,IT,Milan,Finance,L3,Finance L3,M,Fixed-term,Onsite,1.0,40,3,51300,2370,0,0,0
W03295,IT · Milan,IT,Milan,Operations,L2,Operations L2,M,Fixed-term,Hybrid,1.0,40,1,30250,0,0,0,0
W03298,PL · Kraków,PL,Krakow,Tech,L4,Tech L4,M,Permanent,Hybrid,0.8,32,3,38960,3310,0,0,0
W03300,PL · Kraków,PL,Krakow,Tech,L6,Tech L6,F,Permanent,Hybrid,1.0,40,3,122300,24010,0,0,4200
W03301,ES · Barcelona,ES,Barcelona,Tech,L3,Tech L3,M,Fixed-term,Remote,1.0,40,3,55050,2970,0,0,0
W03302,DE · Munich,DE,Munich,Sales,L4,Sales L4,F,Fixed-term,Hybrid,1.0,40,3,73750,5710,9800,0,0
W03304,IT · Milan,IT,Milan,Operations,L3,Operations L3,F,Permanent,Hybrid,1.0,40,4,45000,2760,0,0,0
W03305,ES · Barcelona,ES,Barcelona,Sales,L1,Sales L1,F,Permanent,Onsite,1.0,40,4,27000,0,3520,0,0
W03306,DE · Munich,DE,Munich,Finance,L3,Finance L3,M,Permanent,Hybrid,1.0,40,4,65500,4380,0,0,0
W03307,IT · Milan,IT,Milan,HR,L6,HR L6,M,Permanent,Hybrid,1.0,40,3,110750,20230,0,0,6000
W03308,DE · Munich,DE,Munich,Customer Service,L2,Customer Service L2,F,Permanent,Hybrid,1.0,40,3,39300,0,0,0,0
W03309,IT · Milan,IT,Milan,Customer Service,L1,Customer Service L1,F,Permanent,Onsite,1.0,40,3,25650,0,0,1320,0
W03310,DE · Munich,DE,Munich,HR,L1,HR L1,F,Permanent,Hybrid,1.0,40,4,43450,0,0,0,0
W03313,PL · Kraków,PL,Krakow,Customer Service,L2,Customer Service L2,M,Permanent,Hybrid,1.0,40,3,23650,0,0,0,0
W03314,DE · Munich,DE,Munich,Customer Service,L5,Customer Service L5,M,Permanent,Hybrid,1.0,40,3,95950,10220,0,0,7200
W03315,PL · Kraków,PL,Krakow,Customer Service,L6,Customer Service L6,F,Fixed-term,Onsite,1.0,40,3,76550,14810,0,0,4200
W03316,IT · Milan,IT,Milan,Customer Service,L1,Customer Service L1,F,Permanent,Hybrid,0.8,32,3,15520,0,0,0,0
W03317,PL · Kraków,PL,Krakow,Finance,L5,Finance L5,F,Fixed-term,Remote,1.0,40,3,60950,7430,0,0,4200
W03318,IT · Milan,IT,Milan,Customer Service,L6,Customer Service L6,M,Fixed-term,Hybrid,1.0,40,3,90900,17540,0,0,6000
W03319,ES · Barcelona,ES,Barcelona,HR,L3,HR L3,M,Permanent,Hybrid,1.0,40,4,39700,2550,0,0,0
W03320,PL · Kraków,PL,Krakow,HR,L4,HR L4,M,Permanent,Hybrid,0.8,32,4,34760,3470,0,0,0
W03321,PL · Kraków,PL,Krakow,HR,L1,HR L1,F,Permanent,Hybrid,0.8,32,3,19880,0,0,0,0
W03322,DE · Munich,DE,Munich,Operations,L1,Operations L1,M,Permanent,Hybrid,1.0,40,3,37600,0,0,0,0
W03323,ES · Barcelona,ES,Barcelona,Customer Service,L1,Customer Service L1,F,Permanent,Onsite,1.0,40,4,24100,0,0,1200,0
W03324,DE · Munich,DE,Munich,Customer Service,L2,Customer Service L2,F,Permanent,Hybrid,1.0,40,4,41600,0,0,0,0
W03325,PL · Kraków,PL,Krakow,Tech,L1,Tech L1,M,Permanent,Hybrid,1.0,40,2,28850,0,0,0,0
W03327,DE · Munich,DE,Munich,Sales,L2,Sales L2,F,Permanent,Hybrid,1.0,40,4,39250,0,4780,0,0
W03328,ES · Barcelona,ES,Barcelona,Customer Service,L4,Customer Service L4,F,Permanent,Hybrid,1.0,40,3,46700,3840,0,0,0
W03329,IT · Milan,IT,Milan,Customer Service,L2,Customer Service L2,M,Permanent,Hybrid,1.0,40,3,28100,0,0,0,0
W03330,PL · Kraków,PL,Krakow,Tech,L4,Tech L4,F,Permanent,Hybrid,1.0,40,3,58600,4830,0,0,0
W03331,IT · Milan,IT,Milan,Customer Service,L3,Customer Service L3,M,Permanent,Hybrid,1.0,40,4,36900,2410,0,0,0
W03332,IT · Milan,IT,Milan,Sales,L1,Sales L1,F,Permanent,Hybrid,0.8,32,5,18240,0,2760,0,0
W03333,DE · Munich,DE,Munich,HR,L1,HR L1,F,Permanent,Onsite,1.0,40,1,34550,0,0,0,0
W03334,IT · Milan,IT,Milan,Finance,L1,Finance L1,M,Fixed-term,Hybrid,1.0,40,3,27150,0,0,0,0
W03335,DE · Munich,DE,Munich,HR,L3,HR L3,M,Fixed-term,Hybrid,1.0,40,4,54050,3530,0,0,0
W03336,ES · Barcelona,ES,Barcelona,Operations,L3,Operations L3,F,Permanent,Hybrid,1.0,40,2,32750,840,0,0,0
W03337,ES · Barcelona,ES,Barcelona,Operations,L2,Operations L2,M,Permanent,Hybrid,1.0,40,3,29550,0,0,0,0
W03338,ES · Barcelona,ES,Barcelona,Customer Service,L3,Customer Service L3,M,Permanent,Onsite,1.0,40,1,39250,0,0,1200,0
W03339,DE · Munich,DE,Munich,Sales,L3,Sales L3,M,Permanent,Hybrid,1.0,40,5,71950,6160,12250,0,0
W03340,IT · Milan,IT,Milan,Operations,L2,Operations L2,M,Permanent,Onsite,1.0,40,4,29950,0,0,1320,0
W03341,PL · Kraków,PL,Krakow,Customer Service,L5,Customer Service L5,M,Permanent,Remote,1.0,40,3,50950,5560,0,0,4200
W03342,DE · Munich,DE,Munich,Tech,L1,Tech L1,M,Permanent,Hybrid,1.0,40,4,39400,0,0,0,0
W03343,ES · Barcelona,ES,Barcelona,Operations,L2,Operations L2,F,Fixed-term,Onsite,1.0,40,3,36950,0,0,1200,0
W03344,DE · Munich,DE,Munich,Tech,L2,Tech L2,F,Fixed-term,Onsite,1.0,40,2,56800,0,0,0,0
W03345,ES · Barcelona,ES,Barcelona,Customer Service,L2,Customer Service L2,F,Permanent,Hybrid,1.0,40,3,27150,0,0,0,0
W03346,PL · Kraków,PL,Krakow,Finance,L5,Finance L5,F,Permanent,Onsite,1.0,40,3,68850,7930,0,0,4200
W03347,ES · Barcelona,ES,Barcelona,Operations,L2,Operations L2,M,Permanent,Hybrid,1.0,40,4,30700,0,0,0,0
W03348,IT · Milan,IT,Milan,Operations,L3,Operations L3,F,Fixed-term,Hybrid,1.0,40,3,39200,1840,0,0,0
W03349,DE · Munich,DE,Munich,Finance,L5,Finance L5,M,Permanent,Onsite,1.0,40,3,121300,14290,0,0,7200
W03351,PL · Kraków,PL,Krakow,Sales,L1,Sales L1,M,Fixed-term,Hybrid,1.0,40,2,23200,0,3100,0,0
W03352,DE · Munich,DE,Munich,Operations,L1,Operations L1,F,Permanent,Remote,1.0,40,4,37350,0,0,0,0
W03353,PL · Kraków,PL,Krakow,HR,L3,HR L3,M,Fixed-term,Hybrid,1.0,40,3,34600,1700,0,0,0
W03355,IT · Milan,IT,Milan,Customer Service,L6,Customer Service L6,M,Permanent,Onsite,1.0,40,5,90550,26890,0,0,6000
W03356,IT · Milan,IT,Milan,Operations,L3,Operations L3,F,Permanent,Onsite,1.0,40,2,44500,1170,0,1320,0
W03357,DE · Munich,DE,Munich,Finance,L1,Finance L1,F,Permanent,Hybrid,1.0,40,3,41600,0,0,0,0
W03359,PL · Kraków,PL,Krakow,Customer Service,L3,Customer Service L3,M,Fixed-term,Hybrid,1.0,40,3,29700,1590,0,0,0
W03360,DE · Munich,DE,Munich,Finance,L3,Finance L3,M,Fixed-term,Onsite,1.0,40,2,58850,1440,0,0,0
W03361,DE · Munich,DE,Munich,Tech,L1,Tech L1,F,Permanent,Hybrid,1.0,40,3,44600,0,0,0,0
W03362,PL · Kraków,PL,Krakow,Sales,L4,Sales L4,M,Permanent,Hybrid,1.0,40,3,46500,3910,8220,0,0
W03363,PL · Kraków,PL,Krakow,Sales,L3,Sales L3,M,Fixed-term,Onsite,1.0,40,3,36650,1880,7580,0,0
W03364,DE · Munich,DE,Munich,Sales,L5,Sales L5,M,Permanent,Hybrid,1.0,40,3,116450,14560,20850,0,7200
W03366,PL · Kraków,PL,Krakow,Customer Service,L2,Customer Service L2,F,Permanent,Hybrid,0.8,32,3,19000,0,0,0,0
W03367,ES · Barcelona,ES,Barcelona,Customer Service,L2,Customer Service L2,M,Permanent,Hybrid,1.0,40,4,28600,0,0,0,0
W03368,IT · Milan,IT,Milan,Customer Service,L4,Customer Service L4,F,Permanent,Onsite,1.0,40,3,47100,3650,0,0,0
W03370,ES · Barcelona,ES,Barcelona,Sales,L3,Sales L3,M,Fixed-term,Hybrid,1.0,40,3,45500,2240,7530,0,0
W03371,PL · Kraków,PL,Krakow,Customer Service,L1,Customer Service L1,F,Fixed-term,Hybrid,1.0,40,3,17500,0,0,0,0
W03372,IT · Milan,IT,Milan,Customer Service,L4,Customer Service L4,M,Permanent,Hybrid,1.0,40,3,56750,4520,0,0,0
W03373,PL · Kraków,PL,Krakow,Tech,L5,Tech L5,M,Permanent,Hybrid,1.0,40,3,79900,9430,0,0,4200
W03374,IT · Milan,IT,Milan,Finance,L1,Finance L1,F,Fixed-term,Hybrid,0.8,32,2,25560,0,0,0,0
W03375,IT · Milan,IT,Milan,Tech,L2,Tech L2,M,Fixed-term,Remote,1.0,40,3,39650,0,0,0,0
W03376,PL · Kraków,PL,Krakow,HR,L1,HR L1,M,Permanent,Hybrid,1.0,40,3,20450,0,0,0,0
W03377,IT · Milan,IT,Milan,Tech,L2,Tech L2,F,Permanent,Hybrid,1.0,40,3,44400,0,0,0,0
W03378,IT · Milan,IT,Milan,Tech,L3,Tech L3,F,Fixed-term,Hybrid,1.0,40,3,57650,3110,0,0,0
W03379,IT · Milan,IT,Milan,Customer Service,L3,Customer Service L3,F,Permanent,Remote,1.0,40,4,38850,2240,0,0,0
W03380,ES · Barcelona,ES,Barcelona,Customer Service,L2,Customer Service L2,F,Permanent,Remote,1.0,40,3,27450,0,0,0,0
W03381,IT · Milan,IT,Milan,Customer Service,L1,Customer Service L1,F,Permanent,Hybrid,1.0,40,4,27050,0,0,0,0
W03382,PL · Kraków,PL,Krakow,Operations,L4,Operations L4,F,Permanent,Hybrid,1.0,40,4,38100,3870,0,0,0
W03383,PL · Kraków,PL,Krakow,Tech,L3,Tech L3,M,Permanent,Hybrid,1.0,40,2,46950,1130,0,0,0
W03384,IT · Milan,IT,Milan,Sales,L4,Sales L4,M,Permanent,Hybrid,1.0,40,3,56450,4530,8590,0,0
W03385,IT · Milan,IT,Milan,Operations,L1,Operations L1,M,Permanent,Remote,1.0,40,2,26150,0,0,0,0
W03386,DE · Munich,DE,Munich,Tech,L2,Tech L2,F,Permanent,Onsite,1.0,40,2,59450,0,0,0,0
W03387,DE · Munich,DE,Munich,Customer Service,L1,Customer Service L1,M,Permanent,Onsite,1.0,40,4,29000,0,0,1800,0
W03388,DE · Munich,DE,Munich,Customer Service,L4,Customer Service L4,M,Permanent,Hybrid,1.0,40,4,77350,7400,0,0,0
W03389,DE · Munich,DE,Munich,Operations,L2,Operations L2,F,Permanent,Hybrid,1.0,40,3,42650,0,0,0,0
W03390,IT · Milan,IT,Milan,Finance,L2,Finance L2,M,Permanent,Hybrid,1.0,40,3,33950,0,0,0,0
W03391,DE · Munich,DE,Munich,Operations,L4,Operations L4,M,Permanent,Remote,1.0,40,3,75200,5660,0,0,0
W03393,IT · Milan,IT,Milan,Finance,L2,Finance L2,M,Fixed-term,Hybrid,1.0,40,4,31000,0,0,0,0
W03394,PL · Kraków,PL,Krakow,Customer Service,L2,Customer Service L2,F,Fixed-term,Hybrid,1.0,40,4,23950,0,0,0,0
W03395,DE · Munich,DE,Munich,Operations,L2,Operations L2,M,Permanent,Hybrid,1.0,40,3,50100,0,0,0,0
W03396,DE · Munich,DE,Munich,Customer Service,L1,Customer Service L1,F,Permanent,Remote,1.0,40,1,32350,0,0,0,0
W03398,DE · Munich,DE,Munich,Customer Service,L3,Customer Service L3,M,Fixed-term,Onsite,1.0,40,3,51900,2660,0,1800,0
W03399,IT · Milan,IT,Milan,Finance,L4,Finance L4,F,Permanent,Hybrid,1.0,40,3,48700,3740,0,0,0
W03400,DE · Munich,DE,Munich,Customer Service,L3,Customer Service L3,F,Permanent,Hybrid,1.0,40,2,57150,1370,0,0,0
W03401,DE · Munich,DE,Munich,Customer Service,L1,Customer Service L1,F,Permanent,Onsite,1.0,40,4,28800,0,0,1800,0
W03402,ES · Barcelona,ES,Barcelona,Tech,L3,Tech L3,M,Permanent,Onsite,1.0,40,3,48900,2440,0,0,0
W03403,PL · Kraków,PL,Krakow,Operations,L3,Operations L3,F,Permanent,Remote,1.0,40,3,26700,1260,0,0,0
W03405,ES · Barcelona,ES,Barcelona,HR,L2,HR L2,F,Fixed-term,Hybrid,1.0,40,3,18500,0,0,0,0
W03406,IT · Milan,IT,Milan,Operations,L1,Operations L1,F,Permanent,Remote,1.0,40,2,23200,0,0,0,0
W03407,ES · Barcelona,ES,Barcelona,Customer Service,L3,Customer Service L3,F,Permanent,Hybrid,1.0,40,2,31750,810,0,0,0
W03408,PL · Kraków,PL,Krakow,Tech,L4,Tech L4,M,Permanent,Onsite,1.0,40,3,42250,3360,0,0,0
W03409,PL · Kraków,PL,Krakow,HR,L4,HR L4,M,Permanent,Onsite,1.0,40,2,48500,1720,0,0,0
W03410,IT · Milan,IT,Milan,Tech,L3,Tech L3,F,Permanent,Onsite,1.0,40,3,51950,2670,0,0,0
W03411,IT · Milan,IT,Milan,HR,L2,HR L2,M,Fixed-term,Onsite,1.0,40,3,31850,0,0,0,0
W03412,ES · Barcelona,ES,Barcelona,Operations,L1,Operations L1,F,Permanent,Hybrid,1.0,40,4,25500,0,0,0,0
W03414,IT · Milan,IT,Milan,Tech,L2,Tech L2,M,Permanent,Hybrid,1.0,40,4,43150,0,0,0,0
W03415,PL · Kraków,PL,Krakow,Tech,L3,Tech L3,M,Permanent,Hybrid,1.0,40,1,38600,0,0,0,0
W03416,ES · Barcelona,ES,Barcelona,Operations,L2,Operations L2,F,Permanent,Onsite,1.0,40,1,30400,0,0,1200,0
W03417,PL · Kraków,PL,Krakow,Customer Service,L5,Customer Service L5,M,Permanent,Remote,1.0,40,4,58500,7960,0,0,4200
W03418,PL · Kraków,PL,Krakow,Customer Service,L2,Customer Service L2,M,Permanent,Hybrid,1.0,40,4,24700,0,0,0,0
W03419,DE · Munich,DE,Munich,Customer Service,L4,Customer Service L4,M,Permanent,Hybrid,0.8,32,3,47320,3870,0,0,0
W03420,ES · Barcelona,ES,Barcelona,Operations,L2,Operations L2,F,Fixed-term,Hybrid,1.0,40,3,26150,0,0,0,0
W03421,IT · Milan,IT,Milan,Tech,L4,Tech L4,M,Permanent,Onsite,1.0,40,3,71650,6000,0,0,0
W03422,IT · Milan,IT,Milan,Finance,L4,Finance L4,M,Permanent,Hybrid,1.0,40,3,60650,4510,0,0,0
W03423,DE · Munich,DE,Munich,Operations,L4,Operations L4,M,Permanent,Hybrid,1.0,40,2,75450,2900,0,0,0
W03424,ES · Barcelona,ES,Barcelona,Customer Service,L4,Customer Service L4,F,Permanent,Hybrid,1.0,40,5,46850,5860,0,0,0
W03425,IT · Milan,IT,Milan,Tech,L5,Tech L5,M,Permanent,Hybrid,1.0,40,4,93350,13980,0,0,6000
W03426,IT · Milan,IT,Milan,Operations,L2,Operations L2,F,Permanent,Hybrid,0.8,32,2,22640,0,0,0,0
W03427,IT · Milan,IT,Milan,Operations,L3,Operations L3,F,Permanent,Remote,0.8,32,5,27960,2260,0,0,0
W03428,DE · Munich,DE,Munich,Customer Service,L1,Customer Service L1,M,Permanent,Hybrid,1.0,40,4,34650,0,0,0,0
W03429,ES · Barcelona,ES,Barcelona,Operations,L2,Operations L2,F,Permanent,Hybrid,1.0,40,2,27650,0,0,0,0
W03431,PL · Kraków,PL,Krakow,HR,L3,HR L3,F,Permanent,Hybrid,1.0,40,3,36600,2040,0,0,0
W03432,IT · Milan,IT,Milan,Tech,L1,Tech L1,F,Permanent,Hybrid,1.0,40,5,35650,0,0,0,0
W03433,IT · Milan,IT,Milan,Customer Service,L5,Customer Service L5,M,Permanent,Hybrid,1.0,40,3,68900,8400,0,0,6000
W03434,PL · Kraków,PL,Krakow,Finance,L1,Finance L1,M,Permanent,Remote,1.0,40,2,25200,0,0,0,0
W03436,IT · Milan,IT,Milan,HR,L2,HR L2,M,Permanent,Hybrid,1.0,40,3,34100,0,0,0,0
W03437,ES · Barcelona,ES,Barcelona,Operations,L6,Operations L6,M,Permanent,Hybrid,1.0,40,3,86000,18640,0,0,5400
W03438,ES · Barcelona,ES,Barcelona,HR,L3,HR L3,M,Permanent,Onsite,1.0,40,3,38500,1960,0,0,0
W03439,PL · Kraków,PL,Krakow,Operations,L2,Operations L2,M,Fixed-term,Remote,1.0,40,3,29750,0,0,0,0
W03440,DE · Munich,DE,Munich,Finance,L1,Finance L1,F,Permanent,Onsite,1.0,40,2,40600,0,0,0,0
W03441,PL · Kraków,PL,Krakow,Tech,L5,Tech L5,F,Permanent,Hybrid,1.0,40,2,81950,4900,0,0,4200
W03442,ES · Barcelona,ES,Barcelona,Operations,L2,Operations L2,F,Permanent,Onsite,1.0,40,3,26150,0,0,1200,0
W03444,IT · Milan,IT,Milan,Operations,L3,Operations L3,M,Fixed-term,Hybrid,1.0,40,4,44350,2720,0,0,0
W03445,PL · Kraków,PL,Krakow,Tech,L1,Tech L1,F,Fixed-term,Hybrid,1.0,40,2,30400,0,0,0,0
W03447,IT · Milan,IT,Milan,Customer Service,L5,Customer Service L5,F,Permanent,Onsite,0.8,32,5,52200,9480,0,0,6000
W03448,DE · Munich,DE,Munich,Customer Service,L2,Customer Service L2,M,Permanent,Hybrid,1.0,40,3,41700,0,0,0,0
W03449,DE · Munich,DE,Munich,Customer Service,L1,Customer Service L1,F,Permanent,Onsite,1.0,40,3,30650,0,0,1800,0
W03450,PL · Kraków,PL,Krakow,Operations,L3,Operations L3,M,Permanent,Hybrid,1.0,40,2,40700,1020,0,0,0
W03451,PL · Kraków,PL,Krakow,HR,L3,HR L3,M,Fixed-term,Hybrid,1.0,40,2,31450,720,0,0,0
W03452,ES · Barcelona,ES,Barcelona,Sales,L4,Sales L4,M,Permanent,Remote,1.0,40,5,55350,5350,10610,0,0
W03453,IT · Milan,IT,Milan,Customer Service,L2,Customer Service L2,M,Permanent,Remote,1.0,40,1,30000,0,0,0,0
W03454,ES · Barcelona,ES,Barcelona,Sales,L3,Sales L3,M,Permanent,Hybrid,1.0,40,3,43400,2170,5870,0,0
W03455,PL · Kraków,PL,Krakow,Operations,L5,Operations L5,M,Permanent,Remote,0.8,32,3,47880,6340,0,0,4200
W03456,DE · Munich,DE,Munich,Sales,L2,Sales L2,F,Permanent,Hybrid,1.0,40,4,54850,0,8400,0,0
W03457,DE · Munich,DE,Munich,Sales,L2,Sales L2,F,Permanent,Onsite,1.0,40,3,42500,0,5480,0,0
W03458,DE · Munich,DE,Munich,Customer Service,L4,Customer Service L4,M,Permanent,Hybrid,1.0,40,3,78950,6110,0,0,0
W03459,ES · Barcelona,ES,Barcelona,HR,L4,HR L4,M,Fixed-term,Hybrid,0.8,32,2,38400,1600,0,0,0
W03460,DE · Munich,DE,Munich,Tech,L3,Tech L3,M,Permanent,Remote,1.0,40,2,80950,1930,0,0,0
W03461,PL · Kraków,PL,Krakow,HR,L2,HR L2,F,Fixed-term,Hybrid,0.8,32,3,23680,0,0,0,0
W03462,PL · Kraków,PL,Krakow,Customer Service,L3,Customer Service L3,F,Permanent,Onsite,1.0,40,4,28650,1840,0,840,0
W03463,DE · Munich,DE,Munich,Customer Service,L1,Customer Service L1,M,Fixed-term,Hybrid,1.0,40,4,33950,0,0,0,0
W03464,IT · Milan,IT,Milan,Sales,L4,Sales L4,F,Fixed-term,Onsite,1.0,40,4,56100,6090,7770,0,0
W03465,IT · Milan,IT,Milan,Finance,L1,Finance L1,M,Permanent,Remote,1.0,40,5,32350,0,0,0,0
W03467,IT · Milan,IT,Milan,Finance,L5,Finance L5,M,Permanent,Onsite,1.0,40,4,88600,13320,0,0,6000
W03468,IT · Milan,IT,Milan,Operations,L1,Operations L1,F,Fixed-term,Onsite,1.0,40,5,26000,0,0,1320,0
W03470,IT · Milan,IT,Milan,Sales,L1,Sales L1,M,Permanent,Onsite,1.0,40,3,27800,0,3890,0,0
W03471,DE · Munich,DE,Munich,Operations,L4,Operations L4,M,Fixed-term,Hybrid,1.0,40,2,72900,3030,0,0,0
W03473,ES · Barcelona,ES,Barcelona,Sales,L1,Sales L1,M,Permanent,Hybrid,1.0,40,4,27650,0,3900,0,0
W03474,PL · Kraków,PL,Krakow,Operations,L3,Operations L3,F,Permanent,Hybrid,1.0,40,3,27050,1240,0,0,0
W03475,IT · Milan,IT,Milan,Operations,L3,Operations L3,F,Permanent,Onsite,1.0,40,3,51750,2450,0,1320,0
W03476,IT · Milan,IT,Milan,Customer Service,L6,Customer Service L6,F,Permanent,Onsite,1.0,40,3,96450,18460,0,0,6000
W03477,PL · Kraków,PL,Krakow,Sales,L4,Sales L4,F,Permanent,Remote,1.0,40,3,44500,3410,3990,0,0
W03478,DE · Munich,DE,Munich,Sales,L3,Sales L3,M,Permanent,Onsite,1.0,40,4,75350,4250,12010,0,0
W03479,IT · Milan,IT,Milan,Finance,L2,Finance L2,F,Permanent,Remote,1.0,40,5,30850,0,0,0,0
W03481,IT · Milan,IT,Milan,Tech,L1,Tech L1,M,Permanent,Remote,1.0,40,3,34850,0,0,0,0
W03482,ES · Barcelona,ES,Barcelona,Operations,L4,Operations L4,M,Permanent,Onsite,1.0,40,3,50550,3810,0,0,0
W03483,DE · Munich,DE,Munich,Customer Service,L3,Customer Service L3,M,Fixed-term,Remote,1.0,40,3,58350,2730,0,0,0
W03484,DE · Munich,DE,Munich,Finance,L2,Finance L2,F,Permanent,Hybrid,1.0,40,3,50900,0,0,0,0
W03485,PL · Kraków,PL,Krakow,Customer Service,L2,Customer Service L2,F,Permanent,Remote,1.0,40,4,19300,0,0,0,0
W03486,IT · Milan,IT,Milan,Operations,L5,Operations L5,M,Permanent,Onsite,1.0,40,4,76450,10440,0,0,6000
W03487,IT · Milan,IT,Milan,Customer Service,L2,Customer Service L2,F,Permanent,Hybrid,1.0,40,4,32850,0,0,0,0
W03488,DE · Munich,DE,Munich,HR,L3,HR L3,M,Permanent,Onsite,1.0,40,5,68950,5280,0,0,0
W03489,PL · Kraków,PL,Krakow,Operations,L4,Operations L4,F,Permanent,Hybrid,1.0,40,5,45700,5440,0,0,0
W03490,DE · Munich,DE,Munich,Operations,L2,Operations L2,F,Permanent,Onsite,1.0,40,3,46750,0,0,1800,0
W03492,DE · Munich,DE,Munich,Sales,L2,Sales L2,F,Fixed-term,Hybrid,1.0,40,3,53450,0,6980,0,0
W03493,ES · Barcelona,ES,Barcelona,Operations,L4,Operations L4,M,Fixed-term,Hybrid,1.0,40,3,47750,3550,0,0,0
W03494,DE · Munich,DE,Munich,Finance,L1,Finance L1,M,Permanent,Onsite,0.8,32,3,32320,0,0,0,0
W03495,IT · Milan,IT,Milan,HR,L4,HR L4,M,Permanent,Onsite,1.0,40,3,55300,4240,0,0,0
W03496,IT · Milan,IT,Milan,Sales,L2,Sales L2,F,Fixed-term,Hybrid,1.0,40,3,29700,0,4980,0,0
W03497,IT · Milan,IT,Milan,Finance,L3,Finance L3,M,Permanent,Hybrid,1.0,40,3,45250,2420,0,0,0
W03498,IT · Milan,IT,Milan,Tech,L3,Tech L3,M,Permanent,Onsite,1.0,40,2,49350,1040,0,0,0
W03499,PL · Kraków,PL,Krakow,Sales,L3,Sales L3,M,Permanent,Hybrid,1.0,40,2,32850,800,8140,0,0
W03500,PL · Kraków,PL,Krakow,Operations,L4,Operations L4,M,Permanent,Onsite,1.0,40,4,39300,3920,0,0,0
W03501,DE · Munich,DE,Munich,Finance,L1,Finance L1,F,Permanent,Hybrid,0.8,32,5,30880,0,0,0,0
W03502,ES · Barcelona,ES,Barcelona,Operations,L3,Operations L3,M,Permanent,Onsite,1.0,40,2,40500,930,0,1200,0
W03503,PL · Kraków,PL,Krakow,Sales,L4,Sales L4,M,Permanent,Hybrid,1.0,40,3,42400,3210,4940,0,0
W03504,DE · Munich,DE,Munich,Sales,L2,Sales L2,M,Fixed-term,Onsite,1.0,40,1,56900,0,9910,0,0
W03505,DE · Munich,DE,Munich,Finance,L3,Finance L3,F,Fixed-term,Remote,0.8,32,3,50360,2350,0,0,0
W03508,PL · Kraków,PL,Krakow,Tech,L1,Tech L1,F,Permanent,Hybrid,1.0,40,3,25400,0,0,0,0
W03510,DE · Munich,DE,Munich,Tech,L2,Tech L2,M,Permanent,Onsite,1.0,40,1,71450,0,0,0,0
W03511,IT · Milan,IT,Milan,Tech,L3,Tech L3,M,Permanent,Hybrid,1.0,40,3,48950,2440,0,0,0
W03512,DE · Munich,DE,Munich,Operations,L3,Operations L3,M,Permanent,Onsite,1.0,40,4,56400,3550,0,1800,0
W03513,PL · Kraków,PL,Krakow,Finance,L1,Finance L1,M,Permanent,Onsite,1.0,40,3,18200,0,0,0,0
W03514,PL · Kraków,PL,Krakow,Operations,L1,Operations L1,F,Permanent,Hybrid,1.0,40,3,19150,0,0,0,0
W03515,DE · Munich,DE,Munich,Sales,L4,Sales L4,F,Permanent,Remote,0.8,32,5,67680,8040,8480,0,0
W03517,PL · Kraków,PL,Krakow,Finance,L2,Finance L2,M,Permanent,Hybrid,1.0,40,3,26000,0,0,0,0
W03518,IT · Milan,IT,Milan,Sales,L2,Sales L2,F,Permanent,Onsite,1.0,40,3,34750,0,4340,0,0
W03519,IT · Milan,IT,Milan,Tech,L1,Tech L1,F,Permanent,Hybrid,1.0,40,3,28600,0,0,0,0
W03520,DE · Munich,DE,Munich,Sales,L1,Sales L1,F,Permanent,Hybrid,1.0,40,3,37250,0,3840,0,0
W03521,PL · Kraków,PL,Krakow,Customer Service,L2,Customer Service L2,M,Permanent,Remote,1.0,40,3,22050,0,0,0,0
W03522,DE · Munich,DE,Munich,Customer Service,L3,Customer Service L3,M,Permanent,Onsite,1.0,40,3,47200,2530,0,1800,0
W03523,PL · Kraków,PL,Krakow,Finance,L5,Finance L5,M,Permanent,Hybrid,1.0,40,3,66400,8100,0,0,4200
W03524,IT · Milan,IT,Milan,Operations,L2,Operations L2,F,Fixed-term,Hybrid,1.0,40,4,28650,0,0,0,0
W03525,ES · Barcelona,ES,Barcelona,Tech,L4,Tech L4,M,Permanent,Onsite,1.0,40,3,65300,5000,0,0,0
W03526,IT · Milan,IT,Milan,Operations,L6,Operations L6,M,Fixed-term,Hybrid,1.0,40,4,97350,25290,0,0,6000
W03527,IT · Milan,IT,Milan,Customer Service,L1,Customer Service L1,F,Permanent,Remote,1.0,40,2,22400,0,0,0,0
W03528,DE · Munich,DE,Munich,HR,L3,HR L3,M,Permanent,Onsite,0.8,32,3,52720,2660,0,0,0
W03529,IT · Milan,IT,Milan,Finance,L5,Finance L5,M,Fixed-term,Remote,1.0,40,3,97650,11730,0,0,6000
W03530,PL · Kraków,PL,Krakow,HR,L2,HR L2,M,Permanent,Onsite,1.0,40,4,25700,0,0,0,0
W03531,ES · Barcelona,ES,Barcelona,Operations,L1,Operations L1,F,Permanent,Hybrid,1.0,40,3,22650,0,0,0,0
W03532,IT · Milan,IT,Milan,Customer Service,L5,Customer Service L5,M,Permanent,Hybrid,1.0,40,3,63300,7390,0,0,6000
W03534,IT · Milan,IT,Milan,Customer Service,L3,Customer Service L3,M,Permanent,Onsite,1.0,40,3,38850,1980,0,1320,0
W03535,PL · Kraków,PL,Krakow,Customer Service,L1,Customer Service L1,M,Permanent,Onsite,1.0,40,5,17000,0,0,840,0
W03536,PL · Kraków,PL,Krakow,Tech,L2,Tech L2,F,Permanent,Remote,1.0,40,3,35800,0,0,0,0
W03537,IT · Milan,IT,Milan,Tech,L4,Tech L4,M,Permanent,Hybrid,1.0,40,3,74600,6100,0,0,0
W03539,PL · Kraków,PL,Krakow,Sales,L1,Sales L1,M,Permanent,Remote,1.0,40,3,23550,0,2730,0,0
W03540,DE · Munich,DE,Munich,Finance,L1,Finance L1,M,Fixed-term,Hybrid,1.0,40,3,41850,0,0,0,0
W03541,ES · Barcelona,ES,Barcelona,Customer Service,L1,Customer Service L1,F,Permanent,Hybrid,0.8,32,3,20960,0,0,0,0
W03542,PL · Kraków,PL,Krakow,Sales,L6,Sales L6,M,Fixed-term,Hybrid,1.0,40,5,94050,26800,15910,0,4200
W03543,DE · Munich,DE,Munich,Customer Service,L1,Customer Service L1,M,Fixed-term,Hybrid,1.0,40,2,30250,0,0,0,0
W03544,DE · Munich,DE,Munich,Customer Service,L4,Customer Service L4,F,Permanent,Hybrid,1.0,40,3,77900,5720,0,0,0
W03547,DE · Munich,DE,Munich,Tech,L1,Tech L1,M,Permanent,Remote,1.0,40,4,49000,0,0,0,0
W03549,PL · Kraków,PL,Krakow,Tech,L1,Tech L1,M,Permanent,Hybrid,1.0,40,3,26450,0,0,0,0
W03550,PL · Kraków,PL,Krakow,Customer Service,L3,Customer Service L3,M,Permanent,Hybrid,1.0,40,2,26050,680,0,0,0
W03551,IT · Milan,IT,Milan,Finance,L2,Finance L2,F,Permanent,Onsite,1.0,40,5,36550,0,0,0,0
W03552,PL · Kraków,PL,Krakow,HR,L2,HR L2,F,Fixed-term,Hybrid,0.8,32,4,19120,0,0,0,0
W03553,IT · Milan,IT,Milan,Operations,L4,Operations L4,M,Fixed-term,Onsite,1.0,40,4,49900,4640,0,0,0
W03554,IT · Milan,IT,Milan,Customer Service,L4,Customer Service L4,F,Permanent,Onsite,1.0,40,3,47550,3620,0,0,0
W03555,IT · Milan,IT,Milan,Sales,L4,Sales L4,M,Permanent,Hybrid,1.0,40,5,61500,7610,11050,0,0
W03556,PL · Kraków,PL,Krakow,HR,L1,HR L1,F,Permanent,Remote,1.0,40,4,18150,0,0,0,0
W03557,IT · Milan,IT,Milan,Customer Service,L2,Customer Service L2,F,Permanent,Hybrid,1.0,40,3,29850,0,0,0,0
W03558,PL · Kraków,PL,Krakow,Customer Service,L2,Customer Service L2,F,Permanent,Remote,1.0,40,3,26500,0,0,0,0
W03559,IT · Milan,IT,Milan,Operations,L1,Operations L1,M,Permanent,Remote,1.0,40,2,24100,0,0,0,0
W03560,PL · Kraków,PL,Krakow,Customer Service,L4,Customer Service L4,F,Permanent,Hybrid,1.0,40,4,40000,4140,0,0,0
W03561,DE · Munich,DE,Munich,Operations,L3,Operations L3,M,Permanent,Remote,0.8,32,4,47800,2860,0,0,0
W03562,DE · Munich,DE,Munich,Operations,L2,Operations L2,F,Permanent,Onsite,1.0,40,3,45400,0,0,1800,0
W03563,DE · Munich,DE,Munich,Tech,L2,Tech L2,M,Permanent,Onsite,1.0,40,2,58650,0,0,0,0
W03564,DE · Munich,DE,Munich,Tech,L2,Tech L2,M,Permanent,Remote,1.0,40,2,55400,0,0,0,0
W03566,IT · Milan,IT,Milan,Operations,L2,Operations L2,M,Permanent,Hybrid,0.8,32,3,24560,0,0,0,0
W03567,PL · Kraków,PL,Krakow,Customer Service,L4,Customer Service L4,F,Permanent,Hybrid,0.8,32,3,30200,2190,0,0,0
W03568,ES · Barcelona,ES,Barcelona,Finance,L2,Finance L2,M,Permanent,Hybrid,1.0,40,3,35450,0,0,0,0
W03569,PL · Kraków,PL,Krakow,Operations,L4,Operations L4,M,Permanent,Hybrid,1.0,40,4,39300,3570,0,0,0
W03570,IT · Milan,IT,Milan,Operations,L2,Operations L2,F,Permanent,Hybrid,1.0,40,2,31750,0,0,0,0
W03571,ES · Barcelona,ES,Barcelona,Finance,L5,Finance L5,M,Permanent,Onsite,1.0,40,3,75300,9960,0,0,5400
W03573,PL · Kraków,PL,Krakow,Customer Service,L4,Customer Service L4,M,Permanent,Remote,1.0,40,3,40800,3570,0,0,0
W03574,PL · Kraków,PL,Krakow,Operations,L2,Operations L2,F,Fixed-term,Hybrid,1.0,40,2,21350,0,0,0,0
W03575,PL · Kraków,PL,Krakow,Customer Service,L1,Customer Service L1,F,Permanent,Onsite,0.8,32,4,14640,0,0,672,0
W03576,ES · Barcelona,ES,Barcelona,Operations,L3,Operations L3,M,Permanent,Hybrid,1.0,40,3,40250,1890,0,0,0
W03577,PL · Kraków,PL,Krakow,Sales,L1,Sales L1,F,Permanent,Hybrid,1.0,40,5,24650,0,2950,0,0
W03578,PL · Kraków,PL,Krakow,Customer Service,L2,Customer Service L2,M,Permanent,Onsite,1.0,40,3,26300,0,0,840,0
W03579,IT · Milan,IT,Milan,Operations,L1,Operations L1,F,Fixed-term,Hybrid,1.0,40,3,21700,0,0,0,0
W03580,ES · Barcelona,ES,Barcelona,Operations,L1,Operations L1,F,Permanent,Remote,1.0,40,3,25450,0,0,0,0
W03582,PL · Kraków,PL,Krakow,Customer Service,L6,Customer Service L6,M,Fixed-term,Hybrid,1.0,40,4,82850,21670,0,0,4200
W03583,DE · Munich,DE,Munich,Customer Service,L2,Customer Service L2,M,Permanent,Onsite,1.0,40,3,41750,0,0,1800,0
W03584,IT · Milan,IT,Milan,Operations,L5,Operations L5,M,Permanent,Remote,1.0,40,2,68050,3870,0,0,6000
W03585,PL · Kraków,PL,Krakow,Operations,L2,Operations L2,M,Permanent,Hybrid,1.0,40,2,23500,0,0,0,0
W03586,ES · Barcelona,ES,Barcelona,HR,L5,HR L5,M,Fixed-term,Hybrid,1.0,40,2,72150,3760,0,0,5400
W03587,PL · Kraków,PL,Krakow,Tech,L3,Tech L3,F,Permanent,Onsite,1.0,40,3,40400,2120,0,0,0
W03588,PL · Kraków,PL,Krakow,Tech,L3,Tech L3,M,Permanent,Hybrid,1.0,40,3,39700,2000,0,0,0
W03590,IT · Milan,IT,Milan,Customer Service,L2,Customer Service L2,F,Permanent,Remote,1.0,40,3,28700,0,0,0,0
W03591,PL · Kraków,PL,Krakow,Customer Service,L1,Customer Service L1,M,Fixed-term,Hybrid,1.0,40,3,20300,0,0,0,0
W03592,DE · Munich,DE,Munich,Operations,L1,Operations L1,M,Permanent,Hybrid,1.0,40,2,36200,0,0,0,0
W03593,ES · Barcelona,ES,Barcelona,Tech,L2,Tech L2,M,Fixed-term,Hybrid,1.0,40,2,42350,0,0,0,0
W03594,ES · Barcelona,ES,Barcelona,Tech,L1,Tech L1,M,Fixed-term,Onsite,1.0,40,2,27500,0,0,0,0
W03595,PL · Kraków,PL,Krakow,Operations,L2,Operations L2,M,Permanent,Onsite,1.0,40,3,25450,0,0,840,0
W03596,ES · Barcelona,ES,Barcelona,Customer Service,L1,Customer Service L1,M,Permanent,Hybrid,1.0,40,4,23250,0,0,0,0
W03597,PL · Kraków,PL,Krakow,Sales,L4,Sales L4,M,Permanent,Hybrid,1.0,40,3,44900,3560,6410,0,0
W03598,DE · Munich,DE,Munich,HR,L2,HR L2,F,Permanent,Remote,1.0,40,3,47100,0,0,0,0
W03599,IT · Milan,IT,Milan,HR,L1,HR L1,M,Permanent,Hybrid,0.8,32,3,21880,0,0,0,0
W03601,IT · Milan,IT,Milan,Sales,L3,Sales L3,F,Permanent,Hybrid,1.0,40,5,38950,2730,4190,0,0
W03602,IT · Milan,IT,Milan,Customer Service,L2,Customer Service L2,M,Permanent,Hybrid,1.0,40,4,27800,0,0,0,0
W03603,IT · Milan,IT,Milan,HR,L2,HR L2,F,Permanent,Hybrid,1.0,40,4,31800,0,0,0,0
W03604,ES · Barcelona,ES,Barcelona,Operations,L3,Operations L3,M,Fixed-term,Onsite,1.0,40,4,34150,2330,0,1200,0
W03605,IT · Milan,IT,Milan,Sales,L1,Sales L1,F,Permanent,Onsite,1.0,40,4,26000,0,3200,0,0
W03606,PL · Kraków,PL,Krakow,Operations,L3,Operations L3,F,Fixed-term,Onsite,1.0,40,2,24200,580,0,840,0
W03607,PL · Kraków,PL,Krakow,Tech,L2,Tech L2,F,Permanent,Onsite,1.0,40,3,35750,0,0,0,0
W03608,IT · Milan,IT,Milan,HR,L3,HR L3,F,Permanent,Hybrid,1.0,40,3,41400,2040,0,0,0
W03610,DE · Munich,DE,Munich,Sales,L1,Sales L1,F,Permanent,Hybrid,1.0,40,4,34600,0,4870,0,0
W03611,DE · Munich,DE,Munich,HR,L4,HR L4,F,Permanent,Hybrid,1.0,40,4,82450,9070,0,0,0
W03614,DE · Munich,DE,Munich,Operations,L3,Operations L3,M,Permanent,Hybrid,0.8,32,3,52840,2740,0,0,0
W03615,DE · Munich,DE,Munich,Sales,L3,Sales L3,M,Fixed-term,Hybrid,1.0,40,4,57600,3450,7910,0,0
W03616,IT · Milan,IT,Milan,HR,L1,HR L1,F,Permanent,Hybrid,1.0,40,1,26600,0,0,0,0
W03617,PL · Kraków,PL,Krakow,Operations,L3,Operations L3,F,Permanent,Hybrid,1.0,40,3,33850,1550,0,0,0
W03618,IT · Milan,IT,Milan,Sales,L2,Sales L2,F,Permanent,Onsite,1.0,40,3,38400,0,3590,0,0
W03619,PL · Kraków,PL,Krakow,HR,L3,HR L3,F,Permanent,Onsite,1.0,40,3,33650,1700,0,0,0
W03620,PL · Kraków,PL,Krakow,Finance,L5,Finance L5,F,Permanent,Onsite,1.0,40,3,75850,8920,0,0,4200
W03621,IT · Milan,IT,Milan,Operations,L2,Operations L2,F,Fixed-term,Onsite,1.0,40,3,33450,0,0,1320,0
W03622,IT · Milan,IT,Milan,Customer Service,L3,Customer Service L3,F,Permanent,Hybrid,0.8,32,3,31080,1480,0,0,0
W03623,ES · Barcelona,ES,Barcelona,Customer Service,L3,Customer Service L3,F,Fixed-term,Hybrid,1.0,40,4,33500,2230,0,0,0
W03624,PL · Kraków,PL,Krakow,Finance,L3,Finance L3,F,Permanent,Onsite,1.0,40,4,34300,2090,0,0,0
W03625,PL · Kraków,PL,Krakow,Sales,L2,Sales L2,M,Permanent,Hybrid,1.0,40,3,26000,0,4540,0,0
W03626,IT · Milan,IT,Milan,Customer Service,L1,Customer Service L1,M,Permanent,Hybrid,1.0,40,1,25550,0,0,0,0
W03627,IT · Milan,IT,Milan,Tech,L1,Tech L1,F,Fixed-term,Remote,1.0,40,5,31050,0,0,0,0
W03628,IT · Milan,IT,Milan,Customer Service,L5,Customer Service L5,F,Permanent,Onsite,1.0,40,2,72750,4620,0,0,6000
W03629,PL · Kraków,PL,Krakow,Tech,L2,Tech L2,F,Permanent,Onsite,1.0,40,3,33100,0,0,0,0
W03630,PL · Kraków,PL,Krakow,Operations,L1,Operations L1,M,Permanent,Hybrid,1.0,40,2,24050,0,0,0,0
W03631,ES · Barcelona,ES,Barcelona,Customer Service,L3,Customer Service L3,M,Permanent,Hybrid,1.0,40,3,36500,1870,0,0,0
W03632,IT · Milan,IT,Milan,Customer Service,L2,Customer Service L2,M,Permanent,Onsite,1.0,40,3,27650,0,0,1320,0
W03633,PL · Kraków,PL,Krakow,Customer Service,L2,Customer Service L2,F,Permanent,Hybrid,1.0,40,2,23600,0,0,0,0
W03634,IT · Milan,IT,Milan,Customer Service,L3,Customer Service L3,M,Permanent,Onsite,1.0,40,3,39650,1870,0,1320,0
W03635,IT · Milan,IT,Milan,Operations,L2,Operations L2,F,Permanent,Onsite,1.0,40,4,29650,0,0,1320,0
W03636,PL · Kraków,PL,Krakow,Tech,L3,Tech L3,M,Fixed-term,Hybrid,1.0,40,3,41600,2020,0,0,0
W03638,PL · Kraków,PL,Krakow,Tech,L4,Tech L4,M,Permanent,Hybrid,1.0,40,4,61800,6920,0,0,0
W03639,IT · Milan,IT,Milan,Customer Service,L1,Customer Service L1,M,Permanent,Remote,1.0,40,3,23200,0,0,0,0
W03640,IT · Milan,IT,Milan,Sales,L6,Sales L6,M,Fixed-term,Hybrid,1.0,40,3,102800,18200,11220,0,6000
W03642,PL · Kraków,PL,Krakow,Operations,L3,Operations L3,F,Permanent,Hybrid,1.0,40,3,30200,1490,0,0,0
W03643,IT · Milan,IT,Milan,Customer Service,L3,Customer Service L3,M,Permanent,Hybrid,1.0,40,3,36750,2010,0,0,0
W03644,IT · Milan,IT,Milan,Customer Service,L1,Customer Service L1,M,Permanent,Hybrid,1.0,40,2,18900,0,0,0,0
W03645,DE · Munich,DE,Munich,HR,L1,HR L1,F,Permanent,Hybrid,1.0,40,3,41800,0,0,0,0
W03646,PL · Kraków,PL,Krakow,Finance,L3,Finance L3,F,Permanent,Hybrid,1.0,40,4,39600,2320,0,0,0
W03647,IT · Milan,IT,Milan,Customer Service,L2,Customer Service L2,F,Permanent,Onsite,1.0,40,2,30550,0,0,1320,0
W03648,DE · Munich,DE,Munich,Finance,L3,Finance L3,F,Fixed-term,Onsite,1.0,40,3,65250,3340,0,0,0
W03650,DE · Munich,DE,Munich,Sales,L4,Sales L4,M,Permanent,Hybrid,1.0,40,3,88850,7090,8510,0,0
W03651,DE · Munich,DE,Munich,Tech,L3,Tech L3,M,Permanent,Remote,1.0,40,3,68400,3420,0,0,0
W03652,IT · Milan,IT,Milan,HR,L1,HR L1,F,Permanent,Remote,1.0,40,2,29450,0,0,0,0
W03653,IT · Milan,IT,Milan,Operations,L3,Operations L3,F,Permanent,Hybrid,1.0,40,4,44050,2730,0,0,0
W03654,IT · Milan,IT,Milan,Sales,L4,Sales L4,M,Fixed-term,Hybrid,1.0,40,3,48200,3530,9620,0,0
W03655,PL · Kraków,PL,Krakow,HR,L4,HR L4,M,Permanent,Remote,1.0,40,3,44150,3210,0,0,0
W03657,ES · Barcelona,ES,Barcelona,Customer Service,L3,Customer Service L3,F,Permanent,Hybrid,1.0,40,3,37500,1870,0,0,0
W03658,PL · Kraków,PL,Krakow,Tech,L4,Tech L4,M,Permanent,Remote,1.0,40,3,57700,4760,0,0,0
W03659,IT · Milan,IT,Milan,Sales,L1,Sales L1,F,Permanent,Hybrid,1.0,40,5,32750,0,3490,0,0
W03660,ES · Barcelona,ES,Barcelona,Customer Service,L2,Customer Service L2,F,Permanent,Onsite,1.0,40,4,25700,0,0,1200,0
W03661,IT · Milan,IT,Milan,Operations,L1,Operations L1,F,Fixed-term,Onsite,1.0,40,3,25650,0,0,1320,0
W03662,PL · Kraków,PL,Krakow,Tech,L2,Tech L2,F,Permanent,Remote,1.0,40,4,33800,0,0,0,0
W03663,IT · Milan,IT,Milan,Tech,L3,Tech L3,F,Fixed-term,Hybrid,1.0,40,3,46050,2130,0,0,0
W03664,PL · Kraków,PL,Krakow,Tech,L2,Tech L2,M,Permanent,Onsite,1.0,40,4,36550,0,0,0,0
W03665,IT · Milan,IT,Milan,Finance,L1,Finance L1,M,Permanent,Hybrid,1.0,40,5,31200,0,0,0,0
W03667,IT · Milan,IT,Milan,Sales,L2,Sales L2,F,Permanent,Hybrid,1.0,40,3,36500,0,3930,0,0
W03669,PL · Kraków,PL,Krakow,Finance,L4,Finance L4,M,Permanent,Hybrid,1.0,40,5,39250,4850,0,0,0
W03670,IT · Milan,IT,Milan,Customer Service,L2,Customer Service L2,F,Permanent,Hybrid,1.0,40,5,25500,0,0,0,0
W03671,DE · Munich,DE,Munich,HR,L1,HR L1,F,Permanent,Hybrid,1.0,40,4,36300,0,0,0,0
W03673,IT · Milan,IT,Milan,Customer Service,L2,Customer Service L2,M,Permanent,Remote,1.0,40,4,28000,0,0,0,0
W03674,IT · Milan,IT,Milan,Sales,L3,Sales L3,M,Permanent,Hybrid,1.0,40,2,44100,1060,6080,0,0
W03675,DE · Munich,DE,Munich,Operations,L6,Operations L6,M,Permanent,Onsite,1.0,40,3,132200,26310,0,0,7200
W03676,IT · Milan,IT,Milan,Sales,L2,Sales L2,M,Permanent,Hybrid,1.0,40,3,30650,0,5150,0,0
W03677,IT · Milan,IT,Milan,Customer Service,L6,Customer Service L6,M,Permanent,Onsite,1.0,40,3,88450,18730,0,0,6000
W03678,IT · Milan,IT,Milan,Customer Service,L1,Customer Service L1,F,Permanent,Hybrid,1.0,40,3,22750,0,0,0,0
W03679,DE · Munich,DE,Munich,Customer Service,L2,Customer Service L2,F,Permanent,Hybrid,1.0,40,4,42400,0,0,0,0
W03680,IT · Milan,IT,Milan,HR,L4,HR L4,F,Fixed-term,Remote,1.0,40,2,54700,2080,0,0,0
W03681,DE · Munich,DE,Munich,Tech,L6,Tech L6,M,Permanent,Hybrid,1.0,40,2,198700,19890,0,0,7200
W03682,PL · Kraków,PL,Krakow,Operations,L3,Operations L3,M,Permanent,Remote,1.0,40,4,31800,2210,0,0,0
W03683,PL · Kraków,PL,Krakow,Operations,L1,Operations L1,M,Fixed-term,Remote,1.0,40,4,19450,0,0,0,0
W03684,PL · Kraków,PL,Krakow,Customer Service,L5,Customer Service L5,M,Permanent,Remote,1.0,40,3,38450,4490,0,0,4200
W03685,DE · Munich,DE,Munich,Sales,L4,Sales L4,M,Permanent,Hybrid,1.0,40,3,77500,6380,8250,0,0
W03688,IT · Milan,IT,Milan,Customer Service,L1,Customer Service L1,F,Permanent,Hybrid,1.0,40,3,23400,0,0,0,0
W03690,DE · Munich,DE,Munich,Tech,L1,Tech L1,F,Fixed-term,Hybrid,1.0,40,3,50500,0,0,0,0
W03693,PL · Kraków,PL,Krakow,Customer Service,L2,Customer Service L2,F,Fixed-term,Remote,1.0,40,3,23650,0,0,0,0
W03694,ES · Barcelona,ES,Barcelona,Sales,L1,Sales L1,F,Permanent,Onsite,1.0,40,4,24700,0,3560,0,0
W03696,PL · Kraków,PL,Krakow,Customer Service,L4,Customer Service L4,M,Permanent,Remote,1.0,40,4,42050,4530,0,0,0
W03697,IT · Milan,IT,Milan,Sales,L3,Sales L3,F,Permanent,Hybrid,1.0,40,3,39450,1860,4630,0,0
W03698,IT · Milan,IT,Milan,Sales,L5,Sales L5,F,Permanent,Remote,0.8,32,2,61240,3870,6420,0,6000
W03699,IT · Milan,IT,Milan,Finance,L1,Finance L1,F,Permanent,Onsite,1.0,40,3,28050,0,0,0,0
W03700,IT · Milan,IT,Milan,Customer Service,L1,Customer Service L1,M,Permanent,Hybrid,1.0,40,5,22450,0,0,0,0
W03701,PL · Kraków,PL,Krakow,HR,L1,HR L1,M,Permanent,Remote,1.0,40,2,21150,0,0,0,0
W03702,ES · Barcelona,ES,Barcelona,Sales,L4,Sales L4,M,Permanent,Onsite,1.0,40,3,54850,4420,10890,0,0
W03703,ES · Barcelona,ES,Barcelona,Tech,L5,Tech L5,F,Permanent,Onsite,1.0,40,2,97500,6250,0,0,5400
W03704,DE · Munich,DE,Munich,Customer Service,L2,Customer Service L2,M,Permanent,Hybrid,1.0,40,4,48500,0,0,0,0
W03705,IT · Milan,IT,Milan,Tech,L3,Tech L3,M,Permanent,Hybrid,0.8,32,3,40040,1980,0,0,0
W03706,PL · Kraków,PL,Krakow,Customer Service,L3,Customer Service L3,M,Permanent,Hybrid,0.8,32,3,23480,1170,0,0,0
W03707,IT · Milan,IT,Milan,Finance,L2,Finance L2,M,Permanent,Onsite,1.0,40,3,38500,0,0,0,0
W03708,IT · Milan,IT,Milan,Operations,L6,Operations L6,F,Permanent,Onsite,1.0,40,2,98500,10130,0,0,6000
W03709,DE · Munich,DE,Munich,Customer Service,L1,Customer Service L1,M,Permanent,Remote,1.0,40,3,34400,0,0,0,0
W03711,ES · Barcelona,ES,Barcelona,Sales,L4,Sales L4,M,Permanent,Hybrid,1.0,40,2,52600,1960,7940,0,0
W03712,IT · Milan,IT,Milan,Sales,L4,Sales L4,M,Permanent,Hybrid,1.0,40,2,65800,2920,12610,0,0
W03713,IT · Milan,IT,Milan,Operations,L2,Operations L2,F,Fixed-term,Hybrid,1.0,40,3,30350,0,0,0,0
W03715,IT · Milan,IT,Milan,Operations,L2,Operations L2,F,Permanent,Onsite,1.0,40,4,27650,0,0,1320,0
W03716,DE · Munich,DE,Munich,Tech,L4,Tech L4,M,Permanent,Hybrid,1.0,40,4,107500,10340,0,0,0
W03717,IT · Milan,IT,Milan,Finance,L3,Finance L3,F,Permanent,Onsite,1.0,40,2,48000,1270,0,0,0
W03718,PL · Kraków,PL,Krakow,Sales,L1,Sales L1,F,Fixed-term,Hybrid,1.0,40,3,25400,0,4690,0,0
W03719,IT · Milan,IT,Milan,Customer Service,L2,Customer Service L2,F,Permanent,Remote,1.0,40,4,29800,0,0,0,0
W03720,IT · Milan,IT,Milan,Finance,L3,Finance L3,M,Permanent,Remote,1.0,40,4,51250,2910,0,0,0
W03721,PL · Kraków,PL,Krakow,Customer Service,L4,Customer Service L4,F,Permanent,Hybrid,0.8,32,2,30840,1120,0,0,0
W03722,PL · Kraków,PL,Krakow,Operations,L1,Operations L1,M,Permanent,Onsite,1.0,40,3,21850,0,0,840,0
W03723,PL · Kraków,PL,Krakow,Tech,L2,Tech L2,M,Permanent,Hybrid,1.0,40,3,30900,0,0,0,0
W03725,PL · Kraków,PL,Krakow,Tech,L3,Tech L3,M,Permanent,Remote,0.8,32,4,32240,1940,0,0,0
W03727,PL · Kraków,PL,Krakow,Finance,L5,Finance L5,M,Permanent,Onsite,1.0,40,4,69950,10330,0,0,4200
W03729,PL · Kraków,PL,Krakow,Operations,L3,Operations L3,M,Permanent,Onsite,1.0,40,3,38500,1930,0,840,0
W03730,PL · Kraków,PL,Krakow,Operations,L2,Operations L2,M,Permanent,Onsite,1.0,40,3,26700,0,0,840,0
W03733,DE · Munich,DE,Munich,Tech,L3,Tech L3,F,Permanent,Hybrid,1.0,40,3,82150,4030,0,0,0
W03734,IT · Milan,IT,Milan,Tech,L2,Tech L2,M,Permanent,Remote,1.0,40,3,43650,0,0,0,0
W03735,ES · Barcelona,ES,Barcelona,Tech,L3,Tech L3,M,Permanent,Hybrid,0.8,32,3,39120,1910,0,0,0
W03736,PL · Kraków,PL,Krakow,Finance,L3,Finance L3,M,Permanent,Onsite,0.8,32,4,29400,1800,0,0,0
W03737,PL · Kraków,PL,Krakow,Sales,L3,Sales L3,F,Permanent,Onsite,1.0,40,4,40400,2830,6380,0,0
W03738,DE · Munich,DE,Munich,Customer Service,L1,Customer Service L1,M,Permanent,Onsite,1.0,40,3,34250,0,0,1800,0
W03739,IT · Milan,IT,Milan,Customer Service,L1,Customer Service L1,F,Permanent,Hybrid,1.0,40,2,21850,0,0,0,0
W03740,IT · Milan,IT,Milan,Customer Service,L2,Customer Service L2,F,Fixed-term,Hybrid,1.0,40,3,23250,0,0,0,0
W03741,PL · Kraków,PL,Krakow,Finance,L2,Finance L2,F,Permanent,Hybrid,1.0,40,2,32550,0,0,0,0
W03742,DE · Munich,DE,Munich,Operations,L2,Operations L2,F,Permanent,Hybrid,1.0,40,2,39450,0,0,0,0
W03744,DE · Munich,DE,Munich,Customer Service,L2,Customer Service L2,F,Permanent,Hybrid,1.0,40,3,40250,0,0,0,0
W03746,ES · Barcelona,ES,Barcelona,Customer Service,L1,Customer Service L1,F,Permanent,Onsite,1.0,40,4,24750,0,0,1200,0
W03747,IT · Milan,IT,Milan,Customer Service,L4,Customer Service L4,F,Permanent,Hybrid,1.0,40,3,52450,4150,0,0,0
W03748,PL · Kraków,PL,Krakow,Operations,L2,Operations L2,M,Permanent,Hybrid,0.8,32,3,22200,0,0,0,0
W03749,PL · Kraków,PL,Krakow,Sales,L3,Sales L3,F,Permanent,Hybrid,1.0,40,2,37050,980,4730,0,0
W03750,IT · Milan,IT,Milan,Operations,L3,Operations L3,F,Permanent,Onsite,1.0,40,3,40300,1970,0,1320,0
W03751,PL · Kraków,PL,Krakow,Finance,L3,Finance L3,F,Permanent,Hybrid,1.0,40,1,36400,0,0,0,0
W03752,PL · Kraków,PL,Krakow,Finance,L4,Finance L4,M,Fixed-term,Remote,1.0,40,3,48600,3460,0,0,0
W03754,PL · Kraków,PL,Krakow,Customer Service,L3,Customer Service L3,M,Permanent,Remote,1.0,40,2,33300,850,0,0,0
W03755,IT · Milan,IT,Milan,Sales,L2,Sales L2,M,Fixed-term,Onsite,1.0,40,4,26800,0,5190,0,0
W03756,ES · Barcelona,ES,Barcelona,Operations,L4,Operations L4,M,Fixed-term,Remote,1.0,40,3,51800,4460,0,0,0
W03757,ES · Barcelona,ES,Barcelona,Customer Service,L3,Customer Service L3,M,Permanent,Hybrid,1.0,40,4,34650,2040,0,0,0
W03758,PL · Kraków,PL,Krakow,Operations,L5,Operations L5,F,Permanent,Hybrid,1.0,40,1,68150,0,0,0,4200
W03759,IT · Milan,IT,Milan,Tech,L4,Tech L4,F,Permanent,Onsite,1.0,40,3,69150,5200,0,0,0
W03761,IT · Milan,IT,Milan,Sales,L3,Sales L3,F,Fixed-term,Onsite,1.0,40,3,39300,2040,5530,0,0
W03762,PL · Kraków,PL,Krakow,Tech,L2,Tech L2,M,Permanent,Onsite,1.0,40,3,34200,0,0,0,0
W03763,IT · Milan,IT,Milan,HR,L1,HR L1,M,Fixed-term,Hybrid,1.0,40,4,26500,0,0,0,0
W03764,IT · Milan,IT,Milan,HR,L2,HR L2,F,Permanent,Remote,1.0,40,3,35100,0,0,0,0
W03765,PL · Kraków,PL,Krakow,Customer Service,L4,Customer Service L4,M,Permanent,Hybrid,1.0,40,3,40600,3010,0,0,0
W03766,PL · Kraków,PL,Krakow,Customer Service,L1,Customer Service L1,F,Fixed-term,Remote,0.8,32,2,16280,0,0,0,0
W03767,PL · Kraków,PL,Krakow,Tech,L4,Tech L4,M,Permanent,Remote,1.0,40,3,38150,2910,0,0,0
W03768,IT · Milan,IT,Milan,Customer Service,L1,Customer Service L1,F,Permanent,Hybrid,1.0,40,3,21100,0,0,0,0
W03769,PL · Kraków,PL,Krakow,Sales,L1,Sales L1,F,Permanent,Onsite,1.0,40,3,23900,0,3180,0,0
W03770,PL · Kraków,PL,Krakow,Operations,L2,Operations L2,M,Permanent,Onsite,1.0,40,4,25450,0,0,840,0
W03771,IT · Milan,IT,Milan,Customer Service,L3,Customer Service L3,M,Permanent,Onsite,1.0,40,3,33700,1720,0,1320,0
W03772,DE · Munich,DE,Munich,Tech,L4,Tech L4,M,Permanent,Remote,1.0,40,4,88400,8640,0,0,0
W03773,PL · Kraków,PL,Krakow,Operations,L1,Operations L1,M,Permanent,Hybrid,1.0,40,3,20650,0,0,0,0
W03774,PL · Kraków,PL,Krakow,Customer Service,L1,Customer Service L1,M,Fixed-term,Remote,1.0,40,2,18650,0,0,0,0
W03775,PL · Kraków,PL,Krakow,Customer Service,L2,Customer Service L2,F,Permanent,Hybrid,1.0,40,4,24250,0,0,0,0
W03776,IT · Milan,IT,Milan,Operations,L2,Operations L2,F,Fixed-term,Hybrid,1.0,40,1,28450,0,0,0,0
W03778,PL · Kraków,PL,Krakow,Customer Service,L3,Customer Service L3,F,Permanent,Onsite,1.0,40,3,32950,1590,0,840,0
W03780,PL · Kraków,PL,Krakow,Customer Service,L2,Customer Service L2,F,Permanent,Onsite,1.0,40,2,24400,0,0,840,0
W03781,IT · Milan,IT,Milan,HR,L3,HR L3,M,Permanent,Hybrid,1.0,40,3,37150,1820,0,0,0
W03782,ES · Barcelona,ES,Barcelona,Customer Service,L1,Customer Service L1,F,Permanent,Hybrid,1.0,40,1,26350,0,0,0,0
W03783,PL · Kraków,PL,Krakow,Sales,L2,Sales L2,F,Permanent,Onsite,1.0,40,5,29050,0,3510,0,0
W03784,PL · Kraków,PL,Krakow,Finance,L1,Finance L1,F,Permanent,Onsite,1.0,40,3,24050,0,0,0,0
W03786,IT · Milan,IT,Milan,Sales,L1,Sales L1,F,Permanent,Onsite,0.8,32,5,19760,0,3250,0,0
W03787,IT · Milan,IT,Milan,Tech,L2,Tech L2,F,Fixed-term,Remote,1.0,40,3,40050,0,0,0,0
W03788,PL · Kraków,PL,Krakow,Customer Service,L1,Customer Service L1,F,Fixed-term,Onsite,1.0,40,4,18300,0,0,840,0
W03789,DE · Munich,DE,Munich,HR,L4,HR L4,F,Permanent,Hybrid,1.0,40,3,63650,5060,0,0,0
W03790,IT · Milan,IT,Milan,Customer Service,L4,Customer Service L4,F,Permanent,Remote,1.0,40,2,50250,1810,0,0,0
W03792,PL · Kraków,PL,Krakow,Sales,L2,Sales L2,F,Permanent,Remote,1.0,40,5,24000,0,1990,0,0
W03793,IT · Milan,IT,Milan,Operations,L4,Operations L4,M,Permanent,Remote,1.0,40,3,48800,4040,0,0,0
W03794,ES · Barcelona,ES,Barcelona,Customer Service,L1,Customer Service L1,F,Permanent,Hybrid,1.0,40,3,21000,0,0,0,0
W03795,PL · Kraków,PL,Krakow,Operations,L5,Operations L5,M,Permanent,Remote,0.8,32,2,50760,2850,0,0,4200
W03796,DE · Munich,DE,Munich,Finance,L4,Finance L4,F,Permanent,Hybrid,1.0,40,4,84100,8340,0,0,0
W03797,ES · Barcelona,ES,Barcelona,Finance,L3,Finance L3,F,Permanent,Onsite,1.0,40,5,47650,3780,0,0,0
W03798,DE · Munich,DE,Munich,Finance,L4,Finance L4,F,Permanent,Hybrid,0.8,32,4,65120,6830,0,0,0
W03799,IT · Milan,IT,Milan,Operations,L2,Operations L2,F,Permanent,Hybrid,1.0,40,4,31500,0,0,0,0
W03801,IT · Milan,IT,Milan,Tech,L5,Tech L5,F,Permanent,Onsite,1.0,40,3,83350,9780,0,0,6000
W03803,DE · Munich,DE,Munich,Customer Service,L5,Customer Service L5,M,Permanent,Remote,1.0,40,4,114250,19160,0,0,7200
W03804,PL · Kraków,PL,Krakow,Finance,L1,Finance L1,M,Permanent,Hybrid,1.0,40,3,21100,0,0,0,0
W03805,ES · Barcelona,ES,Barcelona,Operations,L1,Operations L1,F,Permanent,Hybrid,1.0,40,4,21600,0,0,0,0
W03806,IT · Milan,IT,Milan,Finance,L2,Finance L2,F,Permanent,Hybrid,1.0,40,3,42950,0,0,0,0
W03807,PL · Kraków,PL,Krakow,Operations,L6,Operations L6,F,Permanent,Remote,1.0,40,3,87150,18480,0,0,4200
W03808,PL · Kraków,PL,Krakow,Customer Service,L2,Customer Service L2,F,Permanent,Onsite,1.0,40,3,23350,0,0,840,0
W03809,IT · Milan,IT,Milan,Customer Service,L2,Customer Service L2,F,Permanent,Hybrid,0.8,32,2,20480,0,0,0,0
W03811,DE · Munich,DE,Munich,Customer Service,L3,Customer Service L3,F,Permanent,Hybrid,0.8,32,3,48120,2390,0,0,0
W03812,PL · Kraków,PL,Krakow,Tech,L2,Tech L2,M,Permanent,Hybrid,1.0,40,3,36300,0,0,0,0
W03813,DE · Munich,DE,Munich,HR,L2,HR L2,F,Fixed-term,Hybrid,1.0,40,3,42750,0,0,0,0
W03814,PL · Kraków,PL,Krakow,Customer Service,L5,Customer Service L5,F,Permanent,Hybrid,1.0,40,3,63850,7520,0,0,4200
W03815,ES · Barcelona,ES,Barcelona,HR,L2,HR L2,F,Permanent,Hybrid,1.0,40,4,28300,0,0,0,0
W03816,DE · Munich,DE,Munich,Operations,L2,Operations L2,M,Fixed-term,Onsite,1.0,40,3,36350,0,0,1800,0
W03817,PL · Kraków,PL,Krakow,Operations,L2,Operations L2,F,Fixed-term,Hybrid,1.0,40,4,22250,0,0,0,0
W03818,IT · Milan,IT,Milan,Operations,L3,Operations L3,F,Permanent,Onsite,1.0,40,2,33800,920,0,1320,0
W03819,IT · Milan,IT,Milan,Sales,L1,Sales L1,M,Permanent,Onsite,1.0,40,5,27350,0,3720,0,0
W03820,ES · Barcelona,ES,Barcelona,Finance,L1,Finance L1,M,Permanent,Onsite,1.0,40,3,32050,0,0,0,0
W03821,ES · Barcelona,ES,Barcelona,Operations,L1,Operations L1,F,Permanent,Hybrid,1.0,40,4,26300,0,0,0,0
W03822,PL · Kraków,PL,Krakow,Tech,L4,Tech L4,M,Permanent,Hybrid,1.0,40,3,52100,4140,0,0,0
W03823,PL · Kraków,PL,Krakow,Tech,L1,Tech L1,M,Fixed-term,Hybrid,1.0,40,3,26200,0,0,0,0
W03824,DE · Munich,DE,Munich,Operations,L3,Operations L3,F,Fixed-term,Hybrid,1.0,40,3,49550,2620,0,0,0
W03825,PL · Kraków,PL,Krakow,Sales,L2,Sales L2,M,Fixed-term,Onsite,1.0,40,4,26300,0,4050,0,0
W03826,PL · Kraków,PL,Krakow,Tech,L2,Tech L2,F,Permanent,Hybrid,1.0,40,4,37400,0,0,0,0
W03827,IT · Milan,IT,Milan,Tech,L1,Tech L1,M,Fixed-term,Hybrid,1.0,40,2,26700,0,0,0,0
W03828,PL · Kraków,PL,Krakow,Sales,L2,Sales L2,F,Permanent,Onsite,1.0,40,3,29300,0,4370,0,0
W03829,ES · Barcelona,ES,Barcelona,Sales,L2,Sales L2,M,Fixed-term,Hybrid,1.0,40,3,27350,0,4690,0,0
W03830,DE · Munich,DE,Munich,HR,L2,HR L2,F,Permanent,Hybrid,0.8,32,4,36880,0,0,0,0
W03831,IT · Milan,IT,Milan,HR,L1,HR L1,F,Permanent,Hybrid,0.8,32,4,17600,0,0,0,0
W03832,DE · Munich,DE,Munich,Tech,L2,Tech L2,F,Permanent,Hybrid,1.0,40,4,62450,0,0,0,0
W03833,IT · Milan,IT,Milan,Finance,L3,Finance L3,F,Permanent,Hybrid,1.0,40,3,51550,2550,0,0,0
W03834,PL · Kraków,PL,Krakow,Tech,L2,Tech L2,M,Permanent,Onsite,1.0,40,3,35350,0,0,0,0
W03835,ES · Barcelona,ES,Barcelona,Operations,L3,Operations L3,M,Permanent,Onsite,1.0,40,4,38800,2440,0,1200,0
W03836,DE · Munich,DE,Munich,Tech,L1,Tech L1,F,Fixed-term,Onsite,1.0,40,3,37150,0,0,0,0
W03837,IT · Milan,IT,Milan,Operations,L3,Operations L3,M,Permanent,Hybrid,1.0,40,2,36150,890,0,0,0
W03838,DE · Munich,DE,Munich,Operations,L2,Operations L2,M,Fixed-term,Remote,1.0,40,3,44450,0,0,0,0
W03839,ES · Barcelona,ES,Barcelona,HR,L2,HR L2,F,Permanent,Onsite,1.0,40,4,31250,0,0,0,0
W03841,PL · Kraków,PL,Krakow,Sales,L4,Sales L4,M,Permanent,Hybrid,1.0,40,4,52700,5160,10320,0,0
W03842,DE · Munich,DE,Munich,HR,L3,HR L3,F,Fixed-term,Hybrid,1.0,40,4,48250,2930,0,0,0
W03843,ES · Barcelona,ES,Barcelona,Tech,L4,Tech L4,M,Permanent,Remote,1.0,40,3,62650,5300,0,0,0
W03844,PL · Kraków,PL,Krakow,Operations,L2,Operations L2,M,Permanent,Hybrid,1.0,40,5,27900,0,0,0,0
W03845,PL · Kraków,PL,Krakow,Customer Service,L3,Customer Service L3,M,Permanent,Hybrid,1.0,40,1,33600,0,0,0,0
W03846,PL · Kraków,PL,Krakow,Tech,L1,Tech L1,F,Permanent,Hybrid,1.0,40,4,24250,0,0,0,0
W03847,ES · Barcelona,ES,Barcelona,Sales,L1,Sales L1,F,Permanent,Onsite,1.0,40,3,23850,0,2330,0,0
W03848,IT · Milan,IT,Milan,Tech,L4,Tech L4,M,Permanent,Onsite,1.0,40,3,76900,5950,0,0,0
W03850,ES · Barcelona,ES,Barcelona,Customer Service,L1,Customer Service L1,M,Permanent,Hybrid,1.0,40,4,24000,0,0,0,0
W03851,IT · Milan,IT,Milan,Operations,L1,Operations L1,M,Fixed-term,Onsite,1.0,40,4,26750,0,0,1320,0
W03852,IT · Milan,IT,Milan,Sales,L2,Sales L2,M,Permanent,Onsite,1.0,40,3,35150,0,5880,0,0
W03853,ES · Barcelona,ES,Barcelona,Customer Service,L3,Customer Service L3,F,Permanent,Hybrid,1.0,40,3,32050,1600,0,0,0
W03855,DE · Munich,DE,Munich,Customer Service,L6,Customer Service L6,M,Fixed-term,Hybrid,1.0,40,3,112000,23730,0,0,7200
W03857,PL · Kraków,PL,Krakow,Finance,L2,Finance L2,M,Permanent,Hybrid,1.0,40,3,30550,0,0,0,0
W03858,IT · Milan,IT,Milan,HR,L1,HR L1,M,Permanent,Hybrid,1.0,40,3,27600,0,0,0,0
W03859,PL · Kraków,PL,Krakow,Finance,L1,Finance L1,F,Permanent,Hybrid,1.0,40,3,25500,0,0,0,0
W03860,DE · Munich,DE,Munich,Customer Service,L3,Customer Service L3,F,Permanent,Onsite,1.0,40,3,49750,2560,0,1800,0
W03861,ES · Barcelona,ES,Barcelona,Customer Service,L2,Customer Service L2,F,Permanent,Onsite,0.8,32,3,18800,0,0,960,0
W03862,DE · Munich,DE,Munich,Customer Service,L1,Customer Service L1,F,Permanent,Hybrid,1.0,40,3,31500,0,0,0,0
W03863,DE · Munich,DE,Munich,Finance,L4,Finance L4,M,Permanent,Hybrid,1.0,40,3,86100,7010,0,0,0
W03864,IT · Milan,IT,Milan,Operations,L3,Operations L3,F,Fixed-term,Onsite,1.0,40,3,35650,2010,0,1320,0
W03865,DE · Munich,DE,Munich,Customer Service,L5,Customer Service L5,F,Permanent,Hybrid,0.8,32,4,72400,11140,0,0,7200
W03866,PL · Kraków,PL,Krakow,Customer Service,L4,Customer Service L4,M,Permanent,Hybrid,1.0,40,3,38700,3100,0,0,0
W03867,IT · Milan,IT,Milan,Operations,L3,Operations L3,M,Permanent,Onsite,1.0,40,2,41850,990,0,1320,0
W03868,DE · Munich,DE,Munich,Operations,L2,Operations L2,F,Permanent,Onsite,0.8,32,4,36840,0,0,1440,0
W03869,PL · Kraków,PL,Krakow,Sales,L3,Sales L3,M,Permanent,Hybrid,1.0,40,3,33800,1630,4250,0,0
W03870,IT · Milan,IT,Milan,Operations,L2,Operations L2,F,Fixed-term,Hybrid,1.0,40,5,23600,0,0,0,0
W03871,DE · Munich,DE,Munich,Tech,L1,Tech L1,F,Permanent,Hybrid,1.0,40,3,49250,0,0,0,0
W03872,DE · Munich,DE,Munich,HR,L1,HR L1,F,Permanent,Remote,1.0,40,3,41950,0,0,0,0
W03873,DE · Munich,DE,Munich,Operations,L5,Operations L5,F,Permanent,Remote,1.0,40,4,109950,16430,0,0,7200
W03874,IT · Milan,IT,Milan,Customer Service,L2,Customer Service L2,F,Permanent,Onsite,1.0,40,2,24650,0,0,1320,0
W03875,PL · Kraków,PL,Krakow,Operations,L2,Operations L2,F,Permanent,Hybrid,1.0,40,3,27650,0,0,0,0
W03876,ES · Barcelona,ES,Barcelona,Operations,L1,Operations L1,F,Permanent,Remote,0.8,32,4,20160,0,0,0,0
W03877,PL · Kraków,PL,Krakow,Operations,L1,Operations L1,M,Permanent,Hybrid,1.0,40,4,21450,0,0,0,0
W03878,PL · Kraków,PL,Krakow,Tech,L2,Tech L2,M,Fixed-term,Remote,0.8,32,4,25520,0,0,0,0
W03879,IT · Milan,IT,Milan,Operations,L4,Operations L4,M,Fixed-term,Hybrid,0.8,32,4,36440,3360,0,0,0
W03880,PL · Kraków,PL,Krakow,Operations,L1,Operations L1,F,Permanent,Hybrid,1.0,40,5,18950,0,0,0,0
W03881,IT · Milan,IT,Milan,Operations,L1,Operations L1,F,Fixed-term,Hybrid,1.0,40,3,23000,0,0,0,0
W03882,PL · Kraków,PL,Krakow,Operations,L1,Operations L1,F,Fixed-term,Hybrid,1.0,40,3,21450,0,0,0,0
W03883,IT · Milan,IT,Milan,Tech,L2,Tech L2,F,Permanent,Onsite,1.0,40,3,41950,0,0,0,0
W03884,IT · Milan,IT,Milan,Customer Service,L4,Customer Service L4,F,Permanent,Hybrid,1.0,40,3,41800,3760,0,0,0
W03885,PL · Kraków,PL,Krakow,HR,L4,HR L4,F,Permanent,Hybrid,1.0,40,4,47450,4770,0,0,0
W03886,PL · Kraków,PL,Krakow,Customer Service,L2,Customer Service L2,M,Permanent,Onsite,1.0,40,3,20100,0,0,840,0
W03887,PL · Kraków,PL,Krakow,Tech,L1,Tech L1,F,Permanent,Remote,1.0,40,3,22050,0,0,0,0
W03888,IT · Milan,IT,Milan,HR,L1,HR L1,F,Permanent,Onsite,1.0,40,2,24200,0,0,0,0
W03889,DE · Munich,DE,Munich,Finance,L2,Finance L2,F,Permanent,Onsite,1.0,40,3,54550,0,0,0,0
W03890,IT · Milan,IT,Milan,Customer Service,L1,Customer Service L1,M,Permanent,Onsite,1.0,40,5,21950,0,0,1320,0
W03891,DE · Munich,DE,Munich,Customer Service,L1,Customer Service L1,F,Fixed-term,Onsite,1.0,40,2,29700,0,0,1800,0
W03892,PL · Kraków,PL,Krakow,Tech,L1,Tech L1,M,Permanent,Hybrid,1.0,40,3,24600,0,0,0,0
W03894,ES · Barcelona,ES,Barcelona,Customer Service,L3,Customer Service L3,F,Fixed-term,Hybrid,1.0,40,3,34750,1770,0,0,0
W03895,PL · Kraków,PL,Krakow,Operations,L6,Operations L6,F,Permanent,Hybrid,1.0,40,3,68800,14490,0,0,4200
W03896,IT · Milan,IT,Milan,Finance,L3,Finance L3,F,Permanent,Onsite,1.0,40,3,44350,1950,0,0,0
W03897,IT · Milan,IT,Milan,Customer Service,L4,Customer Service L4,M,Permanent,Hybrid,1.0,40,2,51000,2060,0,0,0
W03898,IT · Milan,IT,Milan,Tech,L3,Tech L3,M,Permanent,Hybrid,1.0,40,4,55250,3380,0,0,0
W03899,DE · Munich,DE,Munich,Sales,L2,Sales L2,F,Permanent,Hybrid,1.0,40,3,49000,0,5700,0,0
W03900,DE · Munich,DE,Munich,Finance,L3,Finance L3,F,Permanent,Hybrid,0.8,32,3,54440,2500,0,0,0
W03901,PL · Kraków,PL,Krakow,Customer Service,L1,Customer Service L1,M,Permanent,Onsite,1.0,40,3,18450,0,0,840,0
W03902,IT · Milan,IT,Milan,Operations,L5,Operations L5,M,Permanent,Remote,1.0,40,3,48600,6100,0,0,6000
W03904,PL · Kraków,PL,Krakow,Tech,L3,Tech L3,F,Permanent,Onsite,1.0,40,3,38450,1840,0,0,0
W03905,PL · Kraków,PL,Krakow,Sales,L4,Sales L4,F,Permanent,Hybrid,1.0,40,3,44500,3460,7170,0,0
W03906,DE · Munich,DE,Munich,Finance,L2,Finance L2,M,Fixed-term,Hybrid,1.0,40,3,60550,0,0,0,0
W03907,ES · Barcelona,ES,Barcelona,Tech,L2,Tech L2,M,Permanent,Onsite,1.0,40,3,39000,0,0,0,0
W03909,IT · Milan,IT,Milan,Tech,L2,Tech L2,M,Permanent,Hybrid,1.0,40,3,48850,0,0,0,0
W03910,IT · Milan,IT,Milan,Sales,L1,Sales L1,M,Permanent,Hybrid,0.8,32,5,22680,0,3490,0,0
W03911,ES · Barcelona,ES,Barcelona,Operations,L4,Operations L4,F,Permanent,Hybrid,1.0,40,3,50350,4240,0,0,0
W03912,PL · Kraków,PL,Krakow,Tech,L2,Tech L2,M,Fixed-term,Hybrid,1.0,40,3,31850,0,0,0,0
W03913,IT · Milan,IT,Milan,Sales,L3,Sales L3,M,Permanent,Remote,1.0,40,3,47550,2270,8460,0,0
W03914,DE · Munich,DE,Munich,Tech,L1,Tech L1,M,Fixed-term,Remote,1.0,40,3,39850,0,0,0,0
W03915,PL · Kraków,PL,Krakow,Operations,L5,Operations L5,F,Permanent,Hybrid,1.0,40,4,61050,9400,0,0,4200
W03916,PL · Kraków,PL,Krakow,Tech,L3,Tech L3,M,Permanent,Remote,1.0,40,3,37700,1790,0,0,0
W03917,DE · Munich,DE,Munich,Operations,L3,Operations L3,F,Permanent,Hybrid,1.0,40,3,53650,2730,0,0,0
W03918,IT · Milan,IT,Milan,Finance,L1,Finance L1,M,Permanent,Hybrid,1.0,40,4,32300,0,0,0,0
W03919,IT · Milan,IT,Milan,Customer Service,L1,Customer Service L1,M,Fixed-term,Remote,1.0,40,3,18750,0,0,0,0
W03920,ES · Barcelona,ES,Barcelona,HR,L2,HR L2,F,Permanent,Hybrid,1.0,40,4,29450,0,0,0,0
W03921,PL · Kraków,PL,Krakow,Customer Service,L2,Customer Service L2,M,Permanent,Onsite,0.8,32,2,21440,0,0,672,0
W03923,DE · Munich,DE,Munich,Tech,L2,Tech L2,M,Permanent,Hybrid,1.0,40,3,57000,0,0,0,0
W03924,PL · Kraków,PL,Krakow,Operations,L1,Operations L1,M,Permanent,Hybrid,1.0,40,3,19450,0,0,0,0
W03925,DE · Munich,DE,Munich,Operations,L5,Operations L5,M,Permanent,Remote,1.0,40,4,92400,14010,0,0,7200
W03926,DE · Munich,DE,Munich,Operations,L4,Operations L4,F,Permanent,Remote,1.0,40,3,71450,5220,0,0,0
W03927,DE · Munich,DE,Munich,Customer Service,L2,Customer Service L2,M,Permanent,Onsite,1.0,40,4,46950,0,0,1800,0
W03928,PL · Kraków,PL,Krakow,Operations,L4,Operations L4,M,Fixed-term,Onsite,1.0,40,5,40850,5150,0,0,0
W03929,DE · Munich,DE,Munich,Customer Service,L2,Customer Service L2,F,Permanent,Hybrid,1.0,40,3,42650,0,0,0,0
W03930,IT · Milan,IT,Milan,Sales,L6,Sales L6,M,Fixed-term,Onsite,1.0,40,1,106250,0,12030,0,6000
W03931,PL · Kraków,PL,Krakow,Sales,L2,Sales L2,F,Fixed-term,Hybrid,1.0,40,4,28150,0,2770,0,0
W03932,DE · Munich,DE,Munich,Customer Service,L1,Customer Service L1,F,Fixed-term,Onsite,1.0,40,5,34200,0,0,1800,0
W03933,PL · Kraków,PL,Krakow,Finance,L1,Finance L1,F,Permanent,Hybrid,1.0,40,3,23250,0,0,0,0
W03934,DE · Munich,DE,Munich,Customer Service,L3,Customer Service L3,F,Permanent,Hybrid,1.0,40,1,50850,0,0,0,0
W03935,DE · Munich,DE,Munich,Operations,L1,Operations L1,M,Permanent,Hybrid,1.0,40,2,40150,0,0,0,0
W03936,ES · Barcelona,ES,Barcelona,Customer Service,L2,Customer Service L2,F,Permanent,Hybrid,1.0,40,4,27650,0,0,0,0
W03938,IT · Milan,IT,Milan,Operations,L5,Operations L5,F,Permanent,Onsite,0.8,32,3,61240,7460,0,0,6000
W03939,DE · Munich,DE,Munich,HR,L2,HR L2,M,Permanent,Hybrid,1.0,40,2,47450,0,0,0,0
W03940,DE · Munich,DE,Munich,Tech,L2,Tech L2,F,Permanent,Hybrid,0.8,32,3,46720,0,0,0,0
W03941,PL · Kraków,PL,Krakow,Customer Service,L3,Customer Service L3,F,Permanent,Hybrid,1.0,40,3,30350,1390,0,0,0
W03943,DE · Munich,DE,Munich,Customer Service,L3,Customer Service L3,F,Permanent,Remote,1.0,40,4,62550,4120,0,0,0
W03945,IT · Milan,IT,Milan,Operations,L1,Operations L1,M,Permanent,Remote,1.0,40,3,24350,0,0,0,0
W03946,DE · Munich,DE,Munich,Operations,L4,Operations L4,M,Permanent,Onsite,1.0,40,3,61700,4580,0,0,0
W03949,IT · Milan,IT,Milan,Sales,L3,Sales L3,F,Permanent,Remote,0.8,32,3,36640,2050,4950,0,0
W03950,ES · Barcelona,ES,Barcelona,Customer Service,L2,Customer Service L2,M,Fixed-term,Onsite,1.0,40,3,31700,0,0,1200,0
W03951,DE · Munich,DE,Munich,Customer Service,L4,Customer Service L4,M,Fixed-term,Onsite,1.0,40,3,54850,4460,0,0,0
W03952,DE · Munich,DE,Munich,Customer Service,L3,Customer Service L3,F,Fixed-term,Onsite,1.0,40,2,54000,1350,0,1800,0
W03953,IT · Milan,IT,Milan,Tech,L1,Tech L1,M,Permanent,Onsite,1.0,40,2,31000,0,0,0,0
W03955,IT · Milan,IT,Milan,Operations,L1,Operations L1,F,Fixed-term,Hybrid,1.0,40,3,23950,0,0,0,0
W03956,PL · Kraków,PL,Krakow,Customer Service,L4,Customer Service L4,M,Permanent,Onsite,0.8,32,3,31080,2760,0,0,0
W03957,IT · Milan,IT,Milan,Tech,L2,Tech L2,F,Permanent,Hybrid,1.0,40,3,39850,0,0,0,0
W03958,IT · Milan,IT,Milan,Customer Service,L2,Customer Service L2,F,Permanent,Onsite,1.0,40,3,29150,0,0,1320,0
W03959,PL · Kraków,PL,Krakow,Customer Service,L4,Customer Service L4,F,Permanent,Hybrid,1.0,40,4,39900,3940,0,0,0
W03960,IT · Milan,IT,Milan,Customer Service,L3,Customer Service L3,M,Permanent,Onsite,1.0,40,3,33900,1390,0,1320,0
W03961,PL · Kraków,PL,Krakow,Operations,L2,Operations L2,F,Permanent,Onsite,1.0,40,3,24100,0,0,840,0
W03962,PL · Kraków,PL,Krakow,Operations,L2,Operations L2,M,Permanent,Onsite,1.0,40,4,26650,0,0,840,0
W03963,PL · Kraków,PL,Krakow,Customer Service,L1,Customer Service L1,F,Permanent,Hybrid,1.0,40,3,20100,0,0,0,0
W03964,PL · Kraków,PL,Krakow,Customer Service,L4,Customer Service L4,F,Permanent,Remote,1.0,40,3,48850,4280,0,0,0
W03965,DE · Munich,DE,Munich,Sales,L3,Sales L3,M,Fixed-term,Hybrid,1.0,40,3,58400,2860,10060,0,0
W03966,DE · Munich,DE,Munich,HR,L4,HR L4,M,Permanent,Onsite,1.0,40,3,86850,6450,0,0,0
W03968,ES · Barcelona,ES,Barcelona,HR,L1,HR L1,F,Permanent,Hybrid,1.0,40,3,24700,0,0,0,0
W03969,ES · Barcelona,ES,Barcelona,Tech,L5,Tech L5,M,Permanent,Hybrid,1.0,40,1,92300,0,0,0,5400
W03971,PL · Kraków,PL,Krakow,Sales,L2,Sales L2,F,Permanent,Hybrid,1.0,40,3,25050,0,3430,0,0
W03972,DE · Munich,DE,Munich,Sales,L2,Sales L2,F,Permanent,Onsite,1.0,40,3,46200,0,7370,0,0
W03974,DE · Munich,DE,Munich,HR,L3,HR L3,F,Permanent,Onsite,1.0,40,3,64250,3390,0,0,0
W03975,IT · Milan,IT,Milan,Customer Service,L2,Customer Service L2,M,Permanent,Hybrid,1.0,40,3,28100,0,0,0,0
W03976,PL · Kraków,PL,Krakow,Operations,L3,Operations L3,F,Permanent,Hybrid,1.0,40,4,32000,1970,0,0,0
W03977,IT · Milan,IT,Milan,Operations,L5,Operations L5,M,Permanent,Remote,1.0,40,2,77000,4790,0,0,6000
W03978,IT · Milan,IT,Milan,Sales,L1,Sales L1,M,Fixed-term,Remote,1.0,40,3,27100,0,4440,0,0
W03979,DE · Munich,DE,Munich,HR,L2,HR L2,M,Permanent,Onsite,1.0,40,4,40800,0,0,0,0
W03981,ES · Barcelona,ES,Barcelona,Operations,L1,Operations L1,F,Permanent,Onsite,1.0,40,3,22950,0,0,1200,0
W03982,DE · Munich,DE,Munich,Operations,L1,Operations L1,F,Permanent,Remote,1.0,40,3,36850,0,0,0,0
W03983,PL · Kraków,PL,Krakow,Tech,L3,Tech L3,M,Permanent,Hybrid,1.0,40,3,49550,2310,0,0,0
W03984,DE · Munich,DE,Munich,Sales,L4,Sales L4,F,Fixed-term,Hybrid,1.0,40,3,67800,4980,8140,0,0
W03985,PL · Kraków,PL,Krakow,Finance,L2,Finance L2,F,Permanent,Hybrid,1.0,40,3,30400,0,0,0,0
W03986,PL · Kraków,PL,Krakow,Customer Service,L2,Customer Service L2,F,Permanent,Onsite,1.0,40,1,23100,0,0,840,0
W03987,DE · Munich,DE,Munich,Finance,L1,Finance L1,M,Permanent,Hybrid,1.0,40,2,41450,0,0,0,0
W03988,ES · Barcelona,ES,Barcelona,Finance,L2,Finance L2,M,Permanent,Remote,1.0,40,3,39100,0,0,0,0
W03989,DE · Munich,DE,Munich,Customer Service,L3,Customer Service L3,M,Permanent,Hybrid,1.0,40,4,43800,2950,0,0,0
W03990,PL · Kraków,PL,Krakow,Tech,L2,Tech L2,F,Permanent,Hybrid,1.0,40,3,36800,0,0,0,0
W03991,ES · Barcelona,ES,Barcelona,Tech,L2,Tech L2,F,Permanent,Hybrid,1.0,40,4,33550,0,0,0,0
W03992,PL · Kraków,PL,Krakow,Tech,L5,Tech L5,F,Permanent,Hybrid,1.0,40,3,84250,9740,0,0,4200
W03993,PL · Kraków,PL,Krakow,Sales,L2,Sales L2,F,Permanent,Hybrid,1.0,40,4,28350,0,2860,0,0
W03994,PL · Kraków,PL,Krakow,Operations,L5,Operations L5,F,Permanent,Onsite,1.0,40,3,61050,6680,0,0,4200
W03995,PL · Kraków,PL,Krakow,Sales,L1,Sales L1,M,Permanent,Hybrid,1.0,40,4,18200,0,1700,0,0
W03997,DE · Munich,DE,Munich,Customer Service,L2,Customer Service L2,F,Permanent,Onsite,1.0,40,3,39900,0,0,1800,0
W03999,PL · Kraków,PL,Krakow,Customer Service,L1,Customer Service L1,F,Permanent,Hybrid,1.0,40,3,17200,0,0,0,0
